{"type":"FeatureCollection","features":[{"type":"Feature","properties":{"name":"India external land boundary (Survey of India depiction)","source":"© OpenStreetMap contributors, ODbL"},"geometry":{"type":"MultiLineString","coordinates":[[[89.06953,22.19869],[89.05699,22.21161],[89.05388,22.21351],[89.04449,22.22211],[89.03962,22.2282],[89.03736,22.23369],[89.03554,22.24838],[89.03315,22.25851],[89.03157,22.25982],[89.0296,22.25999],[89.01859,22.25392],[89.01658,22.25333],[89.01512,22.2538],[89.01323,22.25604],[89.01317,22.25739],[89.01919,22.26587],[89.01941,22.26848],[89.0187,22.26994],[89.00232,22.28001],[88.99598,22.28575],[88.99512,22.29341],[88.99615,22.29516],[88.9988,22.29661],[89.00514,22.29782],[89.00866,22.2977],[89.02109,22.2939],[89.02326,22.29412],[89.02437,22.29582],[89.02405,22.29871],[89.01515,22.30784],[89.01162,22.31362],[89.00015,22.32377],[88.99733,22.32441],[88.98961,22.32224],[88.98576,22.32466],[88.98477,22.32619],[88.98527,22.33379],[88.9888,22.34864],[88.98655,22.35544],[88.98652,22.35855],[88.98951,22.36442],[88.98862,22.36688],[88.98369,22.37256],[88.98329,22.37473],[88.98507,22.37931],[88.99148,22.3875],[88.99207,22.39115],[88.99079,22.39273],[88.98323,22.39775],[88.97422,22.4057],[88.97274,22.40728],[88.97234,22.41128],[88.97471,22.41305],[88.98236,22.41636],[88.98675,22.42159],[88.99064,22.42494],[88.99888,22.4282],[89.00009,22.42958],[89.00006,22.43202],[88.99393,22.43816],[88.98983,22.4449],[88.9903,22.44785],[88.99489,22.4564],[88.9962,22.46941],[88.99401,22.47298],[88.98739,22.47745],[88.98221,22.4826],[88.97639,22.4943],[88.97389,22.50078],[88.97248,22.51741],[88.96566,22.5393],[88.96144,22.54899],[88.95867,22.55212],[88.95291,22.55323],[88.94594,22.55571],[88.94266,22.55792],[88.94153,22.56028],[88.94091,22.56336],[88.94107,22.57367],[88.93874,22.58343],[88.93856,22.59011],[88.94159,22.59482],[88.95727,22.60802],[88.95963,22.61197],[88.96001,22.61665],[88.95784,22.61956],[88.95507,22.62065],[88.9449,22.61811],[88.93793,22.61807],[88.93454,22.619],[88.93367,22.62059],[88.93295,22.63116],[88.931,22.64286],[88.92803,22.64783],[88.92685,22.65207],[88.92932,22.65383],[88.93091,22.65195],[88.93244,22.65213],[88.93341,22.65435],[88.93582,22.65536],[88.9363,22.65926],[88.93927,22.66024],[88.94168,22.65943],[88.94272,22.66019],[88.94305,22.66191],[88.94499,22.6626],[88.94631,22.66905],[88.94831,22.6743],[88.94827,22.67789],[88.94967,22.68024],[88.9519,22.68128],[88.95514,22.68503],[88.96229,22.68525],[88.96063,22.68744],[88.96213,22.69416],[88.96029,22.69789],[88.95765,22.70016],[88.95553,22.70413],[88.95074,22.70659],[88.94791,22.70518],[88.94618,22.70775],[88.94361,22.70852],[88.94158,22.71035],[88.92743,22.71855],[88.92529,22.72697],[88.91833,22.73053],[88.91604,22.73391],[88.9154,22.73651],[88.91705,22.74198],[88.91685,22.74404],[88.91827,22.74744],[88.92115,22.749],[88.92094,22.75224],[88.92004,22.75356],[88.91745,22.75491],[88.91628,22.75508],[88.91495,22.75378],[88.91241,22.75523],[88.91174,22.7577],[88.91441,22.76079],[88.91636,22.76686],[88.91822,22.7697],[88.91942,22.7702],[88.92603,22.76922],[88.92664,22.76971],[88.92744,22.77417],[88.92598,22.77994],[88.92513,22.78001],[88.93054,22.78091],[88.92981,22.78329],[88.93693,22.78243],[88.9364,22.78805],[88.93719,22.7915],[88.93911,22.79219],[88.93901,22.79276],[88.94293,22.79087],[88.94482,22.79253],[88.94576,22.79249],[88.94599,22.79385],[88.95002,22.79764],[88.95915,22.79683],[88.95997,22.79838],[88.95912,22.80002],[88.95925,22.80579],[88.96074,22.80867],[88.95938,22.80963],[88.95643,22.80897],[88.95666,22.81235],[88.96042,22.81492],[88.963,22.81882],[88.96394,22.82853],[88.96767,22.83896],[88.96852,22.84497],[88.96374,22.85206],[88.95815,22.85701],[88.95879,22.85997],[88.95729,22.86279],[88.95525,22.86411],[88.95311,22.86426],[88.95375,22.86626],[88.95329,22.86849],[88.95155,22.87192],[88.94976,22.87277],[88.94965,22.877],[88.94771,22.87796],[88.94528,22.88081],[88.94264,22.88021],[88.94027,22.87482],[88.93398,22.87476],[88.92977,22.8731],[88.92798,22.8732],[88.92794,22.87516],[88.92503,22.87615],[88.92345,22.88058],[88.92093,22.87958],[88.91894,22.87703],[88.91835,22.87865],[88.91622,22.88008],[88.91457,22.88001],[88.91331,22.87892],[88.91069,22.87985],[88.91092,22.8812],[88.91374,22.88134],[88.91324,22.882],[88.91015,22.88217],[88.91005,22.88533],[88.90766,22.88553],[88.90667,22.88636],[88.90928,22.88732],[88.90875,22.88795],[88.9071,22.88795],[88.9063,22.88921],[88.90779,22.89309],[88.90892,22.89375],[88.90637,22.89415],[88.90551,22.89624],[88.90365,22.89547],[88.8985,22.89842],[88.90089,22.90241],[88.90128,22.9066],[88.89608,22.9112],[88.89539,22.91309],[88.89612,22.91462],[88.90541,22.91456],[88.90768,22.91683],[88.90816,22.91968],[88.90687,22.92138],[88.90369,22.92322],[88.89058,22.92763],[88.88709,22.93361],[88.88748,22.93494],[88.89268,22.938],[88.89255,22.94605],[88.89441,22.95151],[88.89397,22.95241],[88.87934,22.95426],[88.87825,22.95324],[88.87752,22.95012],[88.87499,22.94823],[88.87009,22.95125],[88.86864,22.95126],[88.86273,22.94638],[88.86062,22.94228],[88.85952,22.94269],[88.85528,22.95656],[88.85513,22.96167],[88.85594,22.96566],[88.85883,22.97168],[88.86614,22.97455],[88.86983,22.97687],[88.87114,22.97852],[88.86719,22.98194],[88.86462,22.98775],[88.86382,22.99405],[88.86552,22.99948],[88.86532,23.0009],[88.86075,23.0029],[88.85185,23.00199],[88.8461,23.00703],[88.8449,23.00924],[88.84528,23.01097],[88.84673,23.01117],[88.85072,23.00849],[88.85451,23.00701],[88.86783,23.00608],[88.87699,23.0032],[88.87895,23.00439],[88.87997,23.00693],[88.88011,23.00872],[88.87919,23.00992],[88.87433,23.01028],[88.87463,23.01424],[88.87212,23.01695],[88.87252,23.01902],[88.87509,23.0223],[88.87707,23.02271],[88.87754,23.0261],[88.87845,23.02595],[88.87818,23.02484],[88.87919,23.02467],[88.87896,23.02597],[88.88016,23.02501],[88.8807,23.02595],[88.88003,23.02674],[88.88087,23.02997],[88.87972,23.03219],[88.88066,23.03195],[88.88111,23.03385],[88.88165,23.0337],[88.88206,23.03665],[88.8831,23.03724],[88.88415,23.03671],[88.88408,23.04035],[88.88036,23.04083],[88.87473,23.04444],[88.87501,23.04701],[88.87421,23.04764],[88.87524,23.05084],[88.87453,23.05089],[88.87445,23.05192],[88.87488,23.05583],[88.87422,23.05595],[88.87456,23.05715],[88.87377,23.05717],[88.875,23.06169],[88.87363,23.06202],[88.87399,23.06586],[88.86975,23.06762],[88.86676,23.07165],[88.86698,23.07337],[88.86808,23.07175],[88.86786,23.07357],[88.86295,23.07626],[88.86325,23.07696],[88.86091,23.07745],[88.86115,23.07797],[88.86507,23.07759],[88.86503,23.07919],[88.86347,23.07924],[88.86342,23.07998],[88.86461,23.08001],[88.86469,23.08098],[88.86598,23.08077],[88.86595,23.08384],[88.86692,23.08625],[88.87013,23.08601],[88.87018,23.08745],[88.87216,23.08723],[88.87101,23.08931],[88.87351,23.08934],[88.8743,23.09005],[88.8738,23.09198],[88.87472,23.09238],[88.87374,23.09238],[88.8733,23.09591],[88.87205,23.09605],[88.87203,23.09759],[88.86904,23.09745],[88.86973,23.09849],[88.86915,23.09849],[88.86923,23.09997],[88.86835,23.09989],[88.86842,23.1011],[88.86986,23.10063],[88.86994,23.10152],[88.87147,23.10155],[88.87149,23.10242],[88.87507,23.10245],[88.87522,23.10319],[88.87437,23.10356],[88.87643,23.10472],[88.87778,23.10406],[88.87778,23.1034],[88.87854,23.1034],[88.87904,23.1053],[88.88002,23.10522],[88.88068,23.10422],[88.8835,23.1045],[88.88128,23.10901],[88.88155,23.11035],[88.88279,23.11114],[88.89103,23.1078],[88.893,23.1084],[88.89762,23.11203],[88.89971,23.11133],[88.90182,23.1176],[88.90248,23.11743],[88.9031,23.11919],[88.90396,23.11881],[88.90547,23.12206],[88.90588,23.12516],[88.91013,23.12754],[88.91026,23.12987],[88.91765,23.12927],[88.91777,23.13121],[88.91874,23.13113],[88.91866,23.13373],[88.9197,23.13534],[88.91966,23.13671],[88.91866,23.13687],[88.91954,23.14098],[88.92257,23.1436],[88.92308,23.14554],[88.92757,23.14355],[88.93036,23.14319],[88.93122,23.14522],[88.93061,23.1453],[88.93069,23.14641],[88.93159,23.14541],[88.93205,23.14742],[88.93221,23.15427],[88.93163,23.15448],[88.93163,23.15649],[88.93079,23.15659],[88.93081,23.15773],[88.93005,23.15783],[88.93073,23.16017],[88.92941,23.16096],[88.92754,23.16067],[88.9278,23.16355],[88.93117,23.1627],[88.93117,23.16209],[88.93375,23.16194],[88.9337,23.16473],[88.93263,23.16554],[88.93339,23.16861],[88.93484,23.17058],[88.93481,23.17248],[88.93832,23.17351],[88.93779,23.17407],[88.93866,23.17688],[88.94386,23.17638],[88.94334,23.17809],[88.94468,23.17815],[88.94582,23.18079],[88.95044,23.18108],[88.95052,23.18229],[88.95573,23.18205],[88.95628,23.18329],[88.95705,23.18329],[88.95692,23.18488],[88.95821,23.1858],[88.9576,23.18651],[88.95789,23.18973],[88.95855,23.18973],[88.95858,23.1905],[88.96016,23.19058],[88.96037,23.19132],[88.96178,23.19142],[88.96208,23.19315],[88.96601,23.19367],[88.97428,23.19285],[88.97502,23.19227],[88.97446,23.19158],[88.97549,23.18819],[88.97568,23.18682],[88.97491,23.18684],[88.97593,23.18192],[88.97705,23.18246],[88.97713,23.18382],[88.97826,23.18273],[88.97995,23.18257],[88.9799,23.18352],[88.97832,23.18424],[88.97858,23.18665],[88.9794,23.18699],[88.97798,23.18699],[88.97785,23.1876],[88.97803,23.18849],[88.97943,23.18923],[88.97901,23.19066],[88.98093,23.19245],[88.97985,23.19362],[88.98212,23.19494],[88.98138,23.1956],[88.98347,23.19919],[88.98476,23.19926],[88.98484,23.20035],[88.98389,23.20061],[88.98452,23.20222],[88.98579,23.20291],[88.98666,23.20198],[88.98743,23.20293],[88.98598,23.20497],[88.98727,23.20588],[88.98621,23.20817],[88.98387,23.20953],[88.98068,23.20992],[88.97989,23.21237],[88.98244,23.21479],[88.98473,23.21566],[88.98727,23.21522],[88.98972,23.21305],[88.99182,23.21248],[88.99462,23.21043],[88.99541,23.21048],[88.99589,23.21302],[88.99454,23.21517],[88.98974,23.21579],[88.98809,23.21669],[88.98453,23.22124],[88.98263,23.22161],[88.9796,23.216],[88.97915,23.2163],[88.98117,23.22219],[88.97712,23.22441],[88.97519,23.22425],[88.97435,23.2222],[88.97876,23.21601],[88.97838,23.21501],[88.97577,23.21768],[88.97308,23.22255],[88.97043,23.22283],[88.96911,23.22045],[88.96787,23.22056],[88.96789,23.21974],[88.96647,23.21984],[88.96578,23.21865],[88.96441,23.21831],[88.96375,23.21496],[88.95903,23.21413],[88.95908,23.21343],[88.9556,23.21251],[88.9557,23.21187],[88.95248,23.21064],[88.95227,23.21108],[88.94662,23.20668],[88.94286,23.207],[88.94257,23.20629],[88.92916,23.2118],[88.92951,23.21451],[88.92857,23.21495],[88.92976,23.21571],[88.92653,23.21696],[88.92647,23.21799],[88.92527,23.21797],[88.92473,23.21585],[88.92226,23.21623],[88.92269,23.2185],[88.91662,23.21995],[88.9165,23.21893],[88.92114,23.21808],[88.92105,23.21646],[88.91734,23.21271],[88.91718,23.21345],[88.9162,23.21337],[88.91608,23.2126],[88.91418,23.21394],[88.91378,23.21528],[88.91563,23.2175],[88.91652,23.22293],[88.9148,23.22372],[88.91518,23.2289],[88.9137,23.23144],[88.91198,23.2316],[88.91195,23.23395],[88.90674,23.23602],[88.906,23.23529],[88.90549,23.23593],[88.90392,23.23576],[88.90206,23.23325],[88.89985,23.23329],[88.89985,23.23242],[88.89902,23.23202],[88.89506,23.23229],[88.89489,23.23118],[88.89202,23.23254],[88.8918,23.23184],[88.89063,23.23197],[88.89058,23.23102],[88.8867,23.2316],[88.88687,23.22669],[88.886,23.22612],[88.8856,23.22979],[88.88321,23.22961],[88.87686,23.23249],[88.87539,23.23243],[88.8747,23.23426],[88.87317,23.23394],[88.87309,23.23449],[88.86607,23.23341],[88.86147,23.23446],[88.86087,23.23236],[88.85979,23.23241],[88.85987,23.2341],[88.85901,23.23514],[88.85625,23.23476],[88.85614,23.23621],[88.85368,23.23642],[88.8536,23.23454],[88.85101,23.23432],[88.85123,23.23187],[88.84985,23.23126],[88.8498,23.23054],[88.84448,23.23064],[88.84493,23.23352],[88.84058,23.23652],[88.83746,23.24358],[88.83659,23.24382],[88.83255,23.23907],[88.82586,23.23421],[88.82413,23.23388],[88.82302,23.23554],[88.82359,23.23842],[88.82775,23.24238],[88.82904,23.24467],[88.81385,23.25234],[88.81165,23.25661],[88.81084,23.25661],[88.81088,23.25523],[88.80934,23.25507],[88.80917,23.24885],[88.81026,23.24849],[88.80815,23.24566],[88.80903,23.245],[88.80754,23.24368],[88.80586,23.23759],[88.80664,23.23574],[88.80645,23.23171],[88.80917,23.22863],[88.80864,23.22493],[88.81145,23.22157],[88.80935,23.22005],[88.80546,23.21878],[88.79781,23.21917],[88.79749,23.21993],[88.79533,23.22028],[88.79144,23.21987],[88.79101,23.21865],[88.78981,23.21852],[88.78924,23.21997],[88.78978,23.22014],[88.78825,23.22039],[88.78741,23.22274],[88.78685,23.22277],[88.78691,23.22182],[88.78542,23.22188],[88.78312,23.2233],[88.78309,23.22199],[88.78222,23.22199],[88.78221,23.22118],[88.77877,23.22083],[88.77773,23.22384],[88.77434,23.22454],[88.77447,23.22893],[88.77291,23.22905],[88.77321,23.23141],[88.77615,23.23116],[88.77618,23.23191],[88.7754,23.23194],[88.77517,23.23485],[88.77728,23.23482],[88.77772,23.23648],[88.7761,23.23667],[88.77541,23.23894],[88.7732,23.23889],[88.77308,23.23951],[88.77429,23.23959],[88.77415,23.24147],[88.77115,23.2418],[88.7709,23.24354],[88.76944,23.24435],[88.76936,23.24522],[88.76768,23.24581],[88.75956,23.24587],[88.75888,23.24214],[88.75529,23.24138],[88.74667,23.24306],[88.73389,23.24333],[88.72889,23.24528],[88.72472,23.24806],[88.72111,23.25167],[88.71875,23.25595],[88.7244,23.27191],[88.72279,23.27363],[88.71697,23.27414],[88.71458,23.27526],[88.71111,23.27859],[88.71192,23.28493],[88.70982,23.28928],[88.705,23.29194],[88.69843,23.29139],[88.69752,23.29187],[88.69621,23.30224],[88.69857,23.30469],[88.70486,23.30858],[88.70865,23.3128],[88.71059,23.31304],[88.71266,23.31207],[88.71281,23.31089],[88.70921,23.3099],[88.70743,23.30864],[88.70606,23.30492],[88.70681,23.30377],[88.70917,23.30398],[88.71127,23.30577],[88.71504,23.30576],[88.71988,23.30349],[88.71874,23.29877],[88.71923,23.29778],[88.72174,23.29755],[88.72553,23.29863],[88.72741,23.30135],[88.72676,23.30669],[88.72714,23.3135],[88.7262,23.31639],[88.72486,23.31781],[88.726,23.31875],[88.73046,23.31977],[88.73168,23.31869],[88.72863,23.31266],[88.72988,23.30983],[88.73156,23.30818],[88.7365,23.30536],[88.73893,23.30484],[88.74226,23.30547],[88.74531,23.30762],[88.74582,23.31426],[88.74984,23.32115],[88.74571,23.32428],[88.74401,23.32788],[88.73287,23.32783],[88.73494,23.33372],[88.73472,23.34111],[88.73917,23.35028],[88.74157,23.35233],[88.74253,23.35697],[88.7469,23.3637],[88.751,23.36411],[88.75583,23.36215],[88.75879,23.36212],[88.76317,23.36753],[88.76271,23.37065],[88.757,23.37267],[88.75652,23.37392],[88.75766,23.37598],[88.75717,23.37921],[88.75779,23.38385],[88.75124,23.38849],[88.75036,23.39417],[88.74635,23.3964],[88.74792,23.40152],[88.75146,23.4039],[88.75782,23.40637],[88.75912,23.40785],[88.7598,23.41019],[88.75687,23.41287],[88.75466,23.41375],[88.75381,23.41495],[88.75386,23.41708],[88.75714,23.42481],[88.75949,23.42757],[88.76327,23.44165],[88.763,23.44644],[88.76475,23.44907],[88.77022,23.45018],[88.77285,23.44889],[88.77638,23.44416],[88.78194,23.44167],[88.78879,23.44711],[88.79044,23.45556],[88.79,23.46028],[88.79139,23.46528],[88.78761,23.46711],[88.79101,23.47977],[88.79073,23.48423],[88.79444,23.48722],[88.79944,23.49641],[88.79921,23.49885],[88.79653,23.50082],[88.79308,23.50195],[88.79111,23.50141],[88.78632,23.50322],[88.78437,23.50311],[88.78182,23.50159],[88.77116,23.49832],[88.77019,23.49721],[88.76969,23.49334],[88.76771,23.48853],[88.76842,23.48741],[88.77158,23.48622],[88.77374,23.48419],[88.77511,23.48138],[88.77403,23.47992],[88.76912,23.48055],[88.76675,23.48204],[88.76313,23.48983],[88.76154,23.49085],[88.75782,23.48962],[88.75594,23.48686],[88.75656,23.48518],[88.7613,23.48045],[88.76162,23.47964],[88.76081,23.47867],[88.75832,23.4782],[88.75391,23.47918],[88.74627,23.48371],[88.74515,23.4834],[88.74453,23.48146],[88.74387,23.48184],[88.74299,23.48082],[88.74213,23.4816],[88.74394,23.48498],[88.74212,23.48769],[88.73113,23.49695],[88.72947,23.49686],[88.73069,23.4989],[88.73052,23.50271],[88.72436,23.51241],[88.72305,23.5129],[88.71824,23.51157],[88.71572,23.50873],[88.71447,23.50862],[88.71223,23.50971],[88.7063,23.51677],[88.70353,23.51699],[88.70005,23.51544],[88.69662,23.51686],[88.69278,23.51944],[88.68556,23.52667],[88.68139,23.52944],[88.67389,23.53667],[88.66972,23.53972],[88.66548,23.54457],[88.65769,23.54799],[88.65766,23.55217],[88.65262,23.55464],[88.65156,23.55585],[88.65216,23.56267],[88.65013,23.56725],[88.65108,23.56867],[88.64909,23.57626],[88.64628,23.5826],[88.64723,23.58461],[88.64529,23.58614],[88.63863,23.58884],[88.63719,23.59068],[88.63672,23.59854],[88.63994,23.60201],[88.64205,23.60607],[88.64107,23.60759],[88.63926,23.60754],[88.637,23.60516],[88.63364,23.60704],[88.63029,23.60715],[88.62048,23.60087],[88.60914,23.59921],[88.60381,23.59891],[88.6034,23.6041],[88.60056,23.60516],[88.59911,23.60102],[88.59463,23.60026],[88.58131,23.60105],[88.57768,23.60268],[88.5771,23.60484],[88.5789,23.60654],[88.57976,23.61039],[88.58473,23.61782],[88.58891,23.61749],[88.59046,23.61847],[88.59111,23.63839],[88.59037,23.6391],[88.58688,23.63775],[88.57946,23.63714],[88.57158,23.6345],[88.56188,23.63519],[88.56042,23.6363],[88.56123,23.64423],[88.5558,23.64949],[88.56215,23.65919],[88.56524,23.65898],[88.5678,23.66179],[88.56719,23.66656],[88.57051,23.6694],[88.56975,23.68391],[88.56656,23.6848],[88.5644,23.69804],[88.55926,23.71183],[88.56497,23.71566],[88.56745,23.72835],[88.57013,23.73148],[88.57006,23.73952],[88.56866,23.74898],[88.57173,23.75137],[88.57869,23.76203],[88.57668,23.7732],[88.5707,23.77381],[88.56076,23.77754],[88.55432,23.78376],[88.55424,23.785],[88.55534,23.78633],[88.56193,23.78829],[88.56466,23.78658],[88.57224,23.78511],[88.57794,23.7892],[88.57975,23.79135],[88.57997,23.79801],[88.58252,23.79926],[88.58754,23.7986],[88.58994,23.79942],[88.5901,23.80696],[88.584,23.81111],[88.58328,23.81245],[88.58441,23.8148],[88.58902,23.81558],[88.59233,23.81353],[88.596,23.81247],[88.60035,23.81667],[88.60019,23.81879],[88.59882,23.82092],[88.58684,23.82728],[88.58486,23.83196],[88.58627,23.84711],[88.58891,23.85242],[88.58554,23.85378],[88.58397,23.85359],[88.57988,23.84914],[88.57764,23.84891],[88.57489,23.8532],[88.57458,23.86317],[88.58058,23.8642],[88.581,23.86831],[88.5844,23.87207],[88.58687,23.87297],[88.59655,23.87085],[88.59876,23.87224],[88.60669,23.86524],[88.60787,23.8661],[88.60753,23.87463],[88.61066,23.87702],[88.61858,23.87803],[88.61926,23.87915],[88.62506,23.8768],[88.62694,23.87393],[88.62598,23.86709],[88.6276,23.86683],[88.63062,23.86807],[88.63623,23.87286],[88.64556,23.87083],[88.65056,23.86861],[88.65611,23.8675],[88.66222,23.86694],[88.66972,23.86806],[88.67472,23.87083],[88.67778,23.87472],[88.68444,23.88806],[88.6875,23.89194],[88.69972,23.90222],[88.71417,23.91056],[88.7275,23.91361],[88.73306,23.91583],[88.73697,23.91916],[88.73889,23.93],[88.73744,23.94779],[88.73026,23.96126],[88.73413,23.96679],[88.73475,23.96946],[88.73503,23.97224],[88.73385,23.9791],[88.73597,23.98222],[88.74049,23.98587],[88.73028,23.99],[88.72611,23.99278],[88.72306,23.99722],[88.72278,24.00222],[88.72694,24.00556],[88.73115,24.0147],[88.7357,24.01913],[88.74718,24.02435],[88.74705,24.03161],[88.74552,24.03264],[88.74002,24.03329],[88.73018,24.03656],[88.72245,24.04239],[88.72265,24.04886],[88.72722,24.05361],[88.72583,24.06028],[88.72222,24.06417],[88.705,24.07556],[88.70139,24.07917],[88.69889,24.08444],[88.69861,24.09056],[88.70083,24.095],[88.705,24.09833],[88.70806,24.1025],[88.70667,24.11472],[88.70778,24.12611],[88.7075,24.13222],[88.70139,24.14111],[88.69972,24.14722],[88.70028,24.15278],[88.70694,24.16639],[88.70833,24.17139],[88.71306,24.18028],[88.71694,24.18389],[88.72444,24.18472],[88.73056,24.18444],[88.74389,24.1875],[88.74528,24.19278],[88.74544,24.20678],[88.74389,24.20556],[88.7425,24.2125],[88.74306,24.21806],[88.74083,24.23167],[88.74056,24.23778],[88.73944,24.24472],[88.7375,24.25083],[88.73278,24.26111],[88.72167,24.28056],[88.70639,24.30278],[88.70222,24.30556],[88.69111,24.31667],[88.68611,24.31861],[88.67944,24.31833],[88.67444,24.31556],[88.66833,24.30778],[88.66417,24.30444],[88.66111,24.30028],[88.65222,24.29417],[88.64583,24.29472],[88.64028,24.29611],[88.63056,24.30028],[88.62,24.30361],[88.61389,24.30417],[88.59944,24.31111],[88.59333,24.31167],[88.58222,24.31417],[88.57722,24.31639],[88.57167,24.31417],[88.5675,24.31083],[88.55472,24.30944],[88.54917,24.31083],[88.525,24.31361],[88.52,24.31583],[88.50833,24.3175],[88.50333,24.31972],[88.49778,24.32083],[88.48611,24.33111],[88.4775,24.33667],[88.46639,24.34778],[88.46194,24.35056],[88.45639,24.35194],[88.44639,24.35611],[88.43417,24.36528],[88.42417,24.36944],[88.42,24.37222],[88.4125,24.37972],[88.40806,24.3825],[88.40444,24.38611],[88.39944,24.38806],[88.39083,24.39389],[88.38722,24.3975],[88.38222,24.39972],[88.37361,24.40528],[88.36556,24.41194],[88.34139,24.42306],[88.32389,24.43444],[88.31278,24.43694],[88.30778,24.43889],[88.29917,24.44472],[88.28444,24.45083],[88.28,24.45389],[88.27,24.45778],[88.26583,24.46083],[88.26083,24.46278],[88.25528,24.46417],[88.24278,24.465],[88.22611,24.46889],[88.22167,24.47167],[88.21167,24.47583],[88.20306,24.48167],[88.19306,24.48556],[88.18889,24.48861],[88.17833,24.49194],[88.17389,24.49472],[88.17028,24.49833],[88.15972,24.50167],[88.14667,24.50194],[88.14083,24.50306],[88.13528,24.50444],[88.12556,24.50861],[88.11417,24.51944],[88.11111,24.52389],[88.10722,24.54194],[88.10722,24.55389],[88.10861,24.55917],[88.10639,24.57278],[88.09722,24.60278],[88.09472,24.60778],[88.08222,24.62556],[88.07861,24.62917],[88.07556,24.63361],[88.05257,24.64294],[88.0349,24.64644],[88.02442,24.65192],[88.00792,24.66782],[88.04364,24.70634],[88.04948,24.712],[88.05773,24.71837],[88.06279,24.72532],[88.06486,24.73193],[88.06599,24.7394],[88.06841,24.73893],[88.07091,24.74372],[88.0677,24.74711],[88.0659,24.74765],[88.06413,24.75065],[88.06451,24.75283],[88.06733,24.75447],[88.07153,24.76014],[88.06739,24.76355],[88.06912,24.76718],[88.06697,24.76851],[88.06765,24.77071],[88.07222,24.77457],[88.07542,24.7716],[88.07801,24.77118],[88.08896,24.78429],[88.09498,24.78171],[88.10366,24.78109],[88.1053,24.78596],[88.10452,24.79523],[88.10518,24.80025],[88.10902,24.81251],[88.11552,24.81912],[88.12306,24.82462],[88.12476,24.824],[88.12636,24.81942],[88.13141,24.81889],[88.13212,24.81937],[88.13208,24.82869],[88.13004,24.83677],[88.13396,24.83773],[88.13582,24.83539],[88.13816,24.83573],[88.13802,24.83804],[88.14025,24.84451],[88.14299,24.84473],[88.14264,24.85073],[88.14527,24.85408],[88.15013,24.85474],[88.15156,24.85444],[88.15227,24.85347],[88.15889,24.85388],[88.16064,24.85112],[88.16226,24.85137],[88.15936,24.85729],[88.16132,24.85954],[88.16362,24.85981],[88.1649,24.86174],[88.15764,24.87125],[88.15734,24.87265],[88.15874,24.87555],[88.16111,24.8775],[88.15931,24.87932],[88.15465,24.88011],[88.15085,24.8848],[88.15621,24.89366],[88.15993,24.89353],[88.16021,24.89663],[88.1538,24.89795],[88.15194,24.89947],[88.15389,24.90259],[88.15225,24.90441],[88.15208,24.90628],[88.14739,24.91038],[88.14134,24.91371],[88.13528,24.91833],[88.13778,24.92139],[88.14278,24.92417],[88.13698,24.93063],[88.13601,24.93562],[88.13685,24.93753],[88.14547,24.93804],[88.14848,24.93502],[88.15075,24.93406],[88.1563,24.93485],[88.15794,24.9383],[88.15706,24.9412],[88.15745,24.9428],[88.15893,24.94329],[88.16132,24.94212],[88.16235,24.94232],[88.16357,24.94691],[88.16609,24.94809],[88.16951,24.95163],[88.17657,24.95004],[88.18025,24.9525],[88.18264,24.95526],[88.1872,24.95237],[88.18966,24.9518],[88.20002,24.95644],[88.20425,24.95979],[88.20724,24.96121],[88.22275,24.96186],[88.22956,24.95802],[88.23795,24.94033],[88.24346,24.93322],[88.25513,24.92826],[88.26052,24.92486],[88.26345,24.92009],[88.26438,24.91579],[88.26528,24.89694],[88.26417,24.88556],[88.2675,24.88472],[88.27056,24.88861],[88.27694,24.88806],[88.28444,24.88083],[88.29194,24.88194],[88.2975,24.88056],[88.30111,24.87694],[88.30556,24.87417],[88.31194,24.87361],[88.31861,24.87528],[88.32417,24.87389],[88.32778,24.87028],[88.33222,24.8675],[88.33833,24.86694],[88.3425,24.87028],[88.34917,24.88389],[88.35472,24.8925],[88.35917,24.90139],[88.37278,24.91667],[88.38083,24.92333],[88.38389,24.92722],[88.39611,24.9375],[88.39833,24.94194],[88.39891,24.95711],[88.39366,24.96184],[88.39759,24.96909],[88.40011,24.97145],[88.40402,24.97252],[88.4084,24.97575],[88.41424,24.97233],[88.41621,24.97262],[88.41743,24.97413],[88.4161,24.98066],[88.41797,24.98341],[88.41363,24.98534],[88.41254,24.98781],[88.41361,24.99345],[88.41531,24.99664],[88.42027,24.9988],[88.42187,25.0044],[88.42425,25.00676],[88.42729,25.00765],[88.43406,25.00576],[88.43647,25.00647],[88.44142,25.02099],[88.44607,25.02696],[88.44633,25.03038],[88.44056,25.03944],[88.44111,25.04528],[88.44333,25.04972],[88.45139,25.05722],[88.4575,25.065],[88.46,25.06944],[88.46278,25.07972],[88.4625,25.08611],[88.46,25.09972],[88.45833,25.11889],[88.46139,25.14111],[88.46083,25.14722],[88.45917,25.15333],[88.45056,25.17583],[88.44408,25.18086],[88.44298,25.18305],[88.44263,25.1854],[88.44353,25.18914],[88.44292,25.19752],[88.4418,25.19931],[88.43943,25.197],[88.43785,25.19725],[88.43737,25.19816],[88.43724,25.20028],[88.43829,25.20273],[88.43749,25.20633],[88.43869,25.20781],[88.44218,25.20975],[88.44278,25.2092],[88.43827,25.20634],[88.43901,25.20246],[88.43816,25.19907],[88.43879,25.19775],[88.4415,25.2004],[88.44392,25.19789],[88.44542,25.19737],[88.44831,25.19781],[88.45852,25.19601],[88.46088,25.1963],[88.46316,25.19531],[88.46718,25.1977],[88.46934,25.19706],[88.46916,25.1984],[88.47103,25.19781],[88.47226,25.19834],[88.47226,25.19898],[88.47074,25.1995],[88.47202,25.20003],[88.46922,25.20047],[88.46928,25.20163],[88.47121,25.20507],[88.47354,25.20729],[88.47453,25.21219],[88.47717,25.21305],[88.48237,25.21102],[88.48267,25.21219],[88.48552,25.21242],[88.48803,25.21126],[88.49556,25.21044],[88.49876,25.21085],[88.50077,25.20801],[88.50039,25.20497],[88.50237,25.20348],[88.50907,25.20325],[88.51109,25.20214],[88.51244,25.20396],[88.51595,25.20236],[88.52498,25.20003],[88.53786,25.19779],[88.53498,25.1947],[88.53275,25.19393],[88.53446,25.19207],[88.53341,25.18868],[88.53403,25.18775],[88.53782,25.1872],[88.53877,25.18935],[88.54075,25.18996],[88.54157,25.19399],[88.54357,25.19461],[88.54712,25.19398],[88.54735,25.19576],[88.54916,25.19576],[88.5507,25.19455],[88.55816,25.19284],[88.55953,25.19101],[88.55919,25.18603],[88.55737,25.18148],[88.55641,25.1815],[88.55589,25.1792],[88.55916,25.17651],[88.56381,25.17527],[88.56647,25.17658],[88.57067,25.17633],[88.57071,25.17715],[88.57407,25.17629],[88.57558,25.17725],[88.57959,25.17687],[88.57985,25.17948],[88.58105,25.18026],[88.58139,25.1826],[88.58758,25.18277],[88.58815,25.18391],[88.58897,25.18377],[88.5891,25.18518],[88.59116,25.18557],[88.59191,25.18718],[88.59013,25.19081],[88.591,25.19133],[88.58981,25.19259],[88.58977,25.19445],[88.5924,25.195],[88.59275,25.19395],[88.59214,25.19372],[88.59291,25.19269],[88.59783,25.1909],[88.60279,25.19448],[88.60442,25.19451],[88.60502,25.19573],[88.60679,25.19592],[88.6092,25.1981],[88.6106,25.19828],[88.61307,25.20421],[88.61765,25.20362],[88.61821,25.20491],[88.62061,25.20525],[88.62222,25.2042],[88.62578,25.20435],[88.62716,25.2024],[88.62899,25.20163],[88.62947,25.20226],[88.63275,25.20218],[88.63624,25.20378],[88.63881,25.20342],[88.64305,25.20654],[88.64693,25.20477],[88.65941,25.20308],[88.66358,25.20353],[88.66485,25.20233],[88.66509,25.20085],[88.66681,25.20078],[88.66737,25.19849],[88.66927,25.1982],[88.67285,25.19855],[88.67328,25.19968],[88.67444,25.19963],[88.67593,25.20257],[88.67854,25.2031],[88.67934,25.20523],[88.67816,25.20551],[88.67818,25.20664],[88.67994,25.20927],[88.68134,25.20961],[88.68813,25.20958],[88.68768,25.20801],[88.69732,25.20849],[88.70201,25.20727],[88.70367,25.20788],[88.70908,25.20759],[88.71184,25.20667],[88.71554,25.20678],[88.7156,25.20545],[88.7173,25.20397],[88.71774,25.20174],[88.7196,25.20228],[88.72381,25.20198],[88.72447,25.19872],[88.72554,25.19908],[88.72797,25.19839],[88.72977,25.19971],[88.73319,25.19778],[88.73278,25.19599],[88.73434,25.19488],[88.7335,25.1912],[88.73519,25.19076],[88.73536,25.19],[88.73511,25.18472],[88.74006,25.18537],[88.74253,25.18674],[88.74353,25.18353],[88.74889,25.18218],[88.75065,25.18289],[88.75105,25.18196],[88.74956,25.18059],[88.7501,25.1797],[88.74904,25.17947],[88.74844,25.17827],[88.74837,25.17713],[88.74911,25.17675],[88.75028,25.17637],[88.75333,25.17753],[88.75373,25.18035],[88.75534,25.18088],[88.75876,25.18624],[88.76687,25.18327],[88.76919,25.18994],[88.77264,25.18917],[88.7721,25.1872],[88.77279,25.18694],[88.77261,25.18593],[88.77395,25.18564],[88.77395,25.17927],[88.78582,25.17592],[88.79842,25.17126],[88.80582,25.17053],[88.80588,25.17351],[88.80885,25.17317],[88.80952,25.17418],[88.81337,25.17455],[88.81475,25.18501],[88.8176,25.18645],[88.81785,25.18895],[88.82064,25.18858],[88.82062,25.19014],[88.82267,25.1898],[88.82272,25.19109],[88.82617,25.19099],[88.8262,25.19177],[88.82737,25.19214],[88.82653,25.1923],[88.82671,25.19421],[88.8282,25.19759],[88.82926,25.19828],[88.82878,25.20166],[88.82962,25.20179],[88.83027,25.20538],[88.83128,25.20616],[88.83664,25.20643],[88.83651,25.20871],[88.83792,25.20884],[88.83751,25.21072],[88.84228,25.21052],[88.84107,25.21327],[88.84355,25.21354],[88.84506,25.21086],[88.84694,25.21099],[88.84553,25.20918],[88.84808,25.21005],[88.84922,25.20965],[88.84841,25.20583],[88.84968,25.20502],[88.84908,25.20355],[88.84948,25.20167],[88.85096,25.20127],[88.85123,25.20026],[88.85304,25.20066],[88.85491,25.19966],[88.85833,25.20234],[88.86336,25.20147],[88.86343,25.20053],[88.86444,25.20033],[88.86383,25.1898],[88.86752,25.1896],[88.86873,25.19087],[88.87094,25.19114],[88.87128,25.19436],[88.87369,25.1949],[88.87369,25.1961],[88.87463,25.19624],[88.87463,25.19342],[88.87228,25.19248],[88.87362,25.19141],[88.87289,25.19141],[88.87228,25.18913],[88.87429,25.18705],[88.8749,25.17914],[88.88925,25.17813],[88.88931,25.18444],[88.89226,25.18424],[88.89287,25.18316],[88.898,25.18229],[88.90021,25.17981],[88.9047,25.1786],[88.91074,25.18001],[88.91214,25.17699],[88.91181,25.16811],[88.9169,25.16657],[88.91811,25.16704],[88.92274,25.16442],[88.92384,25.1714],[88.92666,25.17414],[88.92827,25.17441],[88.92793,25.17595],[88.93357,25.18105],[88.93665,25.18025],[88.93692,25.17917],[88.9384,25.17911],[88.9384,25.17703],[88.93907,25.17609],[88.94074,25.17589],[88.94067,25.17341],[88.94168,25.17307],[88.94302,25.17347],[88.94547,25.17636],[88.94775,25.17616],[88.94802,25.17669],[88.94896,25.18098],[88.94339,25.1832],[88.94534,25.1845],[88.94641,25.18712],[88.94741,25.18745],[88.94668,25.19061],[88.94694,25.19396],[88.94319,25.19289],[88.93943,25.19289],[88.9343,25.19879],[88.93437,25.20026],[88.93645,25.20261],[88.93685,25.21065],[88.93819,25.21099],[88.9388,25.20992],[88.94094,25.20978],[88.94101,25.20884],[88.94269,25.20831],[88.94255,25.2069],[88.9451,25.20583],[88.94798,25.20636],[88.95026,25.20596],[88.95224,25.20697],[88.95519,25.20656],[88.95553,25.20791],[88.9566,25.20791],[88.9574,25.20898],[88.95834,25.20804],[88.96089,25.20864],[88.96096,25.20978],[88.95962,25.21106],[88.95814,25.21441],[88.95727,25.22259],[88.95392,25.22688],[88.95271,25.23097],[88.95258,25.23379],[88.95398,25.23942],[88.95238,25.24277],[88.95197,25.24696],[88.9552,25.25094],[88.95445,25.2532],[88.95608,25.25514],[88.9592,25.25467],[88.95957,25.2554],[88.96315,25.25584],[88.96965,25.25836],[88.97082,25.26027],[88.97445,25.26021],[88.97605,25.26439],[88.97999,25.26438],[88.98199,25.26887],[88.98375,25.26935],[88.98491,25.27237],[88.9886,25.27485],[88.99236,25.27384],[88.99362,25.2712],[88.99712,25.26947],[89.00366,25.26959],[89.00448,25.26501],[89.00638,25.26387],[89.00822,25.26484],[89.00663,25.27616],[89.00603,25.27623],[89.00917,25.29602],[89.00883,25.3032],[89.00609,25.30292],[89.00628,25.30023],[89.00538,25.29941],[89.00343,25.29918],[89.00298,25.29783],[89.00074,25.29589],[88.99629,25.29562],[88.99516,25.29656],[88.99209,25.29644],[88.98901,25.29888],[88.98619,25.29918],[88.98575,25.30601],[88.97566,25.30591],[88.97478,25.30196],[88.97328,25.3012],[88.96694,25.30214],[88.96353,25.3054],[88.96139,25.30584],[88.96039,25.30572],[88.95989,25.30471],[88.95989,25.30164],[88.95914,25.30101],[88.95494,25.3029],[88.95437,25.30183],[88.95331,25.30183],[88.94929,25.30363],[88.94709,25.30234],[88.9455,25.30307],[88.94458,25.3016],[88.93998,25.30108],[88.93747,25.30264],[88.93428,25.30287],[88.93421,25.30386],[88.92967,25.30428],[88.92866,25.30572],[88.9285,25.31673],[88.92772,25.31682],[88.9276,25.31537],[88.92475,25.31489],[88.92453,25.31268],[88.92359,25.31205],[88.9151,25.3125],[88.91565,25.31477],[88.91329,25.31537],[88.91091,25.32017],[88.90982,25.32059],[88.91003,25.32308],[88.90651,25.32693],[88.90694,25.33008],[88.90635,25.33168],[88.90695,25.33282],[88.90602,25.33395],[88.90673,25.337],[88.90612,25.33775],[88.89631,25.33675],[88.88797,25.33701],[88.8864,25.33506],[88.88609,25.33324],[88.88803,25.32942],[88.88845,25.3262],[88.88421,25.32569],[88.87628,25.33366],[88.87564,25.33688],[88.87414,25.33697],[88.8718,25.33972],[88.86633,25.34294],[88.86659,25.34366],[88.86817,25.34401],[88.86723,25.35204],[88.86443,25.3523],[88.86431,25.35516],[88.85549,25.35432],[88.85493,25.35475],[88.8549,25.35652],[88.85573,25.35742],[88.8548,25.35851],[88.85479,25.35979],[88.8554,25.35987],[88.85443,25.36319],[88.84625,25.36224],[88.84613,25.36392],[88.84084,25.36397],[88.84061,25.36822],[88.83925,25.36829],[88.83819,25.36929],[88.83936,25.37397],[88.83891,25.38119],[88.84163,25.38159],[88.84013,25.38406],[88.83786,25.38415],[88.83812,25.39121],[88.83982,25.39152],[88.84151,25.39309],[88.84107,25.39761],[88.83844,25.39805],[88.83787,25.40043],[88.83668,25.40174],[88.82367,25.40116],[88.82322,25.40955],[88.81383,25.41059],[88.81784,25.4141],[88.819,25.41826],[88.82041,25.41783],[88.82045,25.41515],[88.82501,25.4151],[88.82718,25.41701],[88.82944,25.41695],[88.83032,25.4177],[88.83132,25.42266],[88.82906,25.42535],[88.82913,25.42648],[88.83,25.42742],[88.8343,25.42767],[88.83474,25.43087],[88.8326,25.43156],[88.83216,25.43693],[88.8279,25.43733],[88.82759,25.43977],[88.82602,25.44216],[88.82596,25.44422],[88.8269,25.44592],[88.83104,25.44824],[88.82955,25.44852],[88.83251,25.44975],[88.83164,25.45028],[88.83309,25.45065],[88.83442,25.45236],[88.83787,25.4534],[88.8396,25.45833],[88.83514,25.46349],[88.836,25.46714],[88.83762,25.4694],[88.83756,25.47153],[88.83389,25.47742],[88.83323,25.48213],[88.82897,25.49034],[88.8145,25.48819],[88.8122,25.49155],[88.81253,25.49315],[88.8115,25.49484],[88.81163,25.49619],[88.80967,25.4997],[88.81037,25.50093],[88.80933,25.50622],[88.81072,25.50879],[88.80872,25.51264],[88.80794,25.51265],[88.80769,25.51586],[88.80831,25.51629],[88.80804,25.51768],[88.80943,25.51834],[88.81048,25.52032],[88.81096,25.52221],[88.81039,25.52334],[88.80464,25.52327],[88.80326,25.52444],[88.79233,25.52288],[88.79247,25.52102],[88.78498,25.51852],[88.78641,25.5177],[88.78631,25.51653],[88.7828,25.51661],[88.78233,25.51524],[88.782,25.5162],[88.78022,25.51536],[88.77597,25.51655],[88.77613,25.51872],[88.77403,25.51874],[88.76772,25.5221],[88.76647,25.52542],[88.75938,25.52659],[88.75833,25.52316],[88.75933,25.52187],[88.76083,25.51531],[88.75906,25.51299],[88.75847,25.50919],[88.76445,25.50465],[88.77018,25.50338],[88.76551,25.49607],[88.76161,25.49363],[88.75626,25.49369],[88.75126,25.49513],[88.74866,25.49508],[88.74592,25.4921],[88.74408,25.48811],[88.73987,25.48927],[88.74256,25.49578],[88.74143,25.50505],[88.72663,25.50336],[88.72254,25.50205],[88.71723,25.5],[88.71387,25.4957],[88.70915,25.49383],[88.70841,25.49199],[88.71025,25.48142],[88.70991,25.47975],[88.70776,25.47695],[88.70371,25.47649],[88.70068,25.47372],[88.69941,25.47131],[88.69627,25.4712],[88.68724,25.47556],[88.67568,25.47366],[88.66875,25.4742],[88.6631,25.47315],[88.65997,25.48183],[88.65619,25.48165],[88.65472,25.48073],[88.65259,25.48123],[88.65143,25.48001],[88.64894,25.47974],[88.6478,25.47796],[88.64686,25.47794],[88.64511,25.48843],[88.6433,25.49259],[88.64794,25.49342],[88.64861,25.4968],[88.64612,25.49679],[88.64515,25.49892],[88.64232,25.49978],[88.62338,25.49723],[88.61929,25.50406],[88.6158,25.50534],[88.61289,25.5098],[88.60905,25.50977],[88.60714,25.50875],[88.6068,25.50953],[88.60818,25.50979],[88.60924,25.51157],[88.6089,25.5165],[88.60281,25.51604],[88.60079,25.5117],[88.5994,25.51167],[88.59954,25.51039],[88.59814,25.50988],[88.59742,25.50652],[88.59546,25.5061],[88.59175,25.50905],[88.58911,25.5089],[88.58828,25.5075],[88.58505,25.50976],[88.57886,25.51011],[88.57506,25.50871],[88.57316,25.50898],[88.57114,25.51092],[88.56812,25.51185],[88.56785,25.51375],[88.55947,25.51333],[88.55579,25.51418],[88.55339,25.516],[88.55486,25.5198],[88.55478,25.52081],[88.55374,25.52116],[88.55246,25.521],[88.54819,25.51817],[88.54834,25.51367],[88.54693,25.51262],[88.54631,25.51089],[88.54524,25.51113],[88.54428,25.51041],[88.54597,25.5085],[88.53982,25.50872],[88.53897,25.50937],[88.53912,25.51077],[88.5409,25.5117],[88.54098,25.51239],[88.53939,25.5141],[88.54013,25.51926],[88.53994,25.51999],[88.53711,25.52119],[88.53792,25.52515],[88.53935,25.52623],[88.54137,25.52639],[88.53966,25.52825],[88.54009,25.53185],[88.53912,25.53468],[88.5347,25.53391],[88.53296,25.53267],[88.53273,25.54213],[88.5273,25.54317],[88.52486,25.53717],[88.52307,25.53554],[88.51846,25.53895],[88.51935,25.54224],[88.51904,25.54507],[88.51641,25.54674],[88.51381,25.54732],[88.51183,25.546],[88.50997,25.546],[88.50892,25.54469],[88.50621,25.54837],[88.50167,25.55007],[88.49943,25.55186],[88.49757,25.55569],[88.4972,25.55884],[88.49378,25.55931],[88.49417,25.56509],[88.49878,25.57269],[88.49953,25.58405],[88.49322,25.58449],[88.49378,25.58304],[88.49181,25.583],[88.49113,25.58462],[88.48385,25.58642],[88.48261,25.58244],[88.48173,25.58217],[88.48102,25.58207],[88.4812,25.58552],[88.47755,25.58526],[88.47418,25.58603],[88.4729,25.58509],[88.47207,25.58545],[88.46988,25.58318],[88.46838,25.58378],[88.46864,25.58734],[88.4694,25.58818],[88.46684,25.58726],[88.46714,25.58974],[88.46578,25.59188],[88.46344,25.59239],[88.46255,25.59478],[88.45771,25.5962],[88.45805,25.59841],[88.44453,25.59714],[88.44539,25.60052],[88.44757,25.60133],[88.44795,25.60283],[88.44998,25.60454],[88.44762,25.60557],[88.44837,25.60793],[88.44634,25.61297],[88.44754,25.61471],[88.44705,25.61517],[88.44507,25.61383],[88.445,25.61552],[88.44622,25.61609],[88.44635,25.61705],[88.44755,25.6173],[88.44718,25.61823],[88.44828,25.61849],[88.44752,25.62052],[88.44818,25.62068],[88.44869,25.62388],[88.45618,25.62864],[88.45472,25.62963],[88.45566,25.63319],[88.45481,25.63608],[88.45653,25.64099],[88.45608,25.64386],[88.45394,25.64489],[88.4554,25.65511],[88.45416,25.65813],[88.45424,25.66451],[88.45172,25.66511],[88.45082,25.66455],[88.44389,25.66506],[88.43863,25.66797],[88.4292,25.66888],[88.42455,25.6705],[88.42074,25.67041],[88.41851,25.66776],[88.41407,25.66997],[88.40752,25.67187],[88.40346,25.67225],[88.40192,25.67324],[88.40308,25.6786],[88.40517,25.68342],[88.4035,25.68607],[88.39575,25.6853],[88.3928,25.68398],[88.39079,25.6844],[88.38959,25.68817],[88.39144,25.69354],[88.38728,25.69412],[88.38591,25.69467],[88.38542,25.69577],[88.38345,25.69567],[88.38228,25.69732],[88.37356,25.69766],[88.37117,25.69677],[88.37171,25.69925],[88.37027,25.70117],[88.37077,25.70494],[88.37209,25.70729],[88.3697,25.7088],[88.36993,25.71022],[88.37324,25.70946],[88.37397,25.71174],[88.37492,25.71214],[88.37549,25.7147],[88.37423,25.71705],[88.37214,25.71564],[88.36798,25.71645],[88.36414,25.71828],[88.3646,25.71981],[88.35703,25.72138],[88.35915,25.72795],[88.3561,25.72926],[88.35541,25.72728],[88.35442,25.72745],[88.35177,25.72835],[88.35062,25.73027],[88.3481,25.73014],[88.34753,25.73074],[88.34416,25.72966],[88.34186,25.73255],[88.3414,25.73481],[88.33775,25.7353],[88.33773,25.73773],[88.32841,25.74033],[88.32591,25.73779],[88.32109,25.73753],[88.32032,25.73879],[88.32116,25.73993],[88.32023,25.74015],[88.32029,25.74191],[88.31882,25.74332],[88.31882,25.74422],[88.32067,25.74376],[88.3207,25.74517],[88.31502,25.74674],[88.3168,25.75142],[88.31666,25.75293],[88.31345,25.75449],[88.31345,25.75529],[88.29942,25.76082],[88.30022,25.76294],[88.29829,25.76356],[88.29964,25.76416],[88.28878,25.76801],[88.2903,25.76974],[88.2904,25.77084],[88.28964,25.77134],[88.29072,25.77379],[88.28367,25.77464],[88.28127,25.77579],[88.27832,25.77429],[88.27627,25.77591],[88.27712,25.77637],[88.26647,25.78329],[88.27034,25.78507],[88.27018,25.78857],[88.2718,25.78969],[88.27077,25.80554],[88.26987,25.80597],[88.26923,25.80839],[88.25954,25.81389],[88.25865,25.81133],[88.25363,25.81202],[88.25039,25.81159],[88.24914,25.81204],[88.24885,25.81318],[88.24811,25.81123],[88.24844,25.80936],[88.24701,25.80612],[88.24405,25.80761],[88.24449,25.8094],[88.24098,25.8102],[88.23977,25.80944],[88.23662,25.81004],[88.23217,25.8034],[88.23004,25.80233],[88.2338,25.79987],[88.23322,25.79923],[88.23083,25.80036],[88.23022,25.79882],[88.232,25.79851],[88.22998,25.79758],[88.2306,25.79642],[88.2275,25.79735],[88.22635,25.79982],[88.22283,25.79692],[88.22144,25.799],[88.2164,25.8008],[88.21475,25.80025],[88.21552,25.7976],[88.21194,25.7974],[88.21044,25.79601],[88.21043,25.79254],[88.21125,25.79288],[88.21178,25.79456],[88.21243,25.79445],[88.21308,25.79391],[88.21314,25.79126],[88.21223,25.7905],[88.21044,25.79163],[88.2098,25.79133],[88.21018,25.78635],[88.20032,25.78962],[88.19954,25.79034],[88.19995,25.7921],[88.19908,25.79272],[88.19896,25.79506],[88.19664,25.79738],[88.19421,25.79811],[88.19448,25.79919],[88.1932,25.79938],[88.19333,25.8017],[88.18937,25.80278],[88.18839,25.80238],[88.18854,25.80089],[88.18556,25.80182],[88.18465,25.80108],[88.18379,25.8019],[88.18284,25.80045],[88.18114,25.79959],[88.18082,25.79803],[88.18213,25.79721],[88.18177,25.79656],[88.17994,25.79702],[88.17954,25.79639],[88.18004,25.7953],[88.18116,25.79534],[88.18065,25.79397],[88.17697,25.79433],[88.17687,25.79374],[88.17537,25.79359],[88.17609,25.79138],[88.17462,25.7914],[88.17258,25.78702],[88.16542,25.78971],[88.16349,25.78957],[88.15871,25.78588],[88.15875,25.78261],[88.15656,25.782],[88.15717,25.77977],[88.15649,25.77892],[88.15429,25.77728],[88.15318,25.77739],[88.1518,25.77576],[88.14689,25.77671],[88.14859,25.78107],[88.1479,25.78153],[88.14693,25.78053],[88.14545,25.78046],[88.14515,25.77961],[88.14163,25.7803],[88.14503,25.78944],[88.14419,25.79378],[88.13868,25.79601],[88.13868,25.79689],[88.13136,25.7983],[88.1306,25.79757],[88.12778,25.79833],[88.12707,25.79719],[88.12519,25.7971],[88.12492,25.79636],[88.1181,25.7983],[88.11451,25.79835],[88.11581,25.80504],[88.11998,25.81246],[88.11513,25.81499],[88.10847,25.81562],[88.10752,25.81468],[88.10699,25.81557],[88.11009,25.821],[88.1115,25.82177],[88.10885,25.82321],[88.10799,25.82184],[88.10725,25.82219],[88.10747,25.82318],[88.10544,25.8255],[88.10586,25.82649],[88.10403,25.82649],[88.10102,25.82923],[88.10211,25.83094],[88.105,25.83199],[88.10832,25.83775],[88.1075,25.83979],[88.1034,25.84034],[88.10127,25.84221],[88.10106,25.84348],[88.10319,25.84516],[88.10655,25.84505],[88.11112,25.84909],[88.1136,25.85329],[88.1136,25.85523],[88.11053,25.85886],[88.1099,25.86069],[88.10986,25.86263],[88.11116,25.86411],[88.11099,25.86727],[88.10949,25.86928],[88.10607,25.86917],[88.10516,25.86367],[88.1038,25.86201],[88.10234,25.86193],[88.10119,25.86361],[88.10206,25.86564],[88.10182,25.87181],[88.10041,25.87289],[88.09955,25.87275],[88.09696,25.87065],[88.09388,25.87363],[88.09437,25.87638],[88.09552,25.8778],[88.09735,25.8785],[88.09688,25.8809],[88.09753,25.88259],[88.10112,25.88495],[88.10066,25.88604],[88.1022,25.88946],[88.09877,25.89409],[88.0962,25.89432],[88.09409,25.89356],[88.09171,25.89415],[88.0896,25.89572],[88.08954,25.8975],[88.09296,25.89922],[88.09103,25.90096],[88.0902,25.90348],[88.09094,25.90641],[88.09408,25.90773],[88.09317,25.91051],[88.09361,25.91118],[88.09187,25.91242],[88.0917,25.91413],[88.0907,25.9148],[88.0893,25.91309],[88.08652,25.91353],[88.08551,25.9145],[88.08568,25.91675],[88.08907,25.92108],[88.09265,25.92883],[88.09624,25.93246],[88.10148,25.93509],[88.1046,25.93322],[88.10537,25.93421],[88.11137,25.93322],[88.11063,25.93558],[88.11268,25.9392],[88.11211,25.94271],[88.11284,25.9435],[88.11678,25.944],[88.12157,25.94748],[88.12195,25.94884],[88.12073,25.95202],[88.11726,25.95462],[88.11749,25.95601],[88.1143,25.95826],[88.1153,25.96084],[88.11503,25.96246],[88.1224,25.96452],[88.12418,25.9666],[88.12448,25.96776],[88.11972,25.96915],[88.11932,25.97253],[88.12122,25.97455],[88.12766,25.97648],[88.12772,25.97816],[88.12909,25.97995],[88.127,25.98024],[88.12726,25.98275],[88.12774,25.98423],[88.12986,25.98617],[88.13094,25.98928],[88.1289,25.99234],[88.12951,25.99687],[88.13136,25.99687],[88.13222,25.99861],[88.13458,25.99809],[88.13571,26.00049],[88.14017,25.99701],[88.14352,26.00032],[88.14376,26.00732],[88.14273,26.00947],[88.13962,26.01212],[88.13945,26.01301],[88.14317,26.01484],[88.14761,26.01388],[88.14824,26.01433],[88.14809,26.01736],[88.15442,26.01995],[88.16123,26.01847],[88.16715,26.02187],[88.17447,26.02109],[88.17743,26.02169],[88.18227,26.02548],[88.18252,26.02833],[88.18171,26.03025],[88.17565,26.03056],[88.17187,26.03219],[88.17095,26.03429],[88.17131,26.03656],[88.17419,26.03815],[88.17512,26.04022],[88.17027,26.04405],[88.16953,26.04597],[88.1709,26.04804],[88.17382,26.04974],[88.1793,26.0463],[88.17767,26.04919],[88.17785,26.05318],[88.17575,26.05771],[88.17719,26.05931],[88.17837,26.05945],[88.18056,26.05831],[88.18111,26.06038],[88.18588,26.06408],[88.18518,26.0653],[88.18219,26.06622],[88.18119,26.068],[88.18296,26.07136],[88.18281,26.07306],[88.18137,26.07414],[88.17886,26.0741],[88.17325,26.07575],[88.1697,26.07937],[88.16844,26.08314],[88.16668,26.08252],[88.16498,26.07937],[88.16246,26.07745],[88.16113,26.07774],[88.15869,26.08004],[88.15954,26.08311],[88.1622,26.08503],[88.16418,26.08546],[88.16522,26.08749],[88.16459,26.08901],[88.16134,26.08901],[88.16134,26.09104],[88.15847,26.09518],[88.15866,26.09674],[88.16099,26.09936],[88.16341,26.10051],[88.16311,26.10613],[88.16415,26.10835],[88.17036,26.10913],[88.17304,26.1115],[88.17349,26.11932],[88.17829,26.12302],[88.17792,26.12509],[88.17445,26.1269],[88.17404,26.13001],[88.18003,26.13867],[88.18007,26.13937],[88.17696,26.14114],[88.17737,26.14789],[88.18029,26.15019],[88.18014,26.14874],[88.18166,26.14945],[88.18303,26.15285],[88.18893,26.15466],[88.19122,26.15459],[88.19359,26.15166],[88.19588,26.15218],[88.1966,26.15348],[88.19621,26.15473],[88.19314,26.15437],[88.19159,26.15548],[88.19225,26.15747],[88.19621,26.15918],[88.19606,26.16312],[88.19751,26.16341],[88.19932,26.16263],[88.20114,26.15886],[88.2048,26.15886],[88.20635,26.15919],[88.20768,26.16045],[88.21171,26.16064],[88.21571,26.16308],[88.21627,26.16467],[88.21209,26.16741],[88.21357,26.16966],[88.21685,26.16977],[88.21765,26.16711],[88.21961,26.16605],[88.22259,26.16593],[88.22422,26.16963],[88.22741,26.16818],[88.22837,26.16985],[88.22607,26.17088],[88.22581,26.17225],[88.22763,26.17327],[88.2294,26.1726],[88.23292,26.17279],[88.23366,26.17626],[88.23664,26.17638],[88.23716,26.17756],[88.23675,26.17885],[88.23336,26.18089],[88.23328,26.18377],[88.23413,26.18396],[88.23577,26.18184],[88.2382,26.18451],[88.24148,26.1857],[88.24191,26.18881],[88.24485,26.18901],[88.2437,26.18803],[88.24377,26.1871],[88.24456,26.18684],[88.24555,26.18732],[88.24569,26.1891],[88.2478,26.19012],[88.25052,26.18845],[88.25118,26.1862],[88.25201,26.18582],[88.2552,26.18839],[88.26049,26.18712],[88.26164,26.1879],[88.26477,26.18811],[88.26728,26.18624],[88.27018,26.18887],[88.27335,26.18761],[88.2752,26.18791],[88.27881,26.19214],[88.27869,26.19356],[88.27972,26.19518],[88.28238,26.19403],[88.28408,26.1946],[88.2835,26.19706],[88.28537,26.20045],[88.28645,26.2001],[88.28568,26.19827],[88.28714,26.19713],[88.29015,26.20002],[88.29022,26.20113],[88.2922,26.20203],[88.29303,26.20143],[88.29136,26.1993],[88.29207,26.19869],[88.29617,26.19974],[88.29879,26.19673],[88.30143,26.19772],[88.30079,26.20016],[88.30126,26.20152],[88.3043,26.19929],[88.30825,26.20397],[88.31221,26.20268],[88.31579,26.20461],[88.31851,26.20288],[88.32145,26.20415],[88.32485,26.20431],[88.32589,26.20524],[88.32589,26.20643],[88.32388,26.2077],[88.32333,26.20985],[88.32643,26.21049],[88.327,26.21188],[88.32894,26.21333],[88.33128,26.21249],[88.33178,26.21325],[88.33124,26.21661],[88.3342,26.21567],[88.33673,26.2171],[88.33957,26.21757],[88.34204,26.21944],[88.34592,26.21962],[88.34753,26.22117],[88.35072,26.22048],[88.3515,26.22255],[88.34975,26.22579],[88.35015,26.22619],[88.35219,26.22504],[88.35366,26.22613],[88.35139,26.22761],[88.35073,26.22988],[88.35594,26.23228],[88.3567,26.23462],[88.35453,26.2367],[88.35464,26.23769],[88.35568,26.23883],[88.35896,26.23989],[88.35995,26.24186],[88.35826,26.24371],[88.35116,26.24596],[88.35013,26.24808],[88.35346,26.24684],[88.35471,26.2474],[88.35191,26.25013],[88.34846,26.25061],[88.34903,26.25283],[88.34814,26.25432],[88.34991,26.25701],[88.35003,26.26151],[88.35124,26.26309],[88.35112,26.26567],[88.35191,26.26713],[88.35092,26.26864],[88.3487,26.26776],[88.34807,26.26917],[88.34964,26.27182],[88.34878,26.27455],[88.35139,26.27599],[88.34895,26.27781],[88.35005,26.27969],[88.34954,26.28247],[88.35206,26.28261],[88.35238,26.28503],[88.35366,26.28604],[88.35376,26.28717],[88.35448,26.28696],[88.35449,26.28599],[88.35813,26.28737],[88.35973,26.29095],[88.36378,26.29406],[88.36297,26.29708],[88.36369,26.29878],[88.36543,26.30026],[88.36825,26.29932],[88.36927,26.30088],[88.36899,26.30291],[88.3704,26.3052],[88.37316,26.30564],[88.37341,26.30501],[88.37227,26.30461],[88.37295,26.30268],[88.37508,26.30442],[88.37499,26.30634],[88.37834,26.30605],[88.37965,26.30942],[88.38086,26.30964],[88.38228,26.30844],[88.38384,26.30886],[88.38294,26.3115],[88.38413,26.31003],[88.38453,26.31346],[88.38713,26.31327],[88.38945,26.31504],[88.38984,26.3145],[88.38862,26.31342],[88.38972,26.31247],[88.39158,26.31437],[88.39436,26.31473],[88.39611,26.31606],[88.39719,26.3156],[88.39798,26.3168],[88.40028,26.3172],[88.40506,26.31698],[88.40565,26.3161],[88.41306,26.31608],[88.41514,26.3153],[88.41646,26.32165],[88.41561,26.3244],[88.41016,26.32317],[88.40696,26.32374],[88.40788,26.32772],[88.40355,26.32816],[88.40335,26.32895],[88.40415,26.32858],[88.40417,26.32961],[88.40511,26.32964],[88.4055,26.33088],[88.40683,26.33029],[88.40632,26.331],[88.40681,26.33205],[88.40841,26.33186],[88.40877,26.33339],[88.40987,26.33276],[88.41012,26.33367],[88.41095,26.33334],[88.41077,26.33434],[88.41167,26.33409],[88.41256,26.33516],[88.41084,26.33554],[88.4127,26.33655],[88.41267,26.33745],[88.42378,26.33525],[88.42451,26.3352],[88.42454,26.33634],[88.43424,26.33492],[88.43521,26.33556],[88.43528,26.33664],[88.43679,26.33701],[88.43577,26.33981],[88.43777,26.34068],[88.43701,26.34173],[88.43766,26.34385],[88.43859,26.34446],[88.43807,26.34508],[88.4391,26.34536],[88.4379,26.34577],[88.43879,26.34601],[88.4391,26.34773],[88.44036,26.34888],[88.44031,26.35021],[88.4414,26.35026],[88.44077,26.35261],[88.44479,26.35798],[88.44362,26.35901],[88.44372,26.3602],[88.44523,26.3622],[88.44622,26.36243],[88.44637,26.36382],[88.45102,26.36603],[88.45008,26.36695],[88.4509,26.36869],[88.4517,26.3689],[88.45143,26.37043],[88.45624,26.37189],[88.45762,26.37656],[88.45896,26.37663],[88.45844,26.37447],[88.45912,26.37435],[88.45897,26.37209],[88.45763,26.37211],[88.45743,26.37073],[88.46002,26.37055],[88.45971,26.36779],[88.45763,26.36608],[88.45738,26.36454],[88.45941,26.36406],[88.45874,26.36225],[88.46241,26.36081],[88.46334,26.35928],[88.46291,26.35796],[88.46737,26.35803],[88.4682,26.35871],[88.47176,26.35673],[88.47402,26.3574],[88.47417,26.35805],[88.47774,26.3575],[88.47723,26.35357],[88.48019,26.35325],[88.48075,26.35071],[88.48238,26.35051],[88.48234,26.34983],[88.48839,26.34893],[88.48824,26.35063],[88.49054,26.35024],[88.4922,26.35113],[88.48987,26.35415],[88.48821,26.36036],[88.49576,26.35935],[88.50187,26.35973],[88.50422,26.3609],[88.50415,26.36234],[88.50568,26.36369],[88.50742,26.36254],[88.50859,26.36156],[88.50776,26.36132],[88.50775,26.35853],[88.50638,26.35847],[88.50705,26.35651],[88.50553,26.35638],[88.50576,26.35078],[88.50366,26.35057],[88.50393,26.34868],[88.50716,26.34889],[88.50749,26.35118],[88.50985,26.35052],[88.50932,26.35278],[88.51348,26.35285],[88.51824,26.35164],[88.51722,26.35406],[88.51755,26.35643],[88.52387,26.35976],[88.52405,26.36215],[88.52276,26.36349],[88.5179,26.36175],[88.51639,26.36225],[88.51518,26.36442],[88.51629,26.36601],[88.52163,26.36636],[88.52221,26.37055],[88.52506,26.37413],[88.52455,26.37537],[88.52301,26.37542],[88.51971,26.37126],[88.5176,26.37071],[88.5149,26.37287],[88.51292,26.3768],[88.51474,26.38116],[88.51474,26.38509],[88.51879,26.38776],[88.51982,26.39007],[88.51819,26.39113],[88.51605,26.39001],[88.51461,26.38754],[88.51302,26.38771],[88.51063,26.3899],[88.50902,26.39542],[88.50453,26.39861],[88.50497,26.40024],[88.50783,26.39992],[88.50949,26.40148],[88.51035,26.40435],[88.50986,26.40812],[88.50838,26.40839],[88.5069,26.40768],[88.50463,26.40418],[88.50307,26.40337],[88.50204,26.40415],[88.50115,26.40861],[88.49582,26.40914],[88.49687,26.41146],[88.50254,26.41572],[88.50342,26.41771],[88.50197,26.4183],[88.49666,26.41745],[88.49457,26.41823],[88.49376,26.4203],[88.49833,26.42396],[88.49861,26.42597],[88.49574,26.42868],[88.49147,26.42841],[88.48949,26.43035],[88.49088,26.43168],[88.49529,26.43247],[88.49687,26.43506],[88.49674,26.43664],[88.49185,26.43991],[88.49165,26.44426],[88.48804,26.44455],[88.48611,26.44586],[88.48754,26.44915],[88.48721,26.45046],[88.48106,26.45046],[88.47895,26.45211],[88.47895,26.45392],[88.48248,26.45517],[88.48456,26.45878],[88.48629,26.46012],[88.48069,26.46086],[88.47885,26.46182],[88.47288,26.46288],[88.47091,26.46414],[88.45814,26.46669],[88.43589,26.46625],[88.43314,26.46842],[88.43437,26.47153],[88.43235,26.47165],[88.43058,26.47034],[88.42832,26.47294],[88.42278,26.47276],[88.42286,26.46925],[88.42137,26.46804],[88.42237,26.46597],[88.41951,26.46585],[88.41946,26.46676],[88.41858,26.46676],[88.41871,26.46938],[88.41538,26.46926],[88.41538,26.47132],[88.41314,26.4721],[88.41223,26.47308],[88.41258,26.47364],[88.4117,26.47361],[88.41162,26.4749],[88.41016,26.47503],[88.41041,26.47697],[88.40879,26.47718],[88.4086,26.47951],[88.40557,26.4806],[88.40563,26.48608],[88.40268,26.48589],[88.40081,26.48464],[88.40142,26.4834],[88.40013,26.48183],[88.39151,26.48098],[88.39103,26.47943],[88.38984,26.47973],[88.38836,26.47786],[88.38628,26.48275],[88.3776,26.4843],[88.37581,26.48384],[88.37536,26.48607],[88.37438,26.48664],[88.37468,26.48807],[88.372,26.48803],[88.36299,26.48673],[88.36224,26.4852],[88.36028,26.48403],[88.36022,26.4807],[88.36246,26.47644],[88.36223,26.47378],[88.36549,26.47203],[88.3656,26.47126],[88.3646,26.46775],[88.36122,26.46652],[88.36015,26.46466],[88.36051,26.46071],[88.35886,26.45593],[88.36057,26.45407],[88.36032,26.4533],[88.35641,26.45245],[88.3543,26.44835],[88.35237,26.44777],[88.35184,26.44844],[88.35328,26.4506],[88.35166,26.45231],[88.35022,26.45568],[88.34965,26.45924],[88.34777,26.45991],[88.34756,26.46415],[88.34833,26.46557],[88.34647,26.46601],[88.347,26.46834],[88.3404,26.46905],[88.34078,26.47783],[88.33782,26.47878],[88.33555,26.47794],[88.33352,26.47872],[88.33444,26.48151],[88.33159,26.48195],[88.33195,26.48441],[88.33077,26.48556],[88.33197,26.49508],[88.33696,26.50125],[88.34226,26.5031],[88.34984,26.51074],[88.3508,26.52054],[88.35222,26.52426],[88.35661,26.53138],[88.35759,26.54004],[88.35649,26.54226],[88.35845,26.54816],[88.36737,26.55482],[88.37073,26.55905],[88.37071,26.56867],[88.36891,26.57475],[88.37315,26.57935],[88.37427,26.58473],[88.37702,26.58887],[88.37683,26.59021],[88.37859,26.59285],[88.37957,26.59685],[88.38106,26.59882],[88.38525,26.60045],[88.39308,26.60055],[88.39745,26.60167],[88.39767,26.60345],[88.39703,26.60402],[88.39435,26.60514],[88.38854,26.60599],[88.38722,26.60783],[88.38737,26.61112],[88.38933,26.61372],[88.39581,26.61641],[88.39719,26.61783],[88.39762,26.62691],[88.3993,26.62812],[88.404,26.62901],[88.40735,26.63049],[88.40949,26.63236],[88.40938,26.63582],[88.41177,26.63587],[88.41632,26.63421],[88.41642,26.63209],[88.41773,26.63187],[88.41652,26.62415],[88.41954,26.62189],[88.41815,26.614],[88.41932,26.60818],[88.41867,26.60425],[88.41982,26.59876],[88.41926,26.59011],[88.42094,26.58717],[88.42088,26.58556],[88.4217,26.58509],[88.42159,26.58302],[88.42246,26.58294],[88.42133,26.57066],[88.42248,26.56631],[88.42475,26.56463],[88.43205,26.54864],[88.43577,26.54527],[88.43716,26.54422],[88.44302,26.54429],[88.44349,26.53947],[88.44807,26.53556],[88.45631,26.53707],[88.45484,26.53916],[88.45822,26.54036],[88.45779,26.545],[88.45872,26.54731],[88.46156,26.54728],[88.46243,26.5439],[88.46438,26.5445],[88.46846,26.54401],[88.47577,26.54461],[88.47573,26.54407],[88.47763,26.54345],[88.47708,26.54181],[88.48,26.54085],[88.48514,26.54113],[88.48563,26.53971],[88.48503,26.53752],[88.48191,26.5346],[88.48246,26.52998],[88.48421,26.5296],[88.48755,26.53178],[88.48966,26.532],[88.49031,26.53103],[88.48902,26.52529],[88.49034,26.52352],[88.49019,26.52214],[88.48845,26.5196],[88.48902,26.51574],[88.4909,26.51278],[88.48907,26.51017],[88.49106,26.51067],[88.49254,26.51197],[88.49604,26.51126],[88.49952,26.51199],[88.50118,26.51348],[88.49924,26.51504],[88.49954,26.51579],[88.50274,26.51555],[88.50476,26.51644],[88.50804,26.51632],[88.50838,26.51322],[88.51005,26.51268],[88.51062,26.51076],[88.5198,26.51133],[88.51994,26.51055],[88.52137,26.51058],[88.52227,26.50544],[88.52159,26.50544],[88.52087,26.50315],[88.51863,26.50206],[88.51992,26.50052],[88.51946,26.49826],[88.52148,26.49785],[88.52289,26.49556],[88.52273,26.49431],[88.52446,26.49306],[88.52467,26.49166],[88.52397,26.49157],[88.52456,26.48936],[88.52282,26.48937],[88.52283,26.48682],[88.52728,26.48756],[88.52774,26.48682],[88.52734,26.48589],[88.52367,26.48571],[88.52369,26.48485],[88.52733,26.48485],[88.52752,26.48424],[88.52611,26.48328],[88.52632,26.4807],[88.53644,26.48222],[88.53671,26.48333],[88.53905,26.48358],[88.53916,26.48268],[88.55679,26.48543],[88.55667,26.48264],[88.55434,26.48088],[88.55527,26.47849],[88.55248,26.47767],[88.55214,26.47695],[88.5531,26.47468],[88.55597,26.47565],[88.55705,26.47509],[88.55442,26.47163],[88.55711,26.47171],[88.55844,26.47246],[88.55891,26.47395],[88.5606,26.47352],[88.56006,26.47178],[88.55753,26.47043],[88.55864,26.46817],[88.55833,26.46666],[88.56266,26.46733],[88.56256,26.46561],[88.55935,26.46441],[88.55948,26.46194],[88.56034,26.46096],[88.56283,26.46086],[88.56376,26.46001],[88.56141,26.45853],[88.55776,26.45944],[88.55825,26.45826],[88.55989,26.45758],[88.57877,26.45673],[88.58045,26.45559],[88.58261,26.45571],[88.58342,26.45421],[88.5845,26.45413],[88.58502,26.45189],[88.58431,26.45035],[88.58857,26.45086],[88.58863,26.4503],[88.58988,26.45032],[88.59004,26.44949],[88.59191,26.44953],[88.59267,26.45225],[88.59477,26.45222],[88.59498,26.45338],[88.59513,26.46464],[88.59582,26.46626],[88.59499,26.46772],[88.59625,26.46934],[88.59436,26.46976],[88.59434,26.47086],[88.6001,26.47139],[88.60307,26.47007],[88.60368,26.4703],[88.60331,26.47084],[88.60423,26.4709],[88.62289,26.47102],[88.62566,26.45109],[88.62675,26.4511],[88.62832,26.44045],[88.62493,26.44055],[88.62511,26.4388],[88.62315,26.43831],[88.62377,26.43506],[88.62557,26.43515],[88.62607,26.43363],[88.62802,26.43371],[88.62792,26.43459],[88.62965,26.43481],[88.63012,26.43154],[88.63512,26.43206],[88.63566,26.43014],[88.63727,26.42959],[88.64294,26.43009],[88.64299,26.42884],[88.64978,26.4295],[88.65161,26.42557],[88.65108,26.4205],[88.64502,26.41986],[88.64444,26.41899],[88.64682,26.41829],[88.64717,26.41688],[88.65031,26.4175],[88.65046,26.41558],[88.65432,26.41568],[88.65524,26.41681],[88.65955,26.41638],[88.66206,26.41117],[88.6676,26.40963],[88.66777,26.40724],[88.67321,26.40764],[88.67332,26.40843],[88.67801,26.40809],[88.67956,26.41177],[88.68022,26.41138],[88.68016,26.40868],[88.68153,26.40854],[88.68107,26.41255],[88.67997,26.41267],[88.68048,26.41379],[88.68333,26.41376],[88.68371,26.4108],[88.68425,26.41087],[88.68454,26.41309],[88.68592,26.41302],[88.68603,26.41217],[88.6836,26.40933],[88.68329,26.40729],[88.68378,26.40598],[88.68631,26.40628],[88.68539,26.40435],[88.68647,26.40409],[88.68669,26.40122],[88.68129,26.40234],[88.68098,26.40053],[88.67892,26.40062],[88.67868,26.40217],[88.67561,26.40123],[88.6766,26.39907],[88.67294,26.39826],[88.67051,26.3985],[88.66957,26.3972],[88.67118,26.39748],[88.67223,26.3958],[88.67637,26.39489],[88.67633,26.39559],[88.67807,26.3957],[88.67807,26.39359],[88.67998,26.39462],[88.68532,26.39458],[88.68599,26.39569],[88.68899,26.39618],[88.68964,26.39495],[88.68806,26.39457],[88.68711,26.39234],[88.68499,26.39063],[88.6859,26.39034],[88.68755,26.39155],[88.6873,26.38714],[88.69328,26.38753],[88.69408,26.3887],[88.69697,26.38892],[88.69697,26.38972],[88.69862,26.3906],[88.70172,26.38884],[88.7018,26.38584],[88.69477,26.38528],[88.69131,26.38472],[88.69054,26.38382],[88.68196,26.3829],[88.68263,26.38053],[88.68095,26.37979],[88.68128,26.37801],[88.68623,26.37881],[88.68562,26.37451],[88.68677,26.37383],[88.68872,26.36544],[88.69022,26.3648],[88.69046,26.36341],[88.69486,26.36362],[88.69551,26.36099],[88.69366,26.36072],[88.69351,26.36177],[88.69145,26.36122],[88.6927,26.35724],[88.69448,26.35641],[88.69501,26.35732],[88.69847,26.35727],[88.69852,26.35645],[88.6976,26.3564],[88.69778,26.34969],[88.69657,26.34704],[88.69408,26.34697],[88.69424,26.34576],[88.69502,26.34579],[88.69501,26.34429],[88.69738,26.34452],[88.69848,26.34141],[88.70367,26.34159],[88.70363,26.33961],[88.70154,26.3383],[88.70306,26.33772],[88.70211,26.33581],[88.70463,26.33261],[88.70934,26.33379],[88.71038,26.33728],[88.71206,26.33791],[88.71168,26.34],[88.71231,26.34222],[88.7139,26.34311],[88.72412,26.34259],[88.72469,26.34082],[88.72617,26.34094],[88.72652,26.34368],[88.7296,26.34362],[88.72954,26.34682],[88.73594,26.34716],[88.73605,26.34893],[88.73314,26.34967],[88.73309,26.3511],[88.73383,26.35116],[88.73423,26.35323],[88.73726,26.35464],[88.73708,26.3491],[88.74388,26.34887],[88.74605,26.34745],[88.74576,26.34299],[88.74365,26.34316],[88.74313,26.34259],[88.74467,26.33755],[88.74357,26.33569],[88.74017,26.33536],[88.73941,26.33349],[88.73688,26.33295],[88.73463,26.32797],[88.7352,26.3273],[88.73851,26.32746],[88.74822,26.33129],[88.75005,26.33134],[88.74753,26.32146],[88.74275,26.3211],[88.73645,26.32242],[88.73183,26.32129],[88.73217,26.31771],[88.73129,26.31683],[88.72713,26.31639],[88.72515,26.31398],[88.71984,26.31313],[88.71892,26.31164],[88.71748,26.3165],[88.71617,26.31716],[88.71218,26.31707],[88.71156,26.31598],[88.70824,26.31598],[88.70806,26.31475],[88.70516,26.31398],[88.69939,26.3141],[88.69899,26.31238],[88.69602,26.31151],[88.6969,26.31418],[88.69506,26.31458],[88.69334,26.31407],[88.6911,26.31872],[88.69265,26.32136],[88.69196,26.32234],[88.69035,26.32257],[88.69248,26.32556],[88.69679,26.32585],[88.69592,26.32631],[88.6965,26.32757],[88.69569,26.32757],[88.69569,26.32832],[88.69081,26.32878],[88.68955,26.32272],[88.6794,26.32223],[88.67786,26.32142],[88.67778,26.32017],[88.67515,26.32017],[88.67474,26.31803],[88.67604,26.3174],[88.67547,26.31418],[88.67455,26.31424],[88.67449,26.31326],[88.6757,26.31315],[88.67484,26.31263],[88.67524,26.31137],[88.67679,26.31154],[88.67673,26.31229],[88.67817,26.31344],[88.67737,26.31447],[88.67863,26.31441],[88.68081,26.31154],[88.68225,26.31234],[88.68271,26.30976],[88.68248,26.30838],[88.67846,26.30769],[88.67834,26.3066],[88.67777,26.30668],[88.67817,26.3041],[88.67909,26.30266],[88.67984,26.30266],[88.68007,26.30151],[88.67893,26.30097],[88.67867,26.29883],[88.67358,26.29863],[88.66803,26.29719],[88.66915,26.29459],[88.66816,26.29417],[88.66816,26.29351],[88.66898,26.29351],[88.66833,26.29177],[88.66961,26.29006],[88.66872,26.28911],[88.66622,26.28924],[88.66655,26.28481],[88.6658,26.28481],[88.66961,26.28092],[88.66961,26.27974],[88.66813,26.27957],[88.6681,26.27813],[88.66724,26.27813],[88.66727,26.27583],[88.66672,26.27577],[88.66773,26.27396],[88.66672,26.27386],[88.66672,26.27304],[88.66744,26.27301],[88.66744,26.27202],[88.67177,26.27225],[88.6722,26.26881],[88.67164,26.26867],[88.67174,26.26697],[88.66941,26.2668],[88.66833,26.26756],[88.66826,26.26684],[88.66747,26.26684],[88.66649,26.26299],[88.66757,26.26299],[88.6676,26.26359],[88.67059,26.26342],[88.67062,26.26405],[88.67223,26.26408],[88.67243,26.26329],[88.67552,26.26359],[88.67559,26.26467],[88.67802,26.2645],[88.67949,26.25915],[88.6832,26.26112],[88.68314,26.26198],[88.68373,26.26165],[88.68606,26.26322],[88.68485,26.26572],[88.6858,26.26598],[88.68599,26.26772],[88.688,26.26611],[88.68826,26.26684],[88.6899,26.26687],[88.69016,26.26851],[88.69151,26.26815],[88.69259,26.26936],[88.69253,26.27053],[88.69204,26.27339],[88.68875,26.27391],[88.68872,26.27296],[88.68737,26.27299],[88.68701,26.27457],[88.6857,26.27476],[88.68508,26.27806],[88.69007,26.27851],[88.69118,26.27772],[88.69141,26.27651],[88.6959,26.27721],[88.69604,26.27948],[88.70766,26.28132],[88.70773,26.28297],[88.70996,26.28286],[88.7099,26.2801],[88.71414,26.2801],[88.71474,26.28121],[88.72138,26.28143],[88.72372,26.28446],[88.72189,26.28621],[88.72174,26.29008],[88.72062,26.29157],[88.72109,26.29302],[88.72646,26.29257],[88.72772,26.29108],[88.72733,26.28837],[88.72852,26.2876],[88.73,26.28908],[88.73009,26.29231],[88.73187,26.29306],[88.73932,26.29105],[88.73994,26.28988],[88.74553,26.28931],[88.74625,26.29135],[88.74422,26.29165],[88.74186,26.29388],[88.74409,26.29805],[88.74656,26.30827],[88.74908,26.30923],[88.75692,26.3095],[88.75942,26.30592],[88.7601,26.30093],[88.7636,26.29947],[88.77157,26.30061],[88.77628,26.30368],[88.78267,26.30322],[88.78896,26.30632],[88.79345,26.31006],[88.79594,26.30812],[88.80212,26.30629],[88.80714,26.30164],[88.80996,26.30064],[88.81168,26.29843],[88.81912,26.29467],[88.81321,26.28853],[88.81122,26.27726],[88.80995,26.2771],[88.81057,26.27397],[88.81375,26.27346],[88.81406,26.26964],[88.81493,26.26957],[88.81517,26.26868],[88.81459,26.26523],[88.81212,26.26489],[88.81212,26.2636],[88.81303,26.26368],[88.81315,26.25902],[88.81373,26.25877],[88.81301,26.25809],[88.81295,26.25593],[88.81377,26.25432],[88.81461,26.2543],[88.81485,26.25523],[88.81919,26.25535],[88.81955,26.25386],[88.82281,26.25371],[88.82409,26.25127],[88.82328,26.25121],[88.82332,26.24905],[88.82895,26.2501],[88.82894,26.24783],[88.82984,26.24637],[88.82686,26.24516],[88.82658,26.24312],[88.82753,26.23978],[88.83137,26.24034],[88.83192,26.23828],[88.83348,26.23846],[88.83424,26.23774],[88.83806,26.23822],[88.83825,26.23232],[88.8417,26.23078],[88.8439,26.2308],[88.84372,26.2328],[88.85188,26.2353],[88.85423,26.23514],[88.85495,26.23414],[88.85674,26.23381],[88.85865,26.23155],[88.85963,26.2315],[88.86007,26.23244],[88.86527,26.2325],[88.87153,26.23411],[88.87292,26.23296],[88.87779,26.23352],[88.87639,26.23727],[88.87771,26.24226],[88.87564,26.24243],[88.87426,26.24022],[88.87215,26.2399],[88.87146,26.24163],[88.87217,26.24526],[88.86814,26.24572],[88.86749,26.24711],[88.868,26.24907],[88.86733,26.24976],[88.86142,26.25204],[88.8614,26.26405],[88.86452,26.26873],[88.86181,26.27189],[88.86174,26.27348],[88.86618,26.27495],[88.86709,26.27625],[88.86626,26.27942],[88.86752,26.28132],[88.86975,26.28263],[88.87047,26.28405],[88.87332,26.28463],[88.87575,26.28659],[88.89834,26.28877],[88.90842,26.28815],[88.9095,26.28727],[88.91829,26.2878],[88.91852,26.28634],[88.91979,26.28598],[88.92038,26.28471],[88.9226,26.28539],[88.92281,26.28443],[88.92652,26.28254],[88.92888,26.27874],[88.9314,26.27707],[88.93146,26.27558],[88.93403,26.27119],[88.93487,26.26698],[88.93581,26.26701],[88.93629,26.26539],[88.93993,26.26318],[88.94399,26.25507],[88.95315,26.24461],[88.95234,26.24419],[88.95325,26.24206],[88.95728,26.24293],[88.95721,26.24101],[88.96707,26.23928],[88.96917,26.24008],[88.97147,26.23994],[88.97175,26.2412],[88.97811,26.24295],[88.97969,26.24463],[88.9936,26.24558],[88.99876,26.24451],[89.01582,26.24472],[89.01762,26.24323],[89.01995,26.24278],[89.02078,26.24517],[89.02745,26.24415],[89.02746,26.2477],[89.03305,26.24667],[89.03383,26.24591],[89.03398,26.24297],[89.037,26.24238],[89.03781,26.24554],[89.04553,26.24105],[89.04893,26.24207],[89.05071,26.24155],[89.05105,26.24258],[89.04946,26.24322],[89.05021,26.2454],[89.04796,26.24587],[89.04881,26.25168],[89.05121,26.25272],[89.05114,26.2551],[89.05203,26.25602],[89.05434,26.25638],[89.05459,26.25751],[89.05567,26.25728],[89.05654,26.2567],[89.0563,26.25598],[89.05784,26.25591],[89.05939,26.2543],[89.06256,26.2536],[89.06282,26.25583],[89.06009,26.25687],[89.06066,26.25908],[89.06347,26.25974],[89.06376,26.26085],[89.06217,26.26326],[89.06146,26.26729],[89.06152,26.26991],[89.06277,26.27128],[89.05957,26.27372],[89.06003,26.27614],[89.05719,26.27573],[89.05394,26.2771],[89.05416,26.27796],[89.05786,26.27799],[89.05843,26.27882],[89.05974,26.27785],[89.06292,26.27983],[89.06143,26.28395],[89.05936,26.28404],[89.05747,26.28565],[89.05864,26.28778],[89.05993,26.28766],[89.06101,26.28914],[89.06087,26.29141],[89.05695,26.29426],[89.05536,26.29269],[89.05298,26.29207],[89.0523,26.29613],[89.05056,26.29552],[89.04949,26.29613],[89.04572,26.29559],[89.04529,26.2911],[89.04266,26.29111],[89.04277,26.2897],[89.04564,26.29003],[89.04631,26.28951],[89.04537,26.28887],[89.0458,26.28697],[89.04463,26.28423],[89.04469,26.28368],[89.04639,26.28432],[89.04677,26.28264],[89.04729,26.28273],[89.04693,26.28504],[89.04766,26.28834],[89.04898,26.28919],[89.04985,26.28874],[89.0478,26.28303],[89.04813,26.28001],[89.04605,26.2812],[89.04552,26.28002],[89.04308,26.28012],[89.04325,26.27926],[89.04452,26.27937],[89.04411,26.27654],[89.04524,26.27609],[89.04505,26.27522],[89.0398,26.27663],[89.04014,26.27812],[89.03852,26.27752],[89.03831,26.27838],[89.04024,26.27992],[89.04023,26.28125],[89.03904,26.28115],[89.03739,26.2826],[89.04064,26.28421],[89.04072,26.28549],[89.03886,26.28574],[89.03853,26.28391],[89.03538,26.28326],[89.03529,26.28407],[89.03095,26.28516],[89.0297,26.28485],[89.0275,26.28258],[89.02678,26.28553],[89.02458,26.28658],[89.02461,26.28796],[89.02308,26.28821],[89.02233,26.28755],[89.02108,26.28796],[89.02006,26.28938],[89.01993,26.29035],[89.02134,26.29166],[89.02159,26.29316],[89.02314,26.2937],[89.02245,26.29647],[89.02112,26.29766],[89.02312,26.29994],[89.0239,26.30241],[89.02532,26.30251],[89.02653,26.3055],[89.02624,26.30729],[89.02426,26.30737],[89.02279,26.30841],[89.02171,26.30772],[89.02151,26.3093],[89.02059,26.30858],[89.02045,26.30712],[89.01867,26.30722],[89.01888,26.30575],[89.01984,26.30577],[89.02001,26.30508],[89.0184,26.30508],[89.01725,26.30314],[89.01553,26.30317],[89.01624,26.30149],[89.01555,26.30035],[89.01421,26.30038],[89.01446,26.29916],[89.01598,26.2996],[89.01693,26.29857],[89.01719,26.29661],[89.01797,26.29664],[89.01816,26.29553],[89.02006,26.29551],[89.01862,26.29273],[89.01833,26.29027],[89.01685,26.28996],[89.01603,26.29127],[89.0132,26.29206],[89.01223,26.29376],[89.01337,26.29512],[89.0122,26.29651],[89.01275,26.29807],[89.01062,26.29934],[89.01031,26.30217],[89.00857,26.3023],[89.00755,26.30356],[89.00792,26.30418],[89.0069,26.30476],[89.00692,26.3033],[89.00437,26.30376],[89.00415,26.29944],[89.00483,26.2979],[89.0038,26.2981],[89.0035,26.29681],[89.00133,26.2963],[88.99998,26.29078],[88.99545,26.29197],[88.99435,26.29292],[88.99486,26.29519],[88.99696,26.29701],[88.99696,26.29949],[88.99604,26.29929],[88.99556,26.29667],[88.99522,26.29963],[88.99471,26.29956],[88.99417,26.29626],[88.99373,26.29908],[88.99172,26.29959],[88.99214,26.3002],[88.98481,26.30067],[88.98442,26.30612],[88.98377,26.30577],[88.98239,26.30884],[88.9859,26.31526],[88.98536,26.31632],[88.98427,26.31652],[88.98481,26.31796],[88.98662,26.31749],[88.98698,26.31662],[88.98924,26.31633],[88.99078,26.31427],[88.99269,26.31449],[88.99442,26.31291],[88.99588,26.31308],[88.99632,26.31567],[88.99334,26.3177],[88.99326,26.31996],[88.99188,26.32048],[88.99143,26.32229],[88.99476,26.3224],[88.99486,26.32043],[88.99588,26.32056],[88.99979,26.32546],[89.00088,26.32983],[88.99831,26.33036],[88.99806,26.33197],[88.99491,26.33184],[88.99195,26.33277],[88.99144,26.33439],[88.98977,26.33463],[88.98905,26.33241],[88.98623,26.33181],[88.9847,26.33467],[88.9844,26.33696],[88.98179,26.34108],[88.98404,26.33999],[88.98617,26.34036],[88.9853,26.33943],[88.98553,26.33862],[88.98818,26.33899],[88.98698,26.33747],[88.9892,26.33744],[88.98832,26.34062],[88.98743,26.34059],[88.98661,26.34522],[88.98568,26.34661],[88.98708,26.34655],[88.98689,26.34715],[88.9851,26.34997],[88.98413,26.34982],[88.98539,26.34797],[88.98264,26.34861],[88.98196,26.34729],[88.98023,26.3475],[88.97971,26.34654],[88.97802,26.34654],[88.97443,26.34975],[88.97178,26.35072],[88.97125,26.34954],[88.96949,26.34953],[88.96653,26.3514],[88.96557,26.34859],[88.96484,26.34835],[88.96484,26.34964],[88.96111,26.35196],[88.96051,26.35149],[88.9605,26.3484],[88.95914,26.348],[88.96285,26.34565],[88.96193,26.34436],[88.96169,26.3406],[88.96265,26.33875],[88.96288,26.3357],[88.9594,26.33547],[88.95981,26.33001],[88.95572,26.32959],[88.95632,26.33048],[88.95436,26.33059],[88.95482,26.33145],[88.95404,26.33252],[88.95397,26.33155],[88.95295,26.33228],[88.95229,26.33168],[88.95186,26.34],[88.95279,26.34077],[88.95283,26.34297],[88.95579,26.34121],[88.95786,26.34213],[88.95895,26.34357],[88.95674,26.3455],[88.95287,26.3463],[88.95181,26.34313],[88.94611,26.34402],[88.9463,26.34635],[88.94911,26.34831],[88.94986,26.35099],[88.9489,26.35141],[88.94919,26.3519],[88.95017,26.35146],[88.95082,26.35438],[88.95375,26.35584],[88.95845,26.3564],[88.95838,26.35949],[88.95765,26.35969],[88.95747,26.36093],[88.9551,26.36166],[88.95502,26.36347],[88.95378,26.36371],[88.95261,26.36549],[88.95032,26.36559],[88.9494,26.36449],[88.9485,26.36084],[88.94743,26.3602],[88.94761,26.35575],[88.94681,26.35559],[88.94606,26.35661],[88.94261,26.35715],[88.93499,26.35671],[88.93468,26.35856],[88.93125,26.35905],[88.93021,26.36141],[88.92807,26.36167],[88.92796,26.36406],[88.92671,26.36458],[88.92358,26.36389],[88.922,26.36207],[88.92175,26.3596],[88.91905,26.35891],[88.91885,26.35981],[88.92153,26.36206],[88.92176,26.36417],[88.91992,26.36505],[88.92018,26.36584],[88.9146,26.36531],[88.91204,26.36611],[88.9132,26.36792],[88.9118,26.36824],[88.91166,26.36731],[88.91116,26.36777],[88.91155,26.36913],[88.91095,26.37042],[88.91145,26.37218],[88.91366,26.3729],[88.91323,26.37431],[88.91982,26.37468],[88.91947,26.37692],[88.92128,26.37718],[88.92064,26.37858],[88.91375,26.37786],[88.91232,26.38033],[88.90893,26.38019],[88.90991,26.38178],[88.91234,26.38195],[88.91264,26.38284],[88.91459,26.3829],[88.91491,26.38399],[88.91652,26.38417],[88.91601,26.38651],[88.9171,26.38983],[88.91846,26.38971],[88.9189,26.39228],[88.91818,26.40035],[88.91724,26.40325],[88.91006,26.40283],[88.91023,26.4017],[88.91157,26.40092],[88.91,26.4006],[88.9089,26.4031],[88.90619,26.4031],[88.90472,26.40867],[88.90646,26.40695],[88.91324,26.40872],[88.92348,26.40698],[88.92728,26.40751],[88.92903,26.40964],[88.92969,26.41506],[88.92278,26.41712],[88.92181,26.41948],[88.92564,26.42053],[88.92606,26.42138],[88.92508,26.42294],[88.92519,26.42437],[88.93078,26.42467],[88.93465,26.4259],[88.93392,26.42755],[88.92581,26.42771],[88.92608,26.43068],[88.92862,26.43056],[88.92872,26.43181],[88.93467,26.43075],[88.93853,26.42707],[88.93814,26.42467],[88.94507,26.42492],[88.94317,26.42721],[88.94451,26.42725],[88.94438,26.4283],[88.94579,26.42823],[88.94592,26.42953],[88.94484,26.42964],[88.94484,26.43089],[88.94617,26.43214],[88.95056,26.43253],[88.95202,26.43389],[88.94992,26.43598],[88.94981,26.43705],[88.94744,26.43877],[88.94945,26.43894],[88.94955,26.44185],[88.94787,26.44197],[88.94761,26.44325],[88.94632,26.44416],[88.94613,26.44798],[88.9518,26.44845],[88.95112,26.45208],[88.95325,26.4522],[88.95576,26.45126],[88.95933,26.44876],[88.96139,26.44817],[88.96204,26.44929],[88.963,26.44914],[88.96333,26.45049],[88.96507,26.45056],[88.96516,26.45126],[88.95979,26.45183],[88.95977,26.45308],[88.95725,26.45485],[88.95728,26.45914],[88.96241,26.45703],[88.96551,26.45766],[88.96575,26.45132],[88.97105,26.45141],[88.97137,26.45023],[88.97497,26.45013],[88.9754,26.44828],[88.97598,26.44837],[88.97576,26.44658],[88.97649,26.44631],[88.97723,26.44927],[88.97928,26.44939],[88.97844,26.44624],[88.98087,26.44689],[88.9832,26.44655],[88.98264,26.44419],[88.9809,26.44424],[88.98079,26.44324],[88.98085,26.44187],[88.98358,26.44172],[88.98313,26.4389],[88.98141,26.43676],[88.97896,26.43606],[88.97881,26.43287],[88.97979,26.43286],[88.9802,26.43169],[88.98292,26.43097],[88.98077,26.42528],[88.98356,26.42447],[88.98309,26.42002],[88.98763,26.41942],[88.99242,26.41767],[88.9922,26.417],[88.99412,26.41678],[88.99438,26.41421],[88.99374,26.41288],[88.99627,26.41249],[88.99849,26.41373],[88.99714,26.41431],[88.99723,26.41532],[88.99558,26.41674],[88.99583,26.41979],[88.99287,26.42052],[88.99372,26.42369],[88.99538,26.42365],[88.99567,26.42077],[88.99828,26.42045],[88.99873,26.42173],[89.00209,26.42165],[89.00227,26.42222],[89.00581,26.42136],[89.00484,26.41782],[89.00667,26.41431],[89.00732,26.41425],[89.00715,26.4128],[89.01162,26.41318],[89.01636,26.41512],[89.02152,26.41433],[89.02244,26.41353],[89.02216,26.41013],[89.02324,26.40827],[89.0211,26.40846],[89.021,26.4072],[89.0198,26.40699],[89.01894,26.4051],[89.02156,26.40414],[89.02191,26.40577],[89.02398,26.40781],[89.02562,26.40703],[89.02982,26.40701],[89.02892,26.40502],[89.02994,26.40399],[89.03121,26.40389],[89.0317,26.3996],[89.03426,26.39956],[89.03347,26.39554],[89.03733,26.39524],[89.03798,26.39664],[89.03738,26.39674],[89.0376,26.39988],[89.0394,26.40037],[89.04735,26.40023],[89.0497,26.39895],[89.0541,26.39874],[89.05518,26.39791],[89.05573,26.39591],[89.05785,26.39584],[89.05839,26.39886],[89.06099,26.39863],[89.06221,26.40076],[89.06323,26.40068],[89.0618,26.39826],[89.06393,26.39693],[89.06426,26.39926],[89.06681,26.4001],[89.06796,26.39788],[89.07081,26.39847],[89.07448,26.39633],[89.07384,26.39127],[89.07445,26.39111],[89.07511,26.39625],[89.07816,26.39608],[89.08378,26.39863],[89.08594,26.39733],[89.08737,26.39763],[89.08769,26.39675],[89.08537,26.39395],[89.08203,26.39252],[89.08025,26.39319],[89.08,26.3912],[89.08107,26.39119],[89.08124,26.39029],[89.08348,26.39037],[89.0833,26.39156],[89.08591,26.39175],[89.08622,26.39268],[89.09007,26.39201],[89.09112,26.39367],[89.09315,26.39383],[89.09348,26.3928],[89.09606,26.39086],[89.09404,26.38942],[89.09181,26.38924],[89.09057,26.38788],[89.08984,26.38545],[89.0916,26.38541],[89.09158,26.38247],[89.09026,26.38208],[89.09009,26.38095],[89.08874,26.38101],[89.08895,26.3752],[89.09043,26.37412],[89.0899,26.37128],[89.08896,26.37131],[89.0883,26.36577],[89.08556,26.36563],[89.07988,26.36674],[89.07948,26.36296],[89.08046,26.36226],[89.08285,26.36249],[89.08422,26.36439],[89.08583,26.36424],[89.08564,26.36285],[89.08945,26.36219],[89.0897,26.36089],[89.0923,26.36101],[89.09238,26.36027],[89.09354,26.36018],[89.09408,26.36093],[89.0964,26.36038],[89.09638,26.35929],[89.09796,26.35926],[89.09805,26.3581],[89.09634,26.35724],[89.09589,26.35469],[89.09384,26.35507],[89.09339,26.35315],[89.09441,26.3531],[89.09489,26.35426],[89.09583,26.35384],[89.09503,26.35201],[89.09578,26.35023],[89.09768,26.34994],[89.09838,26.34794],[89.09793,26.34636],[89.09865,26.34259],[89.09774,26.34208],[89.0976,26.34015],[89.10008,26.33926],[89.09999,26.33767],[89.10106,26.33718],[89.09814,26.33605],[89.09785,26.3349],[89.09626,26.33414],[89.09482,26.32987],[89.09076,26.32988],[89.09192,26.32873],[89.09173,26.32729],[89.08858,26.32615],[89.08724,26.32418],[89.08482,26.32463],[89.08359,26.32328],[89.08515,26.32102],[89.08887,26.32283],[89.0904,26.32229],[89.09136,26.32099],[89.09217,26.32457],[89.09303,26.32471],[89.09314,26.32592],[89.09521,26.32578],[89.09657,26.32933],[89.09713,26.32934],[89.09928,26.32855],[89.09851,26.32422],[89.10058,26.32398],[89.10043,26.32335],[89.10397,26.32368],[89.10432,26.32533],[89.10541,26.32519],[89.1055,26.32678],[89.1073,26.32703],[89.10765,26.32568],[89.1096,26.32558],[89.11176,26.32326],[89.11185,26.32228],[89.11052,26.32212],[89.11263,26.31859],[89.11615,26.31893],[89.11541,26.32001],[89.11913,26.32048],[89.11989,26.32149],[89.12345,26.32223],[89.12848,26.32239],[89.12946,26.32081],[89.12419,26.32126],[89.12605,26.31996],[89.12809,26.31988],[89.1282,26.31889],[89.13046,26.31896],[89.13063,26.32065],[89.13373,26.32073],[89.13446,26.32174],[89.13556,26.32159],[89.13524,26.32037],[89.13621,26.3202],[89.13585,26.31508],[89.13513,26.3151],[89.13509,26.31387],[89.12947,26.31315],[89.12951,26.31254],[89.13477,26.31325],[89.13483,26.31217],[89.13279,26.31198],[89.13282,26.3115],[89.13503,26.31159],[89.13534,26.30934],[89.13637,26.30925],[89.13597,26.30751],[89.13414,26.30764],[89.13345,26.30621],[89.12749,26.30619],[89.12503,26.30541],[89.12564,26.30422],[89.12718,26.30456],[89.12709,26.30539],[89.12845,26.30456],[89.13101,26.3053],[89.13089,26.30387],[89.12994,26.30379],[89.13114,26.30103],[89.12889,26.3016],[89.12886,26.30321],[89.12748,26.30309],[89.12732,26.30177],[89.12802,26.30152],[89.12854,26.29921],[89.13062,26.29912],[89.13009,26.30057],[89.13237,26.30051],[89.13235,26.29884],[89.1312,26.29876],[89.13158,26.29736],[89.12821,26.29794],[89.12826,26.29623],[89.12689,26.29617],[89.12458,26.29461],[89.12516,26.28969],[89.12325,26.28715],[89.11853,26.28763],[89.11625,26.29768],[89.11436,26.29778],[89.11379,26.29869],[89.1143,26.30374],[89.11257,26.30493],[89.10904,26.30453],[89.10937,26.30721],[89.10841,26.30742],[89.10896,26.30961],[89.10789,26.30964],[89.10826,26.31315],[89.10557,26.31384],[89.10556,26.31531],[89.1063,26.31575],[89.10468,26.31591],[89.105,26.31391],[89.10386,26.31337],[89.10257,26.31126],[89.10278,26.30828],[89.09968,26.30474],[89.10038,26.30362],[89.10749,26.30066],[89.1067,26.29882],[89.10396,26.29777],[89.10352,26.2968],[89.10396,26.29344],[89.10722,26.29187],[89.10636,26.2904],[89.1025,26.28868],[89.10174,26.28351],[89.1023,26.28159],[89.10061,26.28068],[89.10005,26.2795],[89.10157,26.27849],[89.10324,26.27866],[89.10335,26.28134],[89.10587,26.28117],[89.10494,26.27574],[89.10563,26.27416],[89.10876,26.2755],[89.10851,26.27341],[89.10926,26.27211],[89.11132,26.27272],[89.11241,26.27156],[89.1143,26.27126],[89.11974,26.2669],[89.12477,26.26407],[89.12533,26.26135],[89.12374,26.26111],[89.12285,26.25904],[89.12097,26.25866],[89.12186,26.25595],[89.11965,26.25458],[89.12034,26.25314],[89.11974,26.25277],[89.12354,26.25007],[89.12725,26.25189],[89.12928,26.25197],[89.12943,26.24889],[89.13208,26.24642],[89.13071,26.24316],[89.13235,26.24183],[89.13173,26.23944],[89.13375,26.2394],[89.13531,26.24082],[89.13545,26.23961],[89.13404,26.23912],[89.13365,26.23795],[89.13728,26.23664],[89.13947,26.23776],[89.14091,26.23574],[89.14116,26.23154],[89.13946,26.22948],[89.14062,26.22753],[89.14036,26.22578],[89.14375,26.22135],[89.14202,26.22109],[89.14237,26.21522],[89.14298,26.21522],[89.14298,26.21396],[89.14533,26.21238],[89.14569,26.211],[89.1489,26.21015],[89.14926,26.2089],[89.14767,26.20879],[89.14882,26.2069],[89.14759,26.20645],[89.14723,26.20491],[89.14389,26.20349],[89.14385,26.20105],[89.14251,26.20098],[89.14234,26.19956],[89.1405,26.19968],[89.14048,26.19886],[89.1389,26.19881],[89.14026,26.19519],[89.139,26.19371],[89.13951,26.19244],[89.13842,26.19178],[89.1386,26.18899],[89.13548,26.18737],[89.13541,26.18586],[89.13669,26.18555],[89.1369,26.18385],[89.13632,26.18192],[89.13534,26.1819],[89.13551,26.18007],[89.13735,26.17917],[89.1375,26.17634],[89.141,26.17617],[89.1403,26.17169],[89.14086,26.16974],[89.14366,26.16925],[89.1466,26.17039],[89.14924,26.16993],[89.15157,26.16754],[89.15186,26.16541],[89.1532,26.16436],[89.15722,26.16329],[89.1553,26.15964],[89.14908,26.15951],[89.14918,26.15482],[89.15066,26.15469],[89.14983,26.15287],[89.15029,26.15198],[89.15199,26.15167],[89.15192,26.14895],[89.15274,26.14788],[89.15182,26.1462],[89.15312,26.14576],[89.15344,26.14367],[89.15531,26.14061],[89.15533,26.13832],[89.157,26.13954],[89.15863,26.13881],[89.16006,26.13962],[89.16062,26.13821],[89.15941,26.13792],[89.15951,26.13737],[89.16021,26.13691],[89.16093,26.13738],[89.16129,26.13674],[89.1599,26.13541],[89.16237,26.13553],[89.16155,26.13359],[89.16248,26.13278],[89.16379,26.13274],[89.16411,26.13343],[89.16421,26.1315],[89.16616,26.1328],[89.16715,26.1316],[89.16618,26.13053],[89.16684,26.12987],[89.16796,26.13148],[89.16864,26.13093],[89.16993,26.13132],[89.17003,26.13021],[89.17162,26.13034],[89.17406,26.13136],[89.17529,26.13097],[89.17534,26.13211],[89.17585,26.13098],[89.1778,26.12991],[89.17884,26.1303],[89.17844,26.12946],[89.17944,26.1277],[89.18157,26.1286],[89.18201,26.12959],[89.18333,26.12921],[89.18332,26.12859],[89.18516,26.12911],[89.18506,26.12732],[89.18653,26.12794],[89.18701,26.12733],[89.18896,26.12756],[89.19007,26.12678],[89.1897,26.12533],[89.19125,26.12477],[89.19193,26.12551],[89.1925,26.12432],[89.19337,26.12524],[89.19436,26.12513],[89.19406,26.12593],[89.19505,26.12539],[89.19568,26.12629],[89.19631,26.12546],[89.19673,26.12676],[89.19775,26.12628],[89.20224,26.12931],[89.20622,26.12826],[89.20685,26.12703],[89.20771,26.12768],[89.20784,26.12672],[89.20911,26.12694],[89.20907,26.1277],[89.21004,26.12735],[89.21014,26.12592],[89.21109,26.1258],[89.21117,26.1239],[89.21225,26.12532],[89.21368,26.12522],[89.21398,26.12583],[89.2147,26.12524],[89.21493,26.1269],[89.2155,26.12688],[89.21532,26.12623],[89.2169,26.12622],[89.21785,26.12707],[89.22022,26.12637],[89.21896,26.12406],[89.22024,26.12473],[89.22049,26.12583],[89.22337,26.12577],[89.22382,26.12502],[89.22315,26.12403],[89.2253,26.12379],[89.22559,26.12456],[89.22603,26.12274],[89.227,26.12334],[89.22676,26.12191],[89.2283,26.12287],[89.22771,26.1243],[89.22964,26.12394],[89.22886,26.12228],[89.22967,26.12108],[89.22816,26.12059],[89.23059,26.11888],[89.23018,26.11805],[89.23106,26.11696],[89.23214,26.11737],[89.23166,26.11583],[89.233,26.11558],[89.23329,26.11468],[89.232,26.11425],[89.23391,26.11426],[89.23399,26.11341],[89.23496,26.1142],[89.23438,26.11489],[89.23537,26.1151],[89.23629,26.11358],[89.23903,26.11388],[89.24044,26.11202],[89.23987,26.11111],[89.23882,26.11166],[89.23941,26.10977],[89.24012,26.10968],[89.23899,26.10859],[89.24096,26.10742],[89.24169,26.10817],[89.24259,26.10737],[89.24075,26.10612],[89.24257,26.10531],[89.2428,26.10661],[89.24444,26.10619],[89.24555,26.10677],[89.24566,26.10487],[89.24714,26.10505],[89.24751,26.1032],[89.24845,26.10386],[89.24842,26.1023],[89.2497,26.10221],[89.24929,26.1006],[89.25117,26.10152],[89.25224,26.1009],[89.25078,26.10013],[89.25191,26.09786],[89.25099,26.09698],[89.2512,26.09496],[89.25035,26.09489],[89.25134,26.09417],[89.25123,26.0914],[89.25293,26.09151],[89.25292,26.0925],[89.25425,26.09253],[89.25544,26.09418],[89.25746,26.09327],[89.25828,26.09371],[89.25972,26.09166],[89.26215,26.09401],[89.26294,26.09402],[89.2636,26.09273],[89.26497,26.0932],[89.26519,26.09205],[89.26749,26.09211],[89.26598,26.0879],[89.26167,26.08602],[89.26073,26.08483],[89.26091,26.08315],[89.25963,26.08308],[89.25932,26.08121],[89.25675,26.0803],[89.25639,26.07685],[89.25505,26.07503],[89.25588,26.06997],[89.25478,26.06814],[89.25407,26.06409],[89.25604,26.0634],[89.25608,26.06429],[89.25693,26.06419],[89.25962,26.06237],[89.26004,26.06292],[89.26453,26.06214],[89.26477,26.06107],[89.26911,26.06079],[89.26962,26.05965],[89.27103,26.06068],[89.26975,26.06082],[89.27012,26.06213],[89.27375,26.0619],[89.27406,26.06083],[89.27598,26.06119],[89.27515,26.06183],[89.27523,26.06267],[89.27639,26.06233],[89.2758,26.06444],[89.27771,26.0654],[89.27824,26.06649],[89.28089,26.06524],[89.28221,26.06561],[89.28345,26.06294],[89.28251,26.06067],[89.28327,26.05688],[89.28082,26.05231],[89.28106,26.05018],[89.28971,26.04949],[89.29353,26.04802],[89.29527,26.05052],[89.29754,26.052],[89.29785,26.04967],[89.29881,26.05059],[89.29951,26.04981],[89.29987,26.05097],[89.30072,26.05035],[89.29962,26.04928],[89.30078,26.04861],[89.29944,26.04756],[89.30263,26.04774],[89.30373,26.0469],[89.30494,26.04735],[89.30356,26.04561],[89.30619,26.04702],[89.3066,26.04596],[89.30597,26.04471],[89.30655,26.04431],[89.30669,26.04528],[89.3075,26.04546],[89.30916,26.04383],[89.30907,26.04216],[89.31481,26.039],[89.31666,26.03933],[89.31742,26.038],[89.31473,26.03787],[89.31474,26.03709],[89.31904,26.03831],[89.31932,26.03971],[89.32073,26.03819],[89.32399,26.03811],[89.32306,26.03709],[89.32483,26.03668],[89.3242,26.03543],[89.32582,26.03646],[89.32592,26.03432],[89.32804,26.03308],[89.32581,26.03211],[89.3292,26.03151],[89.32735,26.02993],[89.33002,26.0302],[89.32898,26.02834],[89.33068,26.0273],[89.33052,26.02896],[89.3314,26.02975],[89.33351,26.02808],[89.33247,26.02692],[89.33467,26.02768],[89.33448,26.0261],[89.33507,26.0256],[89.33683,26.02684],[89.33719,26.0258],[89.33638,26.02391],[89.33715,26.02362],[89.33771,26.02453],[89.33896,26.02308],[89.33751,26.02214],[89.33759,26.02006],[89.33878,26.02157],[89.33831,26.0195],[89.33696,26.01965],[89.33926,26.01809],[89.33758,26.01803],[89.33945,26.01794],[89.33905,26.01709],[89.34019,26.01747],[89.34027,26.01535],[89.34349,26.01515],[89.34291,26.0167],[89.34363,26.01716],[89.34352,26.01613],[89.34485,26.0162],[89.34459,26.01506],[89.34632,26.01627],[89.34684,26.01534],[89.34794,26.01625],[89.34939,26.01631],[89.34897,26.0146],[89.34769,26.01535],[89.34695,26.01392],[89.3442,26.01318],[89.34686,26.0116],[89.34857,26.01217],[89.34937,26.01085],[89.34851,26.01017],[89.34934,26.00961],[89.35007,26.01149],[89.35168,26.00963],[89.3537,26.01177],[89.35394,26.0106],[89.35535,26.00962],[89.3551,26.00848],[89.35578,26.00845],[89.35646,26.01007],[89.35696,26.00827],[89.3587,26.0082],[89.35945,26.00957],[89.35974,26.00779],[89.36005,26.00969],[89.36246,26.0086],[89.36298,26.00989],[89.36339,26.00848],[89.36515,26.00827],[89.36599,26.00965],[89.36711,26.00935],[89.36611,26.01075],[89.36716,26.01096],[89.36831,26.00849],[89.3707,26.00943],[89.37175,26.00871],[89.37237,26.01023],[89.37165,26.01135],[89.37277,26.01182],[89.37335,26.01085],[89.37386,26.01202],[89.37595,26.00925],[89.37795,26.00944],[89.38047,26.01094],[89.38589,26.01067],[89.3873,26.00963],[89.38987,26.00932],[89.38984,26.00852],[89.39248,26.00889],[89.39326,26.00668],[89.39368,26.01236],[89.39477,26.01335],[89.39346,26.01383],[89.39291,26.01576],[89.39098,26.0165],[89.39202,26.01864],[89.3907,26.01922],[89.3911,26.02291],[89.39371,26.02303],[89.39796,26.02581],[89.40227,26.02661],[89.40423,26.03074],[89.40656,26.03137],[89.40704,26.03316],[89.40563,26.033],[89.40491,26.0337],[89.40591,26.03531],[89.40756,26.0362],[89.40651,26.03748],[89.40779,26.03963],[89.40655,26.04069],[89.40696,26.04179],[89.41121,26.04101],[89.41897,26.04225],[89.42114,26.04392],[89.42372,26.04392],[89.42291,26.04703],[89.42372,26.04751],[89.42564,26.04524],[89.43029,26.04273],[89.43266,26.03832],[89.43376,26.0321],[89.42765,26.02021],[89.42728,26.01772],[89.42805,26.01517],[89.42715,26.01573],[89.42665,26.01526],[89.42737,26.01323],[89.43009,26.01157],[89.4361,26.00952],[89.44743,26.00788],[89.46135,25.99876],[89.46359,25.99817],[89.48117,25.99777],[89.48744,26.00073],[89.48824,26.00281],[89.49094,26.00447],[89.49122,26.00624],[89.49378,26.00511],[89.49692,26.0054],[89.50423,26.00216],[89.5087,26.00203],[89.51049,26.00296],[89.51423,26.00777],[89.51785,26.00967],[89.5215,26.00875],[89.5231,26.00705],[89.52574,26.0063],[89.52924,26.00652],[89.53058,26.00522],[89.53451,26.00422],[89.53581,26.00292],[89.54035,26.00199],[89.54243,26.0038],[89.54216,26.00487],[89.54063,26.0051],[89.53761,26.00413],[89.53687,26.00514],[89.54044,26.00626],[89.54387,26.00565],[89.54619,26.0025],[89.54888,26.0008],[89.54883,25.99902],[89.54172,25.99549],[89.53776,25.99446],[89.53805,25.99126],[89.53624,25.98928],[89.53667,25.98567],[89.54173,25.9834],[89.53814,25.97621],[89.53842,25.97279],[89.54023,25.97011],[89.5447,25.96812],[89.54752,25.96785],[89.55014,25.96615],[89.5572,25.96556],[89.55766,25.97013],[89.56045,25.97049],[89.56181,25.97292],[89.56367,25.97429],[89.56283,25.9756],[89.56339,25.97861],[89.56595,25.98055],[89.56846,25.97898],[89.56735,25.97054],[89.56851,25.96862],[89.56988,25.96788],[89.57705,25.96908],[89.57836,25.97357],[89.57595,25.97687],[89.57329,25.97822],[89.57411,25.98067],[89.57629,25.98206],[89.57721,25.97935],[89.58334,25.9788],[89.58389,25.97796],[89.58334,25.97631],[89.5843,25.97555],[89.58506,25.97585],[89.58509,25.97898],[89.5864,25.98072],[89.58512,25.98254],[89.58508,25.98547],[89.58274,25.99016],[89.58549,25.99261],[89.58585,25.99564],[89.58386,25.9986],[89.58374,26.00044],[89.58019,26.00202],[89.57958,26.00565],[89.57861,26.00685],[89.57909,26.00848],[89.58073,26.00987],[89.58094,26.01135],[89.58072,26.01418],[89.57933,26.01626],[89.5782,26.02177],[89.57853,26.02622],[89.58146,26.02582],[89.58318,26.02435],[89.58521,26.02635],[89.58524,26.02748],[89.58301,26.03028],[89.58314,26.03259],[89.58367,26.03357],[89.58683,26.03527],[89.58682,26.03818],[89.58802,26.03901],[89.58963,26.03897],[89.59243,26.03566],[89.59485,26.03589],[89.59693,26.03796],[89.59687,26.03986],[89.59538,26.04096],[89.59369,26.04101],[89.59338,26.04284],[89.59213,26.04313],[89.59209,26.04491],[89.59921,26.04459],[89.60347,26.04855],[89.61038,26.05072],[89.61273,26.05286],[89.61338,26.05476],[89.613,26.05652],[89.61133,26.05785],[89.60743,26.05784],[89.60503,26.06057],[89.60508,26.06365],[89.60668,26.06489],[89.60876,26.06468],[89.60998,26.06044],[89.61088,26.05978],[89.61783,26.06017],[89.61632,26.05593],[89.61767,26.05411],[89.62062,26.05348],[89.62473,26.05735],[89.62773,26.05798],[89.62803,26.06151],[89.63052,26.06288],[89.63279,26.06268],[89.63532,26.06092],[89.64372,26.0632],[89.64912,26.0616],[89.65012,26.06283],[89.64973,26.0666],[89.64822,26.06873],[89.64108,26.07365],[89.63724,26.07502],[89.63367,26.08075],[89.63398,26.08393],[89.63559,26.08624],[89.63672,26.08582],[89.63681,26.08914],[89.63965,26.09016],[89.6387,26.09163],[89.63543,26.09273],[89.63313,26.09466],[89.63231,26.09741],[89.63588,26.09845],[89.63632,26.0993],[89.63235,26.10209],[89.63102,26.10586],[89.62978,26.10728],[89.62614,26.10856],[89.6236,26.10791],[89.62325,26.10319],[89.62109,26.10054],[89.61985,26.10087],[89.61673,26.10407],[89.61403,26.10408],[89.61305,26.10257],[89.61333,26.10101],[89.61551,26.0986],[89.61691,26.09521],[89.61538,26.09448],[89.61207,26.0965],[89.60982,26.09599],[89.60865,26.09411],[89.60998,26.09127],[89.60928,26.08886],[89.60784,26.0887],[89.60657,26.0926],[89.60417,26.09492],[89.59628,26.09856],[89.59394,26.10295],[89.59653,26.10429],[89.59952,26.10314],[89.60018,26.10354],[89.60064,26.1069],[89.59667,26.10726],[89.59723,26.10828],[89.60027,26.10847],[89.59846,26.10975],[89.59916,26.1132],[89.60041,26.11324],[89.60305,26.11163],[89.60299,26.11034],[89.60435,26.10908],[89.60513,26.10627],[89.60979,26.1086],[89.61373,26.10678],[89.61581,26.10669],[89.62767,26.11452],[89.63009,26.11851],[89.62929,26.12425],[89.62798,26.12703],[89.62577,26.12872],[89.62401,26.12829],[89.62257,26.1265],[89.6216,26.1218],[89.61983,26.11983],[89.61642,26.12133],[89.61383,26.12549],[89.61347,26.12767],[89.61193,26.1279],[89.60869,26.12411],[89.60874,26.12064],[89.60749,26.11836],[89.60525,26.11691],[89.60391,26.11754],[89.60121,26.12348],[89.60265,26.12215],[89.60382,26.12242],[89.60337,26.12348],[89.60392,26.12411],[89.60609,26.12271],[89.607,26.12361],[89.60713,26.12572],[89.60518,26.12871],[89.60326,26.12894],[89.60215,26.12736],[89.60057,26.13037],[89.59782,26.13263],[89.59789,26.13392],[89.59637,26.13499],[89.59832,26.13745],[89.59821,26.13882],[89.59528,26.14013],[89.59815,26.14635],[89.59663,26.15002],[89.59838,26.15054],[89.59761,26.15387],[89.59626,26.1563],[89.59453,26.15614],[89.59084,26.1573],[89.59299,26.15821],[89.59461,26.15995],[89.5997,26.16092],[89.60155,26.1576],[89.60448,26.15626],[89.60502,26.1565],[89.60436,26.15901],[89.6052,26.15912],[89.60648,26.15497],[89.60777,26.15351],[89.60897,26.15333],[89.6103,26.15464],[89.61136,26.15814],[89.60914,26.15742],[89.60806,26.15842],[89.60972,26.1601],[89.60991,26.16174],[89.61345,26.16234],[89.61393,26.16458],[89.61336,26.16622],[89.61814,26.16684],[89.61898,26.16783],[89.61763,26.1693],[89.61248,26.16763],[89.61113,26.1687],[89.61085,26.17393],[89.6128,26.17477],[89.61322,26.17291],[89.61445,26.17264],[89.61518,26.173],[89.61524,26.1757],[89.61441,26.17623],[89.61334,26.1754],[89.61217,26.17633],[89.60853,26.17664],[89.60772,26.17889],[89.60891,26.1805],[89.61011,26.18025],[89.61031,26.17853],[89.61235,26.17802],[89.61349,26.1767],[89.61497,26.17682],[89.61478,26.17861],[89.61946,26.17946],[89.62349,26.17921],[89.62298,26.17525],[89.62139,26.17206],[89.6246,26.17152],[89.62569,26.17626],[89.62784,26.17779],[89.62983,26.17813],[89.63028,26.17961],[89.6318,26.18046],[89.63328,26.17919],[89.63673,26.17852],[89.637,26.17673],[89.63577,26.17558],[89.6337,26.1751],[89.63328,26.17366],[89.63182,26.17367],[89.63186,26.17248],[89.6328,26.17191],[89.63758,26.17222],[89.63742,26.1687],[89.63884,26.16719],[89.64276,26.16569],[89.64524,26.16575],[89.64653,26.16461],[89.64919,26.16451],[89.64969,26.16792],[89.65068,26.16894],[89.64999,26.16999],[89.65083,26.17099],[89.65314,26.16995],[89.65504,26.17016],[89.65423,26.17171],[89.6546,26.17326],[89.65829,26.17631],[89.6575,26.17798],[89.65545,26.17872],[89.65555,26.18127],[89.65312,26.18191],[89.65249,26.18103],[89.65026,26.18103],[89.65002,26.1801],[89.64921,26.1801],[89.64338,26.18269],[89.64082,26.18209],[89.63927,26.18049],[89.63894,26.17902],[89.63835,26.17906],[89.63669,26.18004],[89.63342,26.18049],[89.6326,26.18118],[89.63275,26.18275],[89.63183,26.1826],[89.63149,26.18154],[89.6277,26.18452],[89.62719,26.18985],[89.63238,26.1904],[89.63248,26.19123],[89.62854,26.19243],[89.63011,26.19607],[89.63422,26.19574],[89.63604,26.19369],[89.63507,26.18994],[89.63789,26.18965],[89.63795,26.18861],[89.63714,26.18814],[89.63795,26.18814],[89.63799,26.18684],[89.64433,26.18511],[89.64731,26.18532],[89.64558,26.18861],[89.6474,26.18777],[89.6474,26.18917],[89.64861,26.19063],[89.64647,26.19458],[89.64388,26.19502],[89.64149,26.1986],[89.63951,26.19948],[89.63768,26.20501],[89.638,26.20697],[89.63207,26.20767],[89.63213,26.21164],[89.63601,26.21706],[89.63337,26.21838],[89.63529,26.22277],[89.6337,26.22714],[89.63424,26.2296],[89.63736,26.2293],[89.64037,26.2263],[89.64582,26.22562],[89.65022,26.22151],[89.65523,26.22051],[89.65533,26.21959],[89.66188,26.21935],[89.66483,26.2213],[89.67185,26.22038],[89.67286,26.22088],[89.67145,26.22282],[89.67268,26.22492],[89.67161,26.22599],[89.67313,26.23099],[89.67799,26.23421],[89.6782,26.23775],[89.67927,26.23825],[89.68203,26.22774],[89.68431,26.22825],[89.68562,26.23106],[89.68651,26.22934],[89.68627,26.22652],[89.68707,26.22616],[89.68393,26.22453],[89.68389,26.22241],[89.68537,26.22189],[89.68758,26.22271],[89.6884,26.22201],[89.68763,26.22034],[89.68407,26.22011],[89.68173,26.22136],[89.68037,26.2237],[89.67856,26.2233],[89.67842,26.22052],[89.68,26.21402],[89.68359,26.20899],[89.68473,26.20859],[89.68952,26.21284],[89.69134,26.21355],[89.69185,26.21306],[89.69139,26.21161],[89.68715,26.20965],[89.68564,26.20691],[89.67992,26.21022],[89.67679,26.2095],[89.67354,26.20506],[89.67356,26.2018],[89.67492,26.19847],[89.6778,26.19722],[89.68084,26.19727],[89.68272,26.19895],[89.6863,26.19827],[89.68341,26.1961],[89.68191,26.1934],[89.68592,26.18411],[89.69102,26.17817],[89.70099,26.17378],[89.70124,26.17252],[89.6975,26.17001],[89.68422,26.16909],[89.68111,26.16632],[89.68214,26.16296],[89.68373,26.16169],[89.6919,26.15993],[89.69603,26.16],[89.70035,26.15542],[89.70201,26.15194],[89.70754,26.15425],[89.70943,26.15597],[89.71061,26.15929],[89.71046,26.16355],[89.71263,26.16815],[89.71433,26.16904],[89.71663,26.1686],[89.71693,26.16532],[89.71933,26.16641],[89.72052,26.15887],[89.72183,26.15643],[89.7273,26.15675],[89.73983,26.16],[89.74663,26.15868],[89.75289,26.14998],[89.75341,26.14053],[89.75992,26.13942],[89.76298,26.13641],[89.76553,26.12851],[89.76364,26.12483],[89.75684,26.1158],[89.75416,26.11427],[89.75642,26.109],[89.75834,26.1079],[89.76032,26.10922],[89.76513,26.1096],[89.7674,26.10833],[89.76902,26.10478],[89.77319,26.10588],[89.77631,26.1059],[89.77721,26.10772],[89.77963,26.10813],[89.78063,26.1061],[89.78288,26.10621],[89.78431,26.10523],[89.78553,26.10239],[89.78567,26.1014],[89.78331,26.10133],[89.78153,26.09944],[89.78173,26.0983],[89.78432,26.09882],[89.78592,26.09644],[89.78295,26.09356],[89.78296,26.09149],[89.78181,26.08948],[89.78163,26.08496],[89.78102,26.08503],[89.78083,26.08362],[89.78503,26.08356],[89.78812,26.0882],[89.79016,26.08928],[89.79304,26.08938],[89.7948,26.08772],[89.79476,26.08297],[89.79209,26.07972],[89.7907,26.07533],[89.79312,26.07598],[89.79414,26.07734],[89.79593,26.07732],[89.79661,26.07633],[89.79517,26.07377],[89.79542,26.07203],[89.79683,26.07085],[89.7966,26.06775],[89.79798,26.06589],[89.79726,26.06449],[89.79809,26.06233],[89.79761,26.06033],[89.79572,26.05893],[89.78512,26.0575],[89.7836,26.05515],[89.78401,26.05264],[89.7874,26.05123],[89.78699,26.04807],[89.78371,26.04772],[89.78163,26.04538],[89.77842,26.04424],[89.77293,26.03951],[89.77394,26.03781],[89.77598,26.03573],[89.78095,26.04141],[89.7886,26.04111],[89.78755,26.0356],[89.79074,26.03486],[89.79306,26.03556],[89.79394,26.03733],[89.7918,26.03889],[89.79295,26.04271],[89.79905,26.04196],[89.8016,26.03959],[89.79886,26.0349],[89.79756,26.03036],[89.79456,26.02865],[89.79319,26.02636],[89.79375,26.02301],[89.79589,26.02249],[89.79937,26.02582],[89.80242,26.03211],[89.80439,26.04175],[89.80804,26.04529],[89.81272,26.03804],[89.81257,26.03251],[89.81611,26.02919],[89.81827,26.02554],[89.81534,26.02189],[89.81486,26.01689],[89.81804,26.01666],[89.82171,26.01007],[89.81991,26.00756],[89.8188,25.99582],[89.81505,25.99769],[89.8163,25.99404],[89.81978,25.98841],[89.82317,25.98557],[89.83613,25.98256],[89.83538,25.98775],[89.83355,25.99007],[89.83275,25.9946],[89.83061,25.99953],[89.83203,26.0074],[89.83083,26.01018],[89.83396,26.01284],[89.8369,26.0123],[89.84358,26.00692],[89.84626,26.00328],[89.84717,25.99959],[89.84692,25.99533],[89.85012,25.98984],[89.85615,25.9884],[89.87121,25.97928],[89.87256,25.97637],[89.87134,25.9744],[89.85999,25.96947],[89.85661,25.96864],[89.8494,25.97105],[89.84157,25.97101],[89.84117,25.96868],[89.83877,25.96812],[89.83924,25.96588],[89.8437,25.9619],[89.84752,25.95658],[89.8441,25.95508],[89.84958,25.94921],[89.83051,25.9552],[89.82591,25.95149],[89.82542,25.94554],[89.83718,25.94506],[89.84202,25.94408],[89.83881,25.94178],[89.84488,25.94068],[89.84676,25.94322],[89.86859,25.94377],[89.87652,25.94522],[89.87919,25.94635],[89.88728,25.94523],[89.87694,25.92567],[89.87834,25.92576],[89.87853,25.92457],[89.85997,25.90534],[89.85572,25.8987],[89.85276,25.89717],[89.85144,25.89399],[89.84973,25.89308],[89.84834,25.89021],[89.84861,25.88761],[89.84108,25.88032],[89.83776,25.87453],[89.83459,25.87257],[89.83308,25.87032],[89.83495,25.86181],[89.83511,25.85724],[89.83405,25.85304],[89.83492,25.84126],[89.81928,25.82023],[89.81696,25.81479],[89.82649,25.81005],[89.82881,25.80516],[89.83018,25.80116],[89.83008,25.79779],[89.83139,25.79191],[89.834,25.78831],[89.83401,25.78343],[89.83962,25.7715],[89.84151,25.76112],[89.84022,25.7562],[89.83832,25.75308],[89.83148,25.74388],[89.82725,25.74028],[89.82779,25.72896],[89.83095,25.72479],[89.83161,25.72181],[89.83525,25.71572],[89.8383,25.71473],[89.84893,25.7151],[89.85104,25.71278],[89.85186,25.70853],[89.85153,25.70467],[89.84741,25.6951],[89.85291,25.68547],[89.85767,25.68083],[89.85946,25.67772],[89.8605,25.6722],[89.86275,25.66695],[89.86536,25.66376],[89.8676,25.66257],[89.8679,25.66365],[89.8708,25.66309],[89.87837,25.63938],[89.87985,25.63816],[89.88228,25.62157],[89.88157,25.6115],[89.87999,25.60486],[89.87859,25.59931],[89.87411,25.58887],[89.87416,25.58575],[89.87595,25.58429],[89.87583,25.57909],[89.87309,25.57233],[89.87355,25.57063],[89.87293,25.56908],[89.86971,25.56593],[89.86778,25.56161],[89.86638,25.54722],[89.8649,25.54375],[89.86306,25.54264],[89.85226,25.53876],[89.86072,25.5178],[89.86103,25.51533],[89.8582,25.5062],[89.85463,25.50252],[89.85569,25.49852],[89.85456,25.49601],[89.85083,25.49312],[89.84975,25.49008],[89.85092,25.48646],[89.84968,25.48092],[89.85018,25.47545],[89.85251,25.47295],[89.85287,25.46652],[89.83952,25.44979],[89.82767,25.41629],[89.82661,25.40548],[89.82265,25.39981],[89.81896,25.39632],[89.81639,25.39083],[89.81444,25.37389],[89.81722,25.36083],[89.81972,25.35583],[89.82556,25.33833],[89.82806,25.33306],[89.83403,25.32986],[89.83918,25.32287],[89.84147,25.31641],[89.84151,25.30846],[89.8383,25.30111],[89.83529,25.29783],[89.83085,25.29612],[89.83475,25.29474],[89.83755,25.29474],[89.8384,25.29329],[89.84472,25.29248],[89.84601,25.29182],[89.84607,25.29107],[89.84818,25.29101],[89.84846,25.28957],[89.85383,25.28955],[89.85674,25.2868],[89.85917,25.2862],[89.85996,25.28743],[89.86296,25.28818],[89.87234,25.28686],[89.87655,25.2855],[89.88503,25.28814],[89.88701,25.29178],[89.88999,25.29217],[89.89197,25.295],[89.8927,25.29833],[89.89545,25.29946],[89.89908,25.30465],[89.90679,25.30788],[89.90882,25.30819],[89.91441,25.30721],[89.91891,25.30479],[89.92355,25.30434],[89.92709,25.30144],[89.93409,25.30084],[89.93508,25.29996],[89.93898,25.29916],[89.94374,25.30436],[89.94556,25.30289],[89.94685,25.29472],[89.94918,25.29291],[89.95069,25.29672],[89.95432,25.30113],[89.95976,25.30247],[89.96388,25.30201],[89.96661,25.30381],[89.97688,25.29698],[89.98028,25.29088],[89.98074,25.28093],[89.98694,25.28],[89.99598,25.27678],[90.00453,25.2805],[90.00898,25.27673],[90.01926,25.27224],[90.02136,25.2692],[90.03151,25.26405],[90.03361,25.26222],[90.03921,25.2611],[90.04677,25.2608],[90.05445,25.2615],[90.05641,25.26041],[90.05979,25.25391],[90.07032,25.24762],[90.07408,25.244],[90.08118,25.24046],[90.0897,25.23903],[90.09413,25.2374],[90.09921,25.23475],[90.1003,25.23311],[90.10504,25.22947],[90.11227,25.2254],[90.11806,25.22355],[90.1215,25.22519],[90.12823,25.22573],[90.1388,25.22446],[90.1714,25.22323],[90.18789,25.21526],[90.1919,25.21523],[90.19212,25.21361],[90.19593,25.2111],[90.20792,25.2103],[90.20933,25.20823],[90.21604,25.2054],[90.21646,25.20644],[90.21873,25.20617],[90.21928,25.20683],[90.22315,25.20365],[90.22346,25.20165],[90.22548,25.2006],[90.22906,25.20355],[90.234,25.20498],[90.24478,25.20247],[90.24859,25.20039],[90.25588,25.1997],[90.26001,25.1973],[90.26417,25.19629],[90.26801,25.19854],[90.2818,25.19545],[90.28653,25.19586],[90.29494,25.19249],[90.31047,25.18889],[90.31645,25.1929],[90.32349,25.19225],[90.32604,25.19341],[90.33018,25.19385],[90.33673,25.18963],[90.34128,25.1832],[90.34822,25.17731],[90.36522,25.16732],[90.37055,25.16289],[90.38213,25.16108],[90.38704,25.16154],[90.39185,25.16093],[90.40032,25.15908],[90.40444,25.16016],[90.40707,25.15898],[90.41362,25.15369],[90.42048,25.15057],[90.4361,25.14671],[90.44106,25.14464],[90.44925,25.14506],[90.44927,25.14773],[90.45083,25.1525],[90.45667,25.15286],[90.46332,25.15433],[90.48597,25.16127],[90.48831,25.1642],[90.49915,25.16864],[90.49901,25.17219],[90.50974,25.16953],[90.50906,25.17545],[90.51854,25.17234],[90.52598,25.1739],[90.53583,25.17361],[90.53798,25.17539],[90.54492,25.17383],[90.55137,25.17518],[90.55227,25.1736],[90.55486,25.17185],[90.55703,25.17315],[90.55959,25.17341],[90.56408,25.17157],[90.56455,25.17346],[90.56948,25.1737],[90.57309,25.17321],[90.57405,25.17208],[90.57573,25.17181],[90.57698,25.17196],[90.57893,25.17486],[90.58022,25.17412],[90.58105,25.17468],[90.58201,25.17373],[90.58242,25.17472],[90.58301,25.17345],[90.58438,25.17406],[90.58639,25.17367],[90.58663,25.17539],[90.58857,25.17663],[90.58922,25.17538],[90.59337,25.17555],[90.59808,25.17681],[90.60115,25.17508],[90.60463,25.17486],[90.60473,25.17648],[90.60749,25.17623],[90.60937,25.17921],[90.60978,25.17813],[90.61268,25.17713],[90.61321,25.17411],[90.61389,25.17377],[90.61532,25.1775],[90.61593,25.17763],[90.61768,25.17323],[90.62052,25.17445],[90.62515,25.17421],[90.62672,25.1723],[90.62706,25.17327],[90.63195,25.17369],[90.63444,25.1761],[90.63674,25.17507],[90.64184,25.17492],[90.64072,25.17873],[90.63868,25.1802],[90.64023,25.18355],[90.64362,25.18271],[90.64349,25.18216],[90.6456,25.18204],[90.64611,25.18083],[90.64865,25.18077],[90.65103,25.18204],[90.65224,25.1874],[90.65131,25.18815],[90.65241,25.18872],[90.6503,25.19205],[90.64773,25.19418],[90.64959,25.19529],[90.65502,25.1902],[90.65602,25.18703],[90.65746,25.18547],[90.65916,25.186],[90.66108,25.18902],[90.66089,25.19186],[90.66221,25.19377],[90.66341,25.19804],[90.66507,25.19653],[90.66346,25.19227],[90.66244,25.19166],[90.66361,25.18775],[90.66289,25.18625],[90.6648,25.18549],[90.66547,25.18094],[90.66352,25.17942],[90.66505,25.17667],[90.66371,25.1731],[90.66555,25.1723],[90.66567,25.16971],[90.66644,25.16965],[90.66575,25.16782],[90.66614,25.16603],[90.67162,25.16874],[90.67215,25.17214],[90.67445,25.17667],[90.6763,25.17635],[90.67448,25.17264],[90.68151,25.17234],[90.68554,25.17459],[90.68542,25.17253],[90.68055,25.1688],[90.68302,25.16359],[90.68519,25.16352],[90.68681,25.16492],[90.68807,25.164],[90.68978,25.16436],[90.69101,25.16356],[90.6918,25.16097],[90.69504,25.16021],[90.69501,25.15914],[90.69769,25.1571],[90.69901,25.15691],[90.70045,25.15938],[90.69945,25.1611],[90.70072,25.16491],[90.70154,25.16432],[90.70173,25.16276],[90.70299,25.16193],[90.70658,25.16122],[90.70657,25.16321],[90.70771,25.16362],[90.70806,25.16669],[90.71,25.16817],[90.71469,25.16766],[90.71753,25.16389],[90.72116,25.16402],[90.72195,25.1648],[90.72565,25.16296],[90.72559,25.16089],[90.72768,25.15731],[90.73143,25.15751],[90.73176,25.15513],[90.7333,25.15497],[90.73436,25.15818],[90.73676,25.15723],[90.74111,25.15919],[90.74189,25.16119],[90.73784,25.16443],[90.73479,25.16296],[90.73441,25.162],[90.73313,25.16204],[90.73412,25.16694],[90.73937,25.16673],[90.73981,25.16935],[90.74224,25.17024],[90.74153,25.16766],[90.742,25.16596],[90.74492,25.1655],[90.74753,25.16411],[90.74949,25.16701],[90.75669,25.16991],[90.75784,25.16818],[90.75836,25.16957],[90.75899,25.16791],[90.76031,25.16838],[90.76172,25.16971],[90.76065,25.17217],[90.75878,25.17243],[90.76316,25.176],[90.76465,25.17902],[90.76658,25.17969],[90.76921,25.18251],[90.77091,25.18162],[90.77245,25.18227],[90.77399,25.1817],[90.78029,25.1863],[90.78147,25.18595],[90.78088,25.18333],[90.7818,25.18217],[90.78153,25.18079],[90.78255,25.18038],[90.7841,25.18139],[90.78406,25.17963],[90.7872,25.17891],[90.79498,25.18121],[90.79544,25.17852],[90.79779,25.17516],[90.80271,25.17289],[90.80545,25.17372],[90.80397,25.1682],[90.80499,25.16649],[90.81484,25.16403],[90.81509,25.16496],[90.81359,25.16601],[90.81372,25.16738],[90.81787,25.16778],[90.81942,25.16282],[90.82143,25.1634],[90.82588,25.16213],[90.83702,25.16096],[90.83773,25.16162],[90.84071,25.16123],[90.84056,25.16422],[90.84191,25.16449],[90.8444,25.15854],[90.84985,25.15778],[90.85285,25.15816],[90.85427,25.15923],[90.85538,25.15784],[90.85797,25.15807],[90.85975,25.15838],[90.85799,25.15893],[90.85927,25.16017],[90.86088,25.15934],[90.86125,25.15792],[90.86277,25.15786],[90.86577,25.1611],[90.86786,25.16107],[90.87142,25.15969],[90.87423,25.16132],[90.87501,25.16355],[90.877,25.16367],[90.88385,25.16681],[90.88418,25.16602],[90.89149,25.16555],[90.89446,25.16469],[90.89724,25.16642],[90.90164,25.16271],[90.90308,25.16302],[90.90428,25.16211],[90.90723,25.16274],[90.91798,25.16283],[90.91858,25.16346],[90.92784,25.16234],[90.92863,25.16333],[90.93324,25.16475],[90.93682,25.16488],[90.94314,25.16771],[90.94643,25.16763],[90.9476,25.16841],[90.94877,25.17087],[90.96069,25.17042],[90.9643,25.17198],[90.96658,25.17175],[90.97357,25.17522],[90.97717,25.17409],[90.98037,25.17526],[90.98502,25.17526],[90.99227,25.17832],[91.00185,25.18061],[91.00191,25.18142],[91.00331,25.18155],[91.00369,25.18049],[91.00534,25.18028],[91.00815,25.18158],[91.00814,25.18286],[91.00946,25.18339],[91.01051,25.18252],[91.01868,25.184],[91.01915,25.18705],[91.02372,25.18566],[91.02707,25.18601],[91.0304,25.18525],[91.0321,25.18647],[91.03537,25.18693],[91.0383,25.18646],[91.03934,25.18863],[91.04019,25.18873],[91.04031,25.18779],[91.04348,25.18836],[91.04849,25.19051],[91.04993,25.18997],[91.05114,25.1911],[91.05516,25.19258],[91.06285,25.19134],[91.06917,25.19222],[91.0724,25.19386],[91.07129,25.19553],[91.06984,25.19619],[91.06989,25.19799],[91.07387,25.1988],[91.08058,25.19698],[91.08616,25.19645],[91.0913,25.19703],[91.10568,25.19532],[91.1256,25.19421],[91.13548,25.1949],[91.13822,25.19622],[91.1513,25.19706],[91.15604,25.19635],[91.15971,25.19788],[91.16149,25.19768],[91.16435,25.19596],[91.18002,25.19825],[91.19471,25.202],[91.22086,25.20003],[91.22323,25.19914],[91.22444,25.20027],[91.23043,25.19696],[91.23323,25.19918],[91.23628,25.19921],[91.23678,25.19716],[91.24368,25.19713],[91.24728,25.19798],[91.25075,25.19587],[91.25157,25.19943],[91.25388,25.2006],[91.25977,25.20114],[91.26012,25.20525],[91.2669,25.20648],[91.26789,25.20735],[91.27623,25.19912],[91.28175,25.19674],[91.28819,25.19538],[91.29209,25.19343],[91.29213,25.19237],[91.28875,25.19014],[91.28819,25.18738],[91.2865,25.18548],[91.28837,25.18662],[91.29244,25.18396],[91.30012,25.18435],[91.30444,25.18273],[91.31142,25.18422],[91.31699,25.18384],[91.32255,25.18201],[91.32449,25.18068],[91.32685,25.17633],[91.33126,25.1776],[91.33451,25.17665],[91.33499,25.17486],[91.33719,25.17372],[91.34724,25.17439],[91.3515,25.17597],[91.35371,25.17129],[91.359,25.17564],[91.35961,25.17688],[91.36216,25.17832],[91.36454,25.17793],[91.36505,25.17484],[91.36881,25.17079],[91.37609,25.16814],[91.38126,25.16842],[91.38329,25.16981],[91.38469,25.16981],[91.38901,25.1676],[91.39852,25.16456],[91.4067,25.16621],[91.40876,25.16409],[91.41081,25.16388],[91.41275,25.16742],[91.41197,25.16952],[91.41447,25.17122],[91.42125,25.16304],[91.4227,25.16215],[91.42358,25.15832],[91.42514,25.15704],[91.42849,25.15752],[91.43252,25.15703],[91.43714,25.15427],[91.44054,25.14977],[91.44313,25.15083],[91.44564,25.14977],[91.44784,25.15022],[91.44955,25.14929],[91.44828,25.1524],[91.45146,25.15437],[91.45463,25.15382],[91.45544,25.15316],[91.45523,25.15197],[91.45667,25.15172],[91.45752,25.15024],[91.4593,25.15162],[91.45968,25.15326],[91.46069,25.15262],[91.46618,25.15349],[91.46947,25.1529],[91.47085,25.15115],[91.46911,25.14345],[91.46935,25.14262],[91.47146,25.142],[91.47202,25.1407],[91.47144,25.13886],[91.46576,25.13579],[91.46912,25.1359],[91.47108,25.13496],[91.47601,25.13489],[91.47701,25.13574],[91.47646,25.13663],[91.47699,25.13783],[91.4822,25.13855],[91.489,25.13678],[91.49176,25.14025],[91.4942,25.14025],[91.4949,25.13843],[91.49446,25.13767],[91.49623,25.13699],[91.49801,25.13745],[91.49912,25.13668],[91.50007,25.14141],[91.49879,25.14292],[91.49977,25.14387],[91.49933,25.14477],[91.50207,25.14497],[91.51013,25.14971],[91.51186,25.14865],[91.51426,25.14839],[91.51802,25.14898],[91.52104,25.14716],[91.52542,25.147],[91.52748,25.1458],[91.53456,25.14776],[91.53879,25.1479],[91.55607,25.15117],[91.55614,25.15311],[91.56074,25.15845],[91.56184,25.15881],[91.56294,25.16079],[91.56608,25.15998],[91.57163,25.161],[91.57185,25.16283],[91.5702,25.16592],[91.57473,25.16847],[91.57698,25.17212],[91.58867,25.17187],[91.58951,25.17335],[91.59192,25.17447],[91.59466,25.17373],[91.59507,25.17437],[91.60256,25.17434],[91.60554,25.17352],[91.61051,25.17573],[91.61043,25.17639],[91.61271,25.17626],[91.61468,25.17504],[91.61461,25.16971],[91.61241,25.17034],[91.60808,25.16985],[91.60394,25.16758],[91.60274,25.16341],[91.60146,25.16291],[91.59886,25.15942],[91.60037,25.15857],[91.60273,25.15873],[91.60327,25.15804],[91.6023,25.15466],[91.59966,25.15072],[91.60168,25.14331],[91.60361,25.14031],[91.60713,25.14514],[91.61102,25.1464],[91.61215,25.14394],[91.61214,25.14196],[91.61341,25.14214],[91.6154,25.14523],[91.62137,25.1436],[91.6219,25.13901],[91.62307,25.13659],[91.62229,25.13149],[91.62307,25.1281],[91.62678,25.12558],[91.63403,25.12391],[91.63546,25.1243],[91.63636,25.12292],[91.63753,25.12272],[91.63964,25.12365],[91.6403,25.12301],[91.64198,25.12314],[91.64534,25.12736],[91.64673,25.12711],[91.64852,25.12793],[91.65085,25.12721],[91.65202,25.12792],[91.65269,25.13137],[91.65755,25.13215],[91.66413,25.13026],[91.66393,25.13664],[91.67151,25.13862],[91.67557,25.13797],[91.68063,25.1352],[91.68613,25.13753],[91.68915,25.13706],[91.69204,25.13758],[91.69357,25.13939],[91.69439,25.14216],[91.69449,25.14615],[91.69882,25.14638],[91.69972,25.14917],[91.70306,25.15306],[91.70047,25.15682],[91.70402,25.16006],[91.70703,25.15659],[91.71111,25.15944],[91.71606,25.15797],[91.71672,25.15454],[91.71853,25.15383],[91.7328,25.15156],[91.73643,25.14938],[91.73773,25.14415],[91.74171,25.14311],[91.74116,25.14485],[91.74263,25.14733],[91.74244,25.15056],[91.74333,25.15086],[91.74404,25.15483],[91.7479,25.15697],[91.74817,25.16169],[91.74505,25.16957],[91.74769,25.17321],[91.75219,25.17567],[91.75601,25.17061],[91.75942,25.16753],[91.76602,25.16736],[91.77129,25.16569],[91.77539,25.16305],[91.77942,25.16474],[91.78058,25.16602],[91.78507,25.16678],[91.79791,25.16816],[91.80588,25.16812],[91.80719,25.17163],[91.8171,25.17153],[91.82311,25.17662],[91.83453,25.17752],[91.84175,25.17734],[91.84679,25.17493],[91.85448,25.1733],[91.87056,25.17361],[91.87544,25.17737],[91.87983,25.17399],[91.88154,25.17559],[91.88433,25.17674],[91.89221,25.17672],[91.89596,25.17762],[91.89591,25.17876],[91.90717,25.17962],[91.91269,25.18101],[91.91497,25.18239],[91.93075,25.17971],[91.93202,25.18132],[91.9342,25.17822],[91.94238,25.17826],[91.94626,25.17933],[91.96781,25.17587],[91.96886,25.17047],[91.97035,25.16948],[91.97602,25.16834],[91.98255,25.17059],[91.99749,25.18096],[92.00848,25.1843],[92.01249,25.18436],[92.02314,25.18229],[92.03449,25.18388],[92.03713,25.18229],[92.03899,25.18276],[92.0404,25.18633],[92.04748,25.18687],[92.0525,25.18556],[92.06024,25.18543],[92.06308,25.18701],[92.06613,25.18411],[92.07346,25.18492],[92.07556,25.18056],[92.09361,25.1775],[92.09861,25.17528],[92.11528,25.17083],[92.12028,25.16861],[92.13306,25.15889],[92.14111,25.14444],[92.14611,25.14222],[92.15222,25.14167],[92.15889,25.14306],[92.16528,25.1425],[92.17222,25.13472],[92.17861,25.13417],[92.18194,25.13806],[92.18694,25.14056],[92.19306,25.14],[92.20667,25.13167],[92.21361,25.12417],[92.22472,25.105],[92.22424,25.0993],[92.22711,25.09631],[92.22946,25.09773],[92.23108,25.09781],[92.24091,25.09296],[92.25424,25.08799],[92.25615,25.08663],[92.25693,25.08704],[92.25946,25.08574],[92.26983,25.08373],[92.27196,25.08227],[92.28153,25.07978],[92.283,25.07872],[92.2872,25.07836],[92.29103,25.07625],[92.29581,25.07534],[92.29725,25.07414],[92.30174,25.07262],[92.30477,25.07197],[92.30513,25.07298],[92.30739,25.07305],[92.30833,25.072],[92.3079,25.07114],[92.31086,25.07035],[92.3132,25.07307],[92.31488,25.07316],[92.31757,25.07145],[92.31666,25.07287],[92.3197,25.07684],[92.31971,25.07819],[92.32138,25.07929],[92.32498,25.07978],[92.32855,25.0788],[92.32968,25.08036],[92.33311,25.07989],[92.33263,25.07867],[92.33373,25.07824],[92.33449,25.07878],[92.33528,25.0775],[92.33788,25.07618],[92.34308,25.07544],[92.34291,25.07465],[92.3475,25.07362],[92.34754,25.06395],[92.34686,25.06011],[92.34819,25.05947],[92.34995,25.0605],[92.35054,25.05938],[92.34783,25.05844],[92.34839,25.0563],[92.34728,25.05521],[92.34504,25.05473],[92.34547,25.05362],[92.34474,25.05282],[92.34266,25.05274],[92.34219,25.05195],[92.34436,25.0522],[92.34558,25.05033],[92.34657,25.05017],[92.34803,25.05051],[92.3483,25.05178],[92.35216,25.05017],[92.35807,25.05149],[92.36011,25.04982],[92.36115,25.05197],[92.36513,25.05142],[92.36628,25.05061],[92.36725,25.05114],[92.36872,25.04961],[92.36807,25.04826],[92.36961,25.04761],[92.3708,25.04579],[92.37407,25.04445],[92.37539,25.04497],[92.3762,25.044],[92.3777,25.04417],[92.37847,25.04196],[92.38028,25.04247],[92.38262,25.04199],[92.38256,25.04302],[92.38422,25.0436],[92.38733,25.04149],[92.38779,25.04196],[92.39099,25.04098],[92.39379,25.04132],[92.39437,25.03854],[92.39832,25.03484],[92.40179,25.03587],[92.40116,25.03491],[92.40284,25.03343],[92.40449,25.03569],[92.40517,25.03532],[92.40499,25.03417],[92.40743,25.03269],[92.40973,25.03266],[92.41047,25.03175],[92.4113,25.0322],[92.41142,25.03153],[92.41206,25.03193],[92.41425,25.03065],[92.41521,25.03079],[92.41545,25.03196],[92.41699,25.03231],[92.41765,25.03352],[92.41824,25.03207],[92.42072,25.03189],[92.42205,25.03095],[92.42199,25.03195],[92.42377,25.03225],[92.42382,25.03165],[92.42545,25.03158],[92.42656,25.03236],[92.42681,25.03155],[92.42838,25.03122],[92.42666,25.02975],[92.42783,25.02945],[92.42958,25.02733],[92.4309,25.02712],[92.43019,25.02293],[92.4311,25.02108],[92.42913,25.0214],[92.42866,25.02025],[92.42767,25.0203],[92.42747,25.01918],[92.42572,25.01831],[92.42652,25.01215],[92.42554,25.01081],[92.42543,25.00748],[92.42632,25.00659],[92.42364,25.00456],[92.41851,24.99339],[92.41877,24.99279],[92.421,24.99277],[92.42507,24.98987],[92.42361,24.98848],[92.42238,24.97253],[92.42015,24.96834],[92.42067,24.96702],[92.42725,24.96671],[92.43871,24.9682],[92.44778,24.96611],[92.45378,24.97147],[92.45758,24.9722],[92.4699,24.96416],[92.47032,24.96103],[92.46684,24.955],[92.45531,24.95468],[92.45179,24.95173],[92.44944,24.9475],[92.44918,24.94211],[92.45114,24.94041],[92.46346,24.943],[92.4711,24.94257],[92.47677,24.94441],[92.48202,24.94935],[92.48738,24.94951],[92.48957,24.94858],[92.489,24.94473],[92.48468,24.9325],[92.48636,24.92447],[92.48708,24.92334],[92.49297,24.92093],[92.49479,24.91949],[92.49526,24.91784],[92.49302,24.9125],[92.49637,24.9109],[92.49944,24.90648],[92.49913,24.90381],[92.49306,24.89528],[92.49528,24.89],[92.49505,24.88262],[92.49312,24.87978],[92.48861,24.87749],[92.48381,24.86267],[92.48252,24.86256],[92.48052,24.86374],[92.47638,24.86788],[92.46074,24.87378],[92.45493,24.87408],[92.44293,24.87102],[92.44082,24.86986],[92.43967,24.86811],[92.44115,24.86355],[92.44122,24.85998],[92.43971,24.85705],[92.43716,24.85544],[92.42413,24.85321],[92.42007,24.85482],[92.41596,24.85795],[92.40977,24.85977],[92.40664,24.85957],[92.40498,24.85904],[92.40256,24.85664],[92.40211,24.84927],[92.3998,24.84858],[92.38592,24.85217],[92.38378,24.85334],[92.38317,24.86019],[92.37835,24.86331],[92.37618,24.87203],[92.37451,24.87433],[92.37309,24.87544],[92.37124,24.87557],[92.36614,24.87258],[92.36343,24.8724],[92.36073,24.87879],[92.35964,24.87933],[92.35637,24.87884],[92.35472,24.87958],[92.34857,24.89156],[92.34591,24.89442],[92.3446,24.89429],[92.34317,24.89205],[92.34495,24.88416],[92.34373,24.88005],[92.34115,24.87846],[92.33865,24.87884],[92.32941,24.88828],[92.32817,24.89067],[92.32746,24.89502],[92.32583,24.89709],[92.32346,24.89752],[92.31676,24.89494],[92.31575,24.89547],[92.31333,24.89849],[92.30682,24.90309],[92.30621,24.91062],[92.30381,24.91376],[92.29818,24.9165],[92.29492,24.91651],[92.29283,24.91575],[92.28624,24.91209],[92.28448,24.91084],[92.28241,24.90669],[92.28141,24.90601],[92.27156,24.90535],[92.26599,24.90704],[92.25859,24.90708],[92.24744,24.90892],[92.24428,24.90811],[92.24126,24.90536],[92.23412,24.90154],[92.2376,24.89946],[92.23735,24.8941],[92.23791,24.89345],[92.24035,24.89307],[92.24157,24.89087],[92.248,24.88873],[92.24938,24.88619],[92.24825,24.87639],[92.24915,24.86965],[92.24762,24.86689],[92.24569,24.86568],[92.24229,24.86675],[92.23907,24.86649],[92.23695,24.86181],[92.24119,24.85871],[92.24125,24.85381],[92.24329,24.84945],[92.24265,24.84698],[92.24423,24.84253],[92.24687,24.84124],[92.25096,24.84091],[92.25211,24.83863],[92.25424,24.83865],[92.25399,24.83666],[92.25277,24.83588],[92.25414,24.83321],[92.26643,24.83162],[92.26936,24.83193],[92.27437,24.82848],[92.27402,24.82623],[92.27504,24.82392],[92.27455,24.82215],[92.27496,24.82125],[92.27593,24.82114],[92.27811,24.81705],[92.27665,24.81363],[92.27765,24.8125],[92.2778,24.80977],[92.27567,24.80607],[92.27672,24.80284],[92.27536,24.80206],[92.27451,24.80037],[92.28016,24.79848],[92.28148,24.79652],[92.28169,24.79197],[92.28505,24.79045],[92.28702,24.79041],[92.29009,24.78844],[92.29023,24.78722],[92.28951,24.78693],[92.29026,24.78439],[92.2893,24.78298],[92.29129,24.78008],[92.29007,24.77937],[92.28997,24.77768],[92.28874,24.77741],[92.28811,24.77626],[92.28879,24.77408],[92.28824,24.77172],[92.28686,24.76998],[92.28697,24.76732],[92.2882,24.76511],[92.29264,24.76205],[92.29258,24.76038],[92.29376,24.76031],[92.29417,24.7594],[92.29373,24.7577],[92.29432,24.75643],[92.29112,24.75447],[92.28974,24.75543],[92.28839,24.7554],[92.28847,24.75375],[92.28508,24.75191],[92.28265,24.74797],[92.2816,24.74759],[92.28222,24.74668],[92.28125,24.74537],[92.28489,24.74228],[92.28934,24.74494],[92.28969,24.74381],[92.29164,24.74387],[92.29218,24.74308],[92.29118,24.7412],[92.29319,24.74028],[92.29406,24.73854],[92.29626,24.73835],[92.29782,24.73716],[92.29788,24.73631],[92.2941,24.72892],[92.29231,24.72726],[92.2922,24.7255],[92.29072,24.72315],[92.2809,24.71193],[92.27729,24.70925],[92.27748,24.70642],[92.27524,24.70423],[92.27452,24.70451],[92.27303,24.7011],[92.27169,24.70003],[92.27194,24.69855],[92.27109,24.69709],[92.27047,24.69727],[92.26768,24.69235],[92.26733,24.68945],[92.26631,24.68882],[92.26319,24.68929],[92.26313,24.68769],[92.26132,24.68666],[92.261,24.68408],[92.2602,24.68325],[92.26095,24.68206],[92.25998,24.67938],[92.2604,24.67857],[92.25906,24.67609],[92.26008,24.67524],[92.26175,24.67073],[92.26083,24.66849],[92.25988,24.66808],[92.25978,24.66513],[92.25603,24.66139],[92.25572,24.65957],[92.25304,24.65941],[92.25125,24.65713],[92.24923,24.65689],[92.24859,24.65517],[92.24928,24.65457],[92.24926,24.65171],[92.2523,24.65189],[92.25199,24.64986],[92.25391,24.64802],[92.252,24.64527],[92.25267,24.64436],[92.251,24.64048],[92.25164,24.63796],[92.25038,24.63588],[92.25109,24.63368],[92.24977,24.63257],[92.24934,24.63076],[92.25027,24.62871],[92.24973,24.62839],[92.25085,24.6277],[92.24955,24.62556],[92.24932,24.6209],[92.24719,24.61526],[92.24378,24.61442],[92.24489,24.61223],[92.24365,24.61212],[92.24451,24.61115],[92.24384,24.6112],[92.24346,24.60986],[92.24253,24.60982],[92.24213,24.608],[92.24274,24.6073],[92.24146,24.60665],[92.24136,24.60512],[92.24024,24.60486],[92.24008,24.60071],[92.2387,24.59949],[92.23947,24.59898],[92.23824,24.59694],[92.23896,24.59574],[92.23792,24.59293],[92.23845,24.59222],[92.23772,24.59035],[92.23681,24.58999],[92.23596,24.58224],[92.23528,24.5813],[92.23582,24.57485],[92.2344,24.57374],[92.23499,24.57227],[92.23413,24.57123],[92.23332,24.56768],[92.23367,24.56539],[92.23288,24.56367],[92.23376,24.5626],[92.23313,24.56124],[92.23468,24.55709],[92.23226,24.54699],[92.23345,24.54258],[92.23227,24.54143],[92.23315,24.53905],[92.23188,24.53853],[92.23297,24.53717],[92.23224,24.53594],[92.23283,24.53507],[92.2327,24.53063],[92.23239,24.5295],[92.23011,24.52772],[92.22493,24.51675],[92.22258,24.51573],[92.22136,24.51284],[92.21943,24.51208],[92.21809,24.50797],[92.21459,24.50297],[92.21094,24.50365],[92.20901,24.50294],[92.20635,24.50501],[92.20068,24.50684],[92.19958,24.50864],[92.19525,24.51084],[92.19103,24.5165],[92.18797,24.51812],[92.18486,24.52143],[92.17823,24.52189],[92.17595,24.52281],[92.17466,24.52538],[92.17237,24.5266],[92.16986,24.53084],[92.16689,24.53023],[92.16477,24.5283],[92.16238,24.52771],[92.15674,24.51815],[92.15661,24.51711],[92.15873,24.51651],[92.15885,24.51553],[92.15661,24.51097],[92.1604,24.50797],[92.16052,24.50659],[92.16011,24.50536],[92.15571,24.50113],[92.15552,24.49981],[92.153,24.49797],[92.15291,24.49503],[92.15535,24.49249],[92.15505,24.49142],[92.15401,24.49145],[92.15313,24.48936],[92.1546,24.48751],[92.15399,24.48287],[92.15452,24.47948],[92.1565,24.47868],[92.15843,24.4745],[92.15676,24.47242],[92.15713,24.47064],[92.15901,24.46979],[92.15992,24.46497],[92.16201,24.46322],[92.16201,24.46241],[92.1608,24.46156],[92.16206,24.45727],[92.16095,24.45449],[92.16366,24.45188],[92.16262,24.4492],[92.16554,24.44478],[92.165,24.4414],[92.16565,24.43991],[92.16498,24.43794],[92.1667,24.4378],[92.16899,24.4357],[92.16779,24.42972],[92.16932,24.42933],[92.16972,24.42692],[92.16881,24.42668],[92.16867,24.42284],[92.16738,24.42297],[92.16627,24.42006],[92.1653,24.41947],[92.16517,24.41762],[92.16264,24.41771],[92.15823,24.42105],[92.15587,24.42159],[92.15384,24.42352],[92.1486,24.42045],[92.1441,24.42118],[92.13779,24.42397],[92.13722,24.42305],[92.1379,24.41929],[92.13501,24.41703],[92.13444,24.4144],[92.13623,24.40699],[92.13538,24.4058],[92.1317,24.40465],[92.12921,24.40173],[92.12733,24.39635],[92.12423,24.39511],[92.12162,24.39119],[92.12182,24.38829],[92.12407,24.38433],[92.12217,24.38099],[92.11908,24.38014],[92.11499,24.3801],[92.111,24.37819],[92.10964,24.3784],[92.10946,24.37963],[92.10741,24.37929],[92.10605,24.38059],[92.10419,24.37426],[92.10273,24.37481],[92.10259,24.37636],[92.10157,24.37697],[92.1002,24.37385],[92.0911,24.37084],[92.0859,24.37237],[92.08492,24.37085],[92.08298,24.37087],[92.0792,24.37196],[92.07656,24.37404],[92.07612,24.37314],[92.07354,24.37371],[92.07119,24.3728],[92.06953,24.37435],[92.06829,24.37341],[92.06471,24.37368],[92.06424,24.37438],[92.06011,24.37372],[92.0581,24.37512],[92.05628,24.37415],[92.05492,24.37448],[92.05444,24.37303],[92.05284,24.37254],[92.0503,24.37239],[92.04704,24.3735],[92.04388,24.37287],[92.04207,24.37407],[92.04165,24.37553],[92.03793,24.37595],[92.03669,24.37791],[92.0355,24.37846],[92.0335,24.37793],[92.02573,24.37915],[92.02505,24.38123],[92.02171,24.38178],[92.02057,24.38387],[92.02111,24.3849],[92.02021,24.38589],[92.01631,24.38307],[92.00731,24.38025],[92.00475,24.38129],[92.00394,24.38262],[92.004,24.38592],[92.0024,24.38714],[92.00033,24.38699],[91.99856,24.39156],[91.99692,24.39105],[91.99612,24.38745],[91.9928,24.38635],[91.98988,24.38367],[91.98994,24.38134],[91.9884,24.37736],[91.98524,24.37559],[91.98326,24.37617],[91.98218,24.38005],[91.97981,24.37987],[91.97478,24.38116],[91.97481,24.38196],[91.97291,24.38372],[91.97187,24.38265],[91.97474,24.38023],[91.97591,24.377],[91.97565,24.37594],[91.9725,24.37415],[91.97399,24.3718],[91.97632,24.37339],[91.9776,24.37342],[91.97935,24.36995],[91.97893,24.36807],[91.98232,24.36365],[91.98549,24.36161],[91.98533,24.35935],[91.98453,24.35866],[91.98022,24.3584],[91.98009,24.35778],[91.98118,24.35629],[91.98309,24.35594],[91.98289,24.35363],[91.98712,24.35041],[91.99024,24.34484],[91.99241,24.34477],[91.99375,24.34393],[91.99458,24.3405],[91.99729,24.33872],[91.99932,24.3351],[91.9991,24.33181],[91.99825,24.33083],[91.99527,24.33059],[91.99535,24.32936],[91.99607,24.32943],[91.99578,24.32692],[91.99643,24.32692],[91.99596,24.32226],[91.99253,24.32239],[91.98935,24.32347],[91.98444,24.32227],[91.98162,24.32321],[91.98005,24.32837],[91.97585,24.3296],[91.97324,24.33444],[91.97124,24.33969],[91.96986,24.34683],[91.96615,24.35095],[91.95887,24.35383],[91.95706,24.35358],[91.9557,24.35229],[91.95378,24.35223],[91.95284,24.35071],[91.95212,24.35097],[91.95193,24.34882],[91.9502,24.3498],[91.94774,24.34944],[91.9463,24.34778],[91.94415,24.3469],[91.943,24.34472],[91.94306,24.34349],[91.94392,24.34321],[91.94351,24.34261],[91.94171,24.34255],[91.93962,24.34058],[91.93804,24.34185],[91.93723,24.34167],[91.93458,24.33912],[91.93298,24.33895],[91.93221,24.33731],[91.92952,24.3386],[91.92748,24.338],[91.92661,24.33489],[91.92596,24.33526],[91.92497,24.33391],[91.92405,24.33472],[91.92413,24.33344],[91.9231,24.33358],[91.922,24.33239],[91.9234,24.33113],[91.92278,24.33041],[91.92403,24.33078],[91.92425,24.32887],[91.92351,24.32896],[91.92448,24.32703],[91.92332,24.32582],[91.92513,24.32493],[91.92485,24.32197],[91.92615,24.32212],[91.92573,24.32071],[91.92696,24.3211],[91.92639,24.31883],[91.92728,24.31897],[91.92703,24.31705],[91.92888,24.31741],[91.9286,24.31513],[91.92974,24.31409],[91.92838,24.3135],[91.92901,24.31255],[91.92831,24.31138],[91.93041,24.31011],[91.93037,24.30793],[91.9322,24.30555],[91.93231,24.30325],[91.93436,24.30138],[91.93589,24.2986],[91.93488,24.29727],[91.93541,24.29573],[91.93791,24.29531],[91.9378,24.29428],[91.937,24.29396],[91.93665,24.29085],[91.93491,24.28931],[91.93634,24.28828],[91.93779,24.28865],[91.9385,24.28799],[91.93857,24.28446],[91.94051,24.28172],[91.94063,24.28007],[91.93964,24.2797],[91.93928,24.27735],[91.94094,24.27699],[91.94095,24.27486],[91.9433,24.2723],[91.94365,24.26915],[91.94447,24.26765],[91.94631,24.26712],[91.94602,24.26552],[91.94778,24.26421],[91.94698,24.26396],[91.9466,24.26211],[91.94508,24.26054],[91.94423,24.25739],[91.94304,24.25672],[91.9436,24.25604],[91.94008,24.25527],[91.93967,24.25062],[91.93872,24.24884],[91.93991,24.24792],[91.94033,24.24641],[91.93864,24.24438],[91.93692,24.2452],[91.93522,24.24239],[91.93349,24.24127],[91.93206,24.23739],[91.93247,24.23681],[91.93162,24.23607],[91.9327,24.23601],[91.93253,24.23413],[91.93154,24.23274],[91.93178,24.23024],[91.93094,24.22977],[91.93042,24.22825],[91.93094,24.22787],[91.92995,24.22721],[91.93044,24.22704],[91.92992,24.22625],[91.93199,24.22256],[91.92913,24.22244],[91.92954,24.21991],[91.9284,24.21931],[91.929,24.21915],[91.92753,24.21733],[91.92632,24.21716],[91.92608,24.21633],[91.92685,24.21598],[91.92596,24.21531],[91.92701,24.21465],[91.92547,24.21105],[91.92693,24.2076],[91.92393,24.20675],[91.92306,24.20564],[91.92272,24.20471],[91.92377,24.20286],[91.92248,24.20225],[91.92242,24.20134],[91.92205,24.20167],[91.92245,24.20063],[91.9212,24.19794],[91.92132,24.19678],[91.92228,24.19643],[91.92116,24.1949],[91.92013,24.19494],[91.9218,24.19224],[91.92015,24.19177],[91.92045,24.18696],[91.91938,24.18568],[91.92044,24.18532],[91.9198,24.18448],[91.92037,24.18362],[91.91943,24.18362],[91.91767,24.1821],[91.91898,24.18055],[91.91833,24.17934],[91.91939,24.17938],[91.91907,24.17885],[91.91993,24.17818],[91.91887,24.17776],[91.91898,24.17699],[91.917,24.17483],[91.918,24.17425],[91.91885,24.17188],[91.91663,24.16813],[91.91789,24.16769],[91.91774,24.16682],[91.91608,24.16495],[91.91664,24.16308],[91.91567,24.16203],[91.91649,24.15884],[91.91536,24.15736],[91.91525,24.15332],[91.91425,24.15123],[91.91492,24.14908],[91.91395,24.14904],[91.91219,24.14667],[91.91258,24.14586],[91.91178,24.14429],[91.90949,24.14416],[91.90883,24.14149],[91.9066,24.14063],[91.90616,24.13782],[91.90297,24.13601],[91.89689,24.13549],[91.89266,24.13304],[91.89007,24.13368],[91.89023,24.13497],[91.88803,24.13511],[91.88649,24.13691],[91.88418,24.13781],[91.883,24.13957],[91.8799,24.14017],[91.88004,24.14212],[91.87903,24.14258],[91.87906,24.14385],[91.87665,24.14623],[91.877,24.15081],[91.87425,24.15524],[91.87478,24.16009],[91.87309,24.16153],[91.87226,24.1639],[91.87197,24.17316],[91.86773,24.17547],[91.86525,24.1756],[91.86341,24.17853],[91.86105,24.17966],[91.85708,24.17957],[91.85482,24.18054],[91.85418,24.18203],[91.85292,24.18225],[91.85158,24.18404],[91.85255,24.18597],[91.84992,24.18901],[91.84657,24.18876],[91.84452,24.19026],[91.84184,24.2014],[91.84344,24.20378],[91.84718,24.20482],[91.84782,24.2119],[91.84928,24.21479],[91.8456,24.21698],[91.84528,24.21805],[91.84654,24.22041],[91.84335,24.21986],[91.84244,24.22087],[91.84255,24.22384],[91.84462,24.22581],[91.84249,24.22634],[91.83938,24.22543],[91.83865,24.22291],[91.83934,24.21913],[91.83806,24.21721],[91.82356,24.20873],[91.8173,24.20862],[91.81509,24.20964],[91.81475,24.21075],[91.81266,24.21039],[91.81157,24.21094],[91.809,24.21553],[91.80695,24.21613],[91.80573,24.21748],[91.80165,24.21785],[91.79929,24.21648],[91.79747,24.21814],[91.79537,24.21676],[91.79529,24.21752],[91.79372,24.21729],[91.79311,24.21836],[91.79287,24.21781],[91.79104,24.21854],[91.79113,24.21773],[91.78837,24.2188],[91.78801,24.21833],[91.78526,24.22169],[91.78072,24.22393],[91.77896,24.22536],[91.77858,24.22667],[91.77286,24.23008],[91.77031,24.22843],[91.76898,24.22845],[91.76874,24.2292],[91.7661,24.22862],[91.76609,24.23165],[91.76331,24.23348],[91.76146,24.23299],[91.76015,24.23364],[91.76036,24.23502],[91.75848,24.23663],[91.75581,24.23717],[91.75452,24.23792],[91.75365,24.23965],[91.74985,24.24118],[91.74895,24.24054],[91.74893,24.23692],[91.74773,24.23619],[91.75018,24.22655],[91.74962,24.22585],[91.75047,24.22347],[91.75032,24.21925],[91.75158,24.21787],[91.75131,24.2167],[91.75269,24.21502],[91.75274,24.21282],[91.75353,24.21198],[91.75286,24.20964],[91.75325,24.20764],[91.75243,24.20733],[91.75366,24.20377],[91.7534,24.202],[91.75448,24.20197],[91.75635,24.19999],[91.75348,24.19708],[91.75608,24.19433],[91.75643,24.18988],[91.75582,24.18888],[91.75739,24.18862],[91.75813,24.18759],[91.75717,24.18732],[91.75568,24.18494],[91.75608,24.183],[91.75819,24.18226],[91.75787,24.18056],[91.75882,24.1789],[91.75746,24.17754],[91.75865,24.17671],[91.75966,24.17415],[91.75824,24.17312],[91.75816,24.17191],[91.76048,24.1672],[91.76023,24.16459],[91.75911,24.16441],[91.75869,24.16348],[91.7609,24.16271],[91.75897,24.1607],[91.76043,24.15856],[91.76064,24.15607],[91.76208,24.15463],[91.76139,24.14884],[91.76048,24.14801],[91.76167,24.14413],[91.76074,24.14074],[91.7597,24.14157],[91.7576,24.14128],[91.75563,24.14224],[91.75143,24.14132],[91.75075,24.14219],[91.74914,24.14154],[91.74777,24.14215],[91.74665,24.14136],[91.74559,24.14236],[91.74596,24.14316],[91.74486,24.14304],[91.74356,24.14119],[91.74204,24.14161],[91.742,24.14268],[91.74118,24.14293],[91.7394,24.14166],[91.73674,24.14606],[91.73425,24.14384],[91.73256,24.14573],[91.73103,24.14378],[91.72847,24.14349],[91.72665,24.14448],[91.72485,24.14411],[91.72272,24.14543],[91.72237,24.14696],[91.7189,24.14947],[91.71771,24.15132],[91.70924,24.15185],[91.70522,24.15305],[91.7052,24.15513],[91.70317,24.1572],[91.70218,24.16083],[91.70135,24.16123],[91.69955,24.16173],[91.69832,24.16121],[91.69847,24.15865],[91.696,24.15911],[91.69502,24.15773],[91.69451,24.15867],[91.69323,24.15869],[91.69252,24.15763],[91.69165,24.15897],[91.68674,24.16078],[91.68658,24.16311],[91.6852,24.16516],[91.68294,24.1665],[91.6804,24.17087],[91.68047,24.17372],[91.67889,24.17708],[91.67935,24.17857],[91.67859,24.18008],[91.67867,24.1858],[91.67782,24.18612],[91.67759,24.1876],[91.67774,24.18906],[91.67864,24.18903],[91.67806,24.19285],[91.67567,24.19364],[91.67573,24.19639],[91.6738,24.20003],[91.67146,24.20207],[91.67009,24.20499],[91.66552,24.21099],[91.66493,24.2166],[91.66631,24.22493],[91.66619,24.22873],[91.66595,24.22929],[91.66476,24.228],[91.66275,24.22836],[91.65968,24.22742],[91.65859,24.22679],[91.65848,24.22484],[91.65612,24.22285],[91.65616,24.22208],[91.64977,24.216],[91.65346,24.21007],[91.65449,24.20417],[91.65595,24.20285],[91.65531,24.20157],[91.65557,24.19775],[91.65983,24.1966],[91.66027,24.19581],[91.65945,24.19334],[91.66087,24.1906],[91.66005,24.18734],[91.66029,24.1831],[91.65872,24.17852],[91.65655,24.17516],[91.65447,24.1749],[91.64773,24.17736],[91.64567,24.17033],[91.6481,24.15647],[91.63619,24.13843],[91.64101,24.12775],[91.64081,24.12559],[91.64345,24.11328],[91.64282,24.11111],[91.63906,24.10653],[91.63936,24.10494],[91.63834,24.10466],[91.63694,24.10221],[91.63353,24.10189],[91.63121,24.09998],[91.62902,24.10143],[91.62755,24.10023],[91.62756,24.0993],[91.62582,24.09951],[91.62605,24.09789],[91.62511,24.09845],[91.62551,24.09741],[91.62489,24.09683],[91.62365,24.09737],[91.62261,24.09718],[91.62245,24.09642],[91.61957,24.09659],[91.61813,24.09523],[91.61787,24.09612],[91.61658,24.09507],[91.6173,24.09438],[91.61477,24.09495],[91.61391,24.09418],[91.61412,24.09286],[91.61203,24.09322],[91.61145,24.09193],[91.61069,24.09263],[91.60876,24.09262],[91.6075,24.09389],[91.60692,24.09286],[91.60588,24.09311],[91.60454,24.09608],[91.60265,24.09548],[91.60234,24.09685],[91.60191,24.09567],[91.60086,24.09558],[91.60009,24.09577],[91.60038,24.09658],[91.599,24.09653],[91.59881,24.09764],[91.59785,24.09606],[91.59642,24.09663],[91.59499,24.09611],[91.59367,24.09704],[91.59154,24.0949],[91.59094,24.09153],[91.59291,24.08888],[91.59896,24.08751],[91.59974,24.08586],[91.59753,24.08416],[91.59388,24.083],[91.59232,24.081],[91.59176,24.07819],[91.59405,24.076],[91.59361,24.07516],[91.59117,24.07397],[91.58787,24.07392],[91.58647,24.0716],[91.58122,24.07274],[91.58035,24.07432],[91.57436,24.07836],[91.57352,24.07633],[91.57381,24.07358],[91.55651,24.07576],[91.54511,24.07309],[91.54365,24.07475],[91.53414,24.07703],[91.51355,24.08408],[91.5079,24.08563],[91.4969,24.08666],[91.49209,24.08987],[91.49143,24.09178],[91.49204,24.09465],[91.4908,24.09522],[91.4893,24.09435],[91.48409,24.09477],[91.47411,24.09904],[91.46869,24.09789],[91.46344,24.09472],[91.45766,24.09601],[91.45516,24.09497],[91.44978,24.09855],[91.44674,24.09804],[91.44578,24.09683],[91.442,24.09625],[91.44031,24.09776],[91.43972,24.10085],[91.43314,24.09938],[91.42956,24.09934],[91.42764,24.1008],[91.4277,24.10391],[91.42575,24.10569],[91.41977,24.10737],[91.4172,24.10691],[91.41115,24.1082],[91.40937,24.10745],[91.40082,24.10702],[91.39848,24.10784],[91.3962,24.10689],[91.39185,24.10686],[91.39007,24.10587],[91.38699,24.10611],[91.38436,24.10538],[91.38063,24.10601],[91.37594,24.10539],[91.37851,24.08056],[91.38934,24.0636],[91.39302,24.06022],[91.39804,24.04996],[91.39788,24.04227],[91.39333,24.02993],[91.39282,24.02613],[91.37576,24.00404],[91.37658,23.99947],[91.378,23.99802],[91.37751,23.99479],[91.38074,23.99297],[91.38068,23.99101],[91.37959,23.98963],[91.37921,23.9846],[91.38156,23.98307],[91.38111,23.97864],[91.37992,23.97792],[91.37958,23.9757],[91.3744,23.97534],[91.37282,23.97438],[91.36734,23.97916],[91.36152,23.98245],[91.36094,23.98421],[91.353,23.98071],[91.34792,23.98234],[91.34105,23.98073],[91.33634,23.98351],[91.33269,23.989],[91.32601,23.99074],[91.32254,23.99304],[91.31575,23.98926],[91.31101,23.99014],[91.30672,23.99341],[91.30341,23.99443],[91.30402,23.98926],[91.30507,23.98788],[91.2989,23.97684],[91.30152,23.97158],[91.29199,23.96722],[91.28697,23.96717],[91.28563,23.96957],[91.2854,23.97466],[91.28286,23.97742],[91.27206,23.96086],[91.2656,23.9446],[91.27382,23.93874],[91.27755,23.92279],[91.27723,23.92189],[91.27582,23.92141],[91.27185,23.92326],[91.26445,23.92388],[91.26213,23.92233],[91.25531,23.92338],[91.25157,23.92488],[91.23747,23.92617],[91.24274,23.92322],[91.24764,23.91335],[91.24557,23.90622],[91.23593,23.90021],[91.22992,23.89787],[91.23062,23.88764],[91.22967,23.88637],[91.23076,23.88528],[91.23095,23.88127],[91.23224,23.87955],[91.23679,23.87852],[91.23924,23.87307],[91.24154,23.86338],[91.25015,23.85154],[91.25382,23.842],[91.25304,23.84181],[91.25306,23.84024],[91.25412,23.83735],[91.25263,23.83546],[91.25352,23.83467],[91.24422,23.82304],[91.24463,23.82254],[91.24236,23.81934],[91.24166,23.81683],[91.23826,23.81279],[91.23537,23.81069],[91.23509,23.80509],[91.23315,23.80041],[91.23356,23.79884],[91.22818,23.79215],[91.22795,23.79135],[91.22989,23.7889],[91.22995,23.7864],[91.23196,23.78465],[91.23215,23.76508],[91.2267,23.7567],[91.22751,23.75049],[91.22345,23.7443],[91.22011,23.73582],[91.21814,23.7356],[91.2142,23.7417],[91.21289,23.74167],[91.21171,23.74258],[91.20888,23.74761],[91.20501,23.74878],[91.20405,23.74752],[91.2027,23.7486],[91.20139,23.74776],[91.20119,23.74914],[91.19933,23.74931],[91.19511,23.74769],[91.18915,23.74941],[91.18072,23.74699],[91.17775,23.74817],[91.17569,23.74705],[91.17451,23.7481],[91.16801,23.74835],[91.16614,23.74576],[91.16364,23.74503],[91.16271,23.74344],[91.16025,23.74168],[91.16079,23.73996],[91.15806,23.73666],[91.15431,23.72477],[91.15418,23.72096],[91.15081,23.71186],[91.15357,23.70456],[91.15397,23.69812],[91.15524,23.69651],[91.15485,23.69413],[91.15643,23.69243],[91.15661,23.69097],[91.15815,23.69021],[91.16757,23.69041],[91.17264,23.69122],[91.17394,23.69067],[91.17769,23.69206],[91.17971,23.69137],[91.18223,23.69187],[91.18386,23.69106],[91.19167,23.69121],[91.19448,23.69308],[91.19674,23.69345],[91.19977,23.69295],[91.20014,23.6913],[91.20138,23.69087],[91.2037,23.68783],[91.20508,23.68782],[91.20573,23.6871],[91.20863,23.68807],[91.21012,23.68767],[91.20967,23.68431],[91.20714,23.68173],[91.20705,23.6795],[91.20588,23.67755],[91.20639,23.67654],[91.20539,23.67518],[91.20615,23.67329],[91.2049,23.67098],[91.20538,23.66941],[91.20427,23.66556],[91.20497,23.6648],[91.20416,23.66314],[91.20492,23.66245],[91.20453,23.66179],[91.20551,23.66223],[91.20593,23.66161],[91.20498,23.65993],[91.20515,23.65789],[91.20749,23.65617],[91.20624,23.65319],[91.20489,23.65268],[91.20628,23.64982],[91.20137,23.64886],[91.19979,23.64584],[91.19544,23.64493],[91.18939,23.64625],[91.19136,23.65393],[91.18696,23.65479],[91.18482,23.65626],[91.18161,23.65537],[91.17648,23.65681],[91.17529,23.65474],[91.17107,23.65516],[91.1704,23.65612],[91.16891,23.65632],[91.16587,23.66217],[91.16089,23.66281],[91.16,23.6635],[91.16287,23.65418],[91.16236,23.64782],[91.16051,23.64228],[91.16024,23.63902],[91.16241,23.63137],[91.16067,23.6288],[91.16063,23.62567],[91.15952,23.62461],[91.15986,23.61943],[91.1621,23.61555],[91.16185,23.61242],[91.16106,23.61139],[91.16511,23.60125],[91.16343,23.59879],[91.16346,23.5962],[91.1684,23.59425],[91.17471,23.59468],[91.17815,23.59416],[91.17969,23.59199],[91.17779,23.58871],[91.17807,23.58744],[91.17672,23.58596],[91.18051,23.58406],[91.18641,23.57913],[91.18848,23.57883],[91.18855,23.57387],[91.19674,23.5627],[91.19584,23.54862],[91.19763,23.54869],[91.20062,23.55119],[91.20242,23.55158],[91.20597,23.54688],[91.20779,23.54734],[91.20872,23.54956],[91.21233,23.55168],[91.21428,23.55104],[91.21437,23.54447],[91.20936,23.54233],[91.20203,23.52298],[91.20209,23.52067],[91.20834,23.5137],[91.21368,23.51517],[91.22346,23.51547],[91.22454,23.51498],[91.22466,23.51357],[91.21846,23.49884],[91.22125,23.49737],[91.22389,23.49736],[91.23525,23.50206],[91.2342,23.49613],[91.23705,23.49503],[91.23666,23.48925],[91.2415,23.49045],[91.24922,23.49045],[91.2524,23.48091],[91.24901,23.47018],[91.25002,23.4633],[91.25099,23.46198],[91.25353,23.46089],[91.25339,23.45779],[91.2517,23.45549],[91.25146,23.45293],[91.25532,23.44749],[91.25587,23.44603],[91.25545,23.44336],[91.2624,23.4387],[91.27184,23.43019],[91.27185,23.42923],[91.26539,23.42429],[91.26583,23.42313],[91.27758,23.4155],[91.28099,23.37785],[91.28185,23.37745],[91.28555,23.37831],[91.28842,23.37705],[91.29076,23.37956],[91.29295,23.37986],[91.29574,23.37518],[91.29425,23.37019],[91.28585,23.37005],[91.28728,23.36432],[91.29613,23.36184],[91.29322,23.35239],[91.3005,23.35301],[91.31433,23.36229],[91.32107,23.36132],[91.32125,23.35941],[91.31923,23.35267],[91.3148,23.35159],[91.31211,23.35222],[91.31148,23.34571],[91.31222,23.34234],[91.31084,23.34139],[91.30528,23.34231],[91.29723,23.33974],[91.29374,23.32482],[91.29144,23.31903],[91.29662,23.31486],[91.31041,23.31529],[91.31439,23.30678],[91.31607,23.2959],[91.3143,23.29576],[91.30757,23.29844],[91.30169,23.29236],[91.30341,23.28738],[91.31781,23.2826],[91.31674,23.27886],[91.31138,23.27599],[91.31897,23.25429],[91.32701,23.25364],[91.32685,23.25128],[91.3276,23.25114],[91.32663,23.24623],[91.32002,23.2448],[91.32022,23.24082],[91.325,23.23834],[91.32604,23.16932],[91.32523,23.15868],[91.33446,23.15368],[91.33829,23.13177],[91.34279,23.12966],[91.34305,23.11963],[91.34793,23.12035],[91.34908,23.11962],[91.34832,23.10295],[91.35279,23.09811],[91.3707,23.07153],[91.38697,23.06356],[91.39623,23.0575],[91.39765,23.05772],[91.39874,23.05974],[91.40518,23.06018],[91.41237,23.06373],[91.41237,23.06427],[91.41014,23.0648],[91.40935,23.06598],[91.41177,23.06976],[91.41208,23.07676],[91.41447,23.07775],[91.41497,23.08121],[91.40737,23.08246],[91.40396,23.08657],[91.40444,23.09551],[91.39968,23.09526],[91.39885,23.09586],[91.40187,23.11325],[91.39557,23.11709],[91.39582,23.1296],[91.39051,23.13948],[91.38796,23.15212],[91.3835,23.15572],[91.38315,23.1671],[91.38374,23.17394],[91.38066,23.17375],[91.38144,23.18349],[91.37928,23.18333],[91.37848,23.18415],[91.37989,23.19271],[91.38425,23.19318],[91.38619,23.20683],[91.38032,23.20728],[91.37939,23.20883],[91.387,23.21553],[91.39034,23.22005],[91.38488,23.2277],[91.38573,23.22892],[91.39893,23.2303],[91.40003,23.23078],[91.40049,23.2325],[91.40015,23.23492],[91.39831,23.23662],[91.39753,23.23978],[91.39571,23.24017],[91.39098,23.2461],[91.39269,23.24786],[91.40596,23.24886],[91.40005,23.25503],[91.39601,23.25562],[91.39631,23.2663],[91.4008,23.26719],[91.40623,23.25779],[91.40969,23.25754],[91.40745,23.28589],[91.40876,23.28664],[91.4139,23.28389],[91.4156,23.28425],[91.41706,23.28359],[91.4171,23.28086],[91.42077,23.274],[91.42061,23.27216],[91.41822,23.2683],[91.41889,23.26431],[91.41772,23.26153],[91.41832,23.26092],[91.41921,23.2608],[91.42006,23.26272],[91.42157,23.26319],[91.42604,23.26057],[91.43105,23.26387],[91.4414,23.26292],[91.44871,23.26119],[91.45538,23.2613],[91.45581,23.25752],[91.45364,23.25677],[91.44894,23.25113],[91.44429,23.24857],[91.44397,23.24719],[91.44679,23.2435],[91.45788,23.24624],[91.46367,23.23876],[91.46517,23.23822],[91.47166,23.22808],[91.47128,23.22677],[91.45513,23.22265],[91.45286,23.21984],[91.45467,23.21946],[91.45873,23.21686],[91.45951,23.21527],[91.47576,23.22223],[91.4859,23.2095],[91.48349,23.19775],[91.47491,23.19597],[91.47539,23.1953],[91.48484,23.18986],[91.48851,23.19355],[91.48967,23.19344],[91.49259,23.1903],[91.50256,23.19334],[91.50417,23.19315],[91.50566,23.18955],[91.50343,23.18624],[91.50865,23.18451],[91.50791,23.1795],[91.50673,23.17887],[91.49767,23.1787],[91.49316,23.1768],[91.49359,23.17332],[91.49855,23.17298],[91.49955,23.17191],[91.49618,23.16198],[91.49273,23.15734],[91.49524,23.15382],[91.50712,23.15564],[91.50819,23.15527],[91.50853,23.15295],[91.49759,23.14708],[91.49886,23.14525],[91.50323,23.14376],[91.50523,23.14179],[91.50777,23.14171],[91.50914,23.14453],[91.51061,23.14499],[91.51181,23.14454],[91.51497,23.14626],[91.51651,23.14565],[91.51587,23.13814],[91.50456,23.13016],[91.50435,23.12869],[91.51865,23.12636],[91.51631,23.12386],[91.51667,23.1231],[91.51581,23.12199],[91.51646,23.11922],[91.52036,23.11865],[91.52118,23.11635],[91.52053,23.11621],[91.52047,23.11339],[91.51346,23.11237],[91.5127,23.10559],[91.5231,23.10516],[91.52354,23.10374],[91.52061,23.09519],[91.52827,23.09296],[91.53008,23.09311],[91.53108,23.09231],[91.5312,23.08554],[91.52676,23.08253],[91.53667,23.06314],[91.527,23.05927],[91.5265,23.05653],[91.53541,23.05673],[91.5376,23.05487],[91.53212,23.03965],[91.55063,23.0398],[91.55164,23.03835],[91.54086,23.02059],[91.54954,23.02015],[91.54399,22.9999],[91.54796,22.99564],[91.55758,22.99814],[91.55831,22.99702],[91.55851,22.97921],[91.57609,22.96982],[91.57724,22.96733],[91.58487,22.97331],[91.58704,22.97364],[91.58901,22.97507],[91.59046,22.97706],[91.59248,22.97335],[91.59364,22.97325],[91.59894,22.97593],[91.6016,22.97157],[91.60615,22.97198],[91.60552,22.96568],[91.61226,22.96198],[91.61373,22.95838],[91.61231,22.958],[91.60764,22.96187],[91.60527,22.96238],[91.6014,22.95827],[91.60008,22.95499],[91.60085,22.95375],[91.60312,22.95363],[91.60611,22.95626],[91.6084,22.95723],[91.60959,22.95613],[91.60679,22.95168],[91.60714,22.95019],[91.61387,22.95247],[91.61591,22.95151],[91.61664,22.94937],[91.61332,22.94968],[91.61248,22.94845],[91.61269,22.94705],[91.61591,22.94432],[91.61559,22.93996],[91.61623,22.93889],[91.61785,22.93761],[91.61896,22.93765],[91.62548,22.94397],[91.62533,22.94622],[91.62351,22.94934],[91.6263,22.95353],[91.62709,22.95624],[91.62439,22.96157],[91.62621,22.96225],[91.63076,22.95912],[91.63574,22.96124],[91.6378,22.96651],[91.6404,22.97033],[91.64106,22.97509],[91.64471,22.97603],[91.64593,22.97744],[91.64525,22.98491],[91.64668,22.98499],[91.65055,22.98186],[91.65079,22.97731],[91.65243,22.97619],[91.6552,22.97643],[91.65802,22.97837],[91.65784,22.97941],[91.656,22.98062],[91.65674,22.98167],[91.6612,22.97978],[91.6644,22.98166],[91.66653,22.98034],[91.66851,22.97722],[91.67067,22.97673],[91.6734,22.97799],[91.67561,22.98256],[91.67745,22.98125],[91.67866,22.97712],[91.68252,22.97916],[91.68769,22.98011],[91.69031,22.98228],[91.69153,22.98675],[91.69707,22.98898],[91.70072,22.98916],[91.7032,22.9884],[91.70634,22.98346],[91.70855,22.9819],[91.71145,22.98303],[91.70926,22.98638],[91.71006,22.98838],[91.71155,22.98842],[91.716,22.98639],[91.72061,22.9875],[91.72174,22.98918],[91.72312,22.996],[91.72438,22.99778],[91.73076,23.0001],[91.7434,23.00629],[91.74578,23.01166],[91.75096,23.01783],[91.75345,23.02238],[91.75704,23.02452],[91.75955,23.0247],[91.76122,23.02613],[91.76132,23.03022],[91.76448,23.03126],[91.76804,23.0344],[91.77026,23.03313],[91.77165,23.03342],[91.77101,23.03591],[91.7677,23.03975],[91.76862,23.04121],[91.77097,23.04164],[91.77404,23.03925],[91.77277,23.03137],[91.77399,23.02744],[91.77651,23.02722],[91.78011,23.02901],[91.78066,23.03216],[91.77893,23.03675],[91.77999,23.03681],[91.7817,23.0342],[91.78351,23.03708],[91.78387,23.04],[91.78189,23.04523],[91.78251,23.04731],[91.7811,23.05099],[91.77728,23.05614],[91.77739,23.05714],[91.77954,23.05766],[91.77954,23.05953],[91.77815,23.06205],[91.7737,23.06633],[91.77332,23.0677],[91.77432,23.06944],[91.77888,23.07115],[91.78507,23.07157],[91.78592,23.06851],[91.78903,23.06752],[91.78809,23.07045],[91.78945,23.07183],[91.78988,23.06883],[91.79371,23.06912],[91.79571,23.06748],[91.79572,23.06664],[91.79431,23.06625],[91.79339,23.06464],[91.79426,23.06235],[91.79913,23.06521],[91.80413,23.06349],[91.80633,23.06346],[91.8068,23.06478],[91.8058,23.0672],[91.81234,23.06664],[91.81161,23.06987],[91.81375,23.07073],[91.81239,23.07245],[91.81291,23.074],[91.8147,23.07237],[91.81671,23.07185],[91.81876,23.07267],[91.81589,23.07484],[91.81788,23.07609],[91.81727,23.07906],[91.81545,23.07994],[91.8162,23.08272],[91.81821,23.08323],[91.81962,23.08001],[91.82444,23.08382],[91.82224,23.08629],[91.82776,23.08886],[91.82937,23.09156],[91.83071,23.09108],[91.83179,23.09205],[91.83448,23.09164],[91.83563,23.09232],[91.83549,23.09375],[91.83327,23.09401],[91.8315,23.09673],[91.82482,23.09916],[91.82075,23.09986],[91.82066,23.09746],[91.81584,23.09882],[91.81388,23.09808],[91.81313,23.09854],[91.81446,23.1003],[91.81744,23.10163],[91.81778,23.10839],[91.8163,23.11035],[91.81803,23.11211],[91.81649,23.11381],[91.81677,23.11612],[91.81553,23.11915],[91.81336,23.11924],[91.81109,23.12154],[91.81243,23.12287],[91.81152,23.12504],[91.81306,23.12632],[91.81236,23.12838],[91.81389,23.12911],[91.8124,23.13098],[91.81459,23.13153],[91.81465,23.1336],[91.81147,23.13429],[91.81105,23.13647],[91.81058,23.13393],[91.80902,23.13408],[91.80832,23.13512],[91.8094,23.13622],[91.80828,23.138],[91.80857,23.1401],[91.81115,23.14474],[91.81322,23.14404],[91.81401,23.14583],[91.81033,23.14993],[91.81063,23.15329],[91.80613,23.15748],[91.80768,23.16199],[91.80673,23.16263],[91.80922,23.16364],[91.80997,23.16534],[91.80573,23.16689],[91.80467,23.16862],[91.8063,23.17046],[91.80567,23.17173],[91.80641,23.17284],[91.80358,23.176],[91.8043,23.17686],[91.80405,23.17807],[91.8055,23.17845],[91.80591,23.18016],[91.80176,23.18249],[91.80138,23.18377],[91.79955,23.18464],[91.79754,23.18411],[91.79678,23.18515],[91.79698,23.18661],[91.7948,23.18667],[91.79864,23.19075],[91.79753,23.19193],[91.79874,23.19304],[91.79834,23.19541],[91.79598,23.1958],[91.79583,23.19739],[91.79184,23.20001],[91.78895,23.20448],[91.78825,23.20784],[91.79074,23.2076],[91.79198,23.20859],[91.79066,23.21367],[91.78837,23.21488],[91.78775,23.21601],[91.79187,23.21838],[91.79018,23.22125],[91.7904,23.22276],[91.79148,23.2231],[91.7914,23.22468],[91.78985,23.22528],[91.79115,23.22695],[91.79021,23.22656],[91.78774,23.22772],[91.78832,23.22886],[91.78667,23.22954],[91.78402,23.23266],[91.78513,23.23358],[91.78406,23.23407],[91.78501,23.23459],[91.78406,23.23581],[91.78467,23.23668],[91.78416,23.23919],[91.78545,23.23905],[91.78305,23.24222],[91.78333,23.24323],[91.78045,23.24331],[91.78014,23.2424],[91.7813,23.24167],[91.77992,23.23992],[91.77889,23.24108],[91.77695,23.24151],[91.77714,23.24252],[91.77616,23.2432],[91.77615,23.24413],[91.77747,23.24431],[91.77871,23.24674],[91.78032,23.24688],[91.77912,23.24918],[91.77951,23.25132],[91.77837,23.2519],[91.77972,23.25392],[91.77821,23.25495],[91.77821,23.25648],[91.77689,23.25517],[91.77527,23.25564],[91.77489,23.25666],[91.7752,23.25732],[91.77684,23.25745],[91.77628,23.25916],[91.7775,23.2598],[91.77529,23.26175],[91.77673,23.26343],[91.77611,23.26484],[91.77668,23.26624],[91.77605,23.26688],[91.77701,23.26933],[91.77596,23.27018],[91.77486,23.26937],[91.77392,23.27006],[91.77073,23.26934],[91.7652,23.27082],[91.76181,23.2741],[91.76227,23.27486],[91.75935,23.27722],[91.76021,23.28006],[91.7588,23.28181],[91.75833,23.28427],[91.75981,23.28546],[91.75914,23.28779],[91.76022,23.28979],[91.75944,23.29088],[91.76112,23.29561],[91.75998,23.30046],[91.76081,23.30286],[91.76333,23.30533],[91.76278,23.30997],[91.76808,23.31306],[91.77159,23.31678],[91.77493,23.31773],[91.77557,23.31865],[91.77738,23.31893],[91.77982,23.3206],[91.78183,23.32529],[91.78419,23.32716],[91.78804,23.32824],[91.79195,23.3329],[91.79493,23.33377],[91.79735,23.33346],[91.79857,23.33459],[91.80262,23.33453],[91.80212,23.33599],[91.80415,23.33694],[91.80527,23.33876],[91.80403,23.34311],[91.80656,23.34313],[91.80792,23.34591],[91.81299,23.3489],[91.81258,23.35332],[91.81555,23.35339],[91.81702,23.35258],[91.81863,23.35347],[91.819,23.35402],[91.81783,23.35427],[91.81675,23.35573],[91.81844,23.35701],[91.81874,23.36031],[91.82108,23.36098],[91.8227,23.36328],[91.82394,23.36331],[91.82467,23.36534],[91.82404,23.36594],[91.82579,23.36655],[91.82546,23.36711],[91.82671,23.36833],[91.83098,23.36751],[91.83072,23.37034],[91.82997,23.37054],[91.83136,23.37215],[91.83252,23.37174],[91.83448,23.37327],[91.83595,23.37307],[91.83626,23.37374],[91.83558,23.37412],[91.83636,23.37494],[91.83591,23.37606],[91.83652,23.37714],[91.83536,23.37978],[91.83607,23.3801],[91.83568,23.38773],[91.84061,23.38957],[91.83962,23.40127],[91.84051,23.40507],[91.8416,23.40584],[91.84103,23.40942],[91.84309,23.40951],[91.844,23.4079],[91.84606,23.40753],[91.84725,23.40625],[91.8483,23.40688],[91.85348,23.40655],[91.85697,23.40846],[91.85793,23.41101],[91.86201,23.41073],[91.86377,23.41189],[91.86442,23.41463],[91.86689,23.41543],[91.86783,23.41696],[91.87071,23.41656],[91.87146,23.41902],[91.87404,23.42128],[91.87406,23.42221],[91.87571,23.42372],[91.87575,23.42495],[91.87882,23.42574],[91.88132,23.42803],[91.88368,23.42724],[91.88507,23.42781],[91.88664,23.43173],[91.8858,23.43296],[91.88665,23.43406],[91.89042,23.43506],[91.89501,23.43437],[91.89782,23.43664],[91.89766,23.44059],[91.89958,23.44219],[91.90847,23.43818],[91.91327,23.43869],[91.91616,23.44052],[91.91757,23.44038],[91.91982,23.4414],[91.92137,23.43944],[91.92346,23.43888],[91.9241,23.43645],[91.92874,23.43464],[91.92889,23.43576],[91.93127,23.43757],[91.9366,23.43703],[91.93973,23.43863],[91.9397,23.43977],[91.93822,23.44021],[91.93903,23.44084],[91.9389,23.44173],[91.93794,23.44148],[91.93555,23.44353],[91.93801,23.44348],[91.93647,23.44577],[91.93723,23.44726],[91.93584,23.45058],[91.93824,23.45225],[91.93576,23.45247],[91.93682,23.4536],[91.9355,23.45347],[91.93605,23.45492],[91.93505,23.455],[91.93485,23.45718],[91.93408,23.45707],[91.93387,23.4594],[91.93572,23.46032],[91.93601,23.46191],[91.9354,23.46362],[91.93332,23.46367],[91.93368,23.46598],[91.93745,23.46843],[91.93851,23.46759],[91.94155,23.46728],[91.94209,23.46758],[91.9411,23.46858],[91.94139,23.46912],[91.94534,23.47003],[91.94662,23.46969],[91.9472,23.47312],[91.94812,23.47291],[91.94847,23.47155],[91.9494,23.47231],[91.94984,23.47184],[91.9511,23.47255],[91.95076,23.47355],[91.95215,23.47647],[91.95541,23.47776],[91.9578,23.47736],[91.95696,23.484],[91.95969,23.48499],[91.96581,23.4839],[91.9659,23.48523],[91.96733,23.48639],[91.96665,23.4891],[91.96757,23.49163],[91.96649,23.49445],[91.96681,23.49567],[91.96598,23.49819],[91.96493,23.49905],[91.96701,23.49948],[91.96799,23.50424],[91.96549,23.50611],[91.96555,23.50687],[91.96462,23.50692],[91.96528,23.50914],[91.95993,23.51136],[91.95781,23.51083],[91.95768,23.51145],[91.95586,23.51135],[91.95469,23.51313],[91.95616,23.51612],[91.96215,23.51516],[91.96256,23.51867],[91.96175,23.51919],[91.96087,23.51839],[91.95984,23.51852],[91.95945,23.52035],[91.95802,23.52104],[91.95807,23.5221],[91.95638,23.52323],[91.9559,23.52501],[91.95451,23.52607],[91.95446,23.52733],[91.95651,23.53006],[91.95698,23.53312],[91.9586,23.53493],[91.96186,23.53393],[91.96268,23.53453],[91.96142,23.53689],[91.96164,23.53783],[91.95957,23.54051],[91.95961,23.54405],[91.95815,23.54423],[91.95506,23.54242],[91.95248,23.54351],[91.95357,23.54462],[91.95703,23.54549],[91.95723,23.54828],[91.95517,23.54879],[91.95428,23.54817],[91.95404,23.54948],[91.953,23.54949],[91.95162,23.55218],[91.95475,23.55289],[91.95524,23.55367],[91.95387,23.5555],[91.9547,23.55702],[91.95423,23.5625],[91.95486,23.56692],[91.95364,23.56922],[91.95487,23.57021],[91.95454,23.57127],[91.9522,23.57275],[91.951,23.57584],[91.95162,23.57865],[91.95078,23.58132],[91.95263,23.58425],[91.95244,23.5858],[91.95333,23.58776],[91.95272,23.59285],[91.95242,23.59397],[91.95101,23.5944],[91.95033,23.5968],[91.95091,23.60001],[91.94918,23.60595],[91.9482,23.60526],[91.948,23.60579],[91.94827,23.60661],[91.95033,23.60755],[91.95041,23.61159],[91.94862,23.61263],[91.95039,23.61385],[91.94958,23.61449],[91.95038,23.61605],[91.94952,23.61683],[91.94716,23.61618],[91.94559,23.61785],[91.94527,23.61948],[91.94617,23.62145],[91.94472,23.62306],[91.94481,23.62636],[91.94337,23.62645],[91.94328,23.62774],[91.94126,23.63059],[91.94304,23.63989],[91.94212,23.64918],[91.93998,23.65084],[91.93922,23.65414],[91.94,23.65649],[91.93852,23.65706],[91.93974,23.65988],[91.9383,23.66091],[91.93933,23.66335],[91.93868,23.66373],[91.9379,23.66269],[91.93601,23.66257],[91.93668,23.66624],[91.9383,23.66775],[91.93741,23.66879],[91.93845,23.66978],[91.9385,23.67253],[91.93605,23.67437],[91.93666,23.67605],[91.9356,23.67686],[91.93591,23.67758],[91.93457,23.67877],[91.93325,23.67859],[91.93281,23.67957],[91.93092,23.67925],[91.93001,23.68108],[91.92834,23.68093],[91.92763,23.68233],[91.92948,23.68303],[91.93125,23.68883],[91.93404,23.69191],[91.93471,23.69396],[91.93794,23.695],[91.9392,23.69626],[91.94054,23.6961],[91.9444,23.69867],[91.94571,23.70182],[91.94527,23.70265],[91.94612,23.70292],[91.9447,23.70705],[91.94492,23.7106],[91.94589,23.70988],[91.94764,23.71144],[91.94714,23.71312],[91.94835,23.7151],[91.94714,23.71569],[91.94947,23.71696],[91.94887,23.71801],[91.95022,23.71869],[91.94956,23.71974],[91.94821,23.71915],[91.94987,23.72027],[91.94953,23.72256],[91.94843,23.72412],[91.94956,23.72439],[91.94813,23.72695],[91.94845,23.72795],[91.95024,23.72906],[91.95051,23.73117],[91.9519,23.73236],[91.95389,23.73217],[91.9555,23.73323],[91.95475,23.73395],[91.95583,23.73456],[91.9564,23.73624],[91.95844,23.73568],[91.96183,23.73683],[91.96317,23.73579],[91.96255,23.73497],[91.96317,23.73395],[91.96672,23.73416],[91.96731,23.73345],[91.96713,23.73093],[91.96819,23.73144],[91.96849,23.73032],[91.97032,23.7323],[91.97266,23.73261],[91.97274,23.73313],[91.97171,23.73331],[91.97225,23.73419],[91.97359,23.73416],[91.97483,23.73674],[91.97644,23.73624],[91.97671,23.73526],[91.97779,23.73525],[91.97917,23.73167],[91.98553,23.72212],[91.98616,23.72026],[91.98535,23.71687],[91.98662,23.71559],[91.98681,23.7137],[91.98603,23.71287],[91.98703,23.71165],[91.98735,23.70865],[91.98884,23.70505],[91.98898,23.70128],[91.99027,23.69996],[91.99186,23.6957],[91.99418,23.69488],[91.99619,23.69204],[91.994,23.69038],[91.99354,23.6881],[92.00068,23.67283],[92.00356,23.6738],[92.00439,23.67277],[92.00599,23.67398],[92.00671,23.67321],[92.00721,23.67721],[92.00808,23.67663],[92.00859,23.67511],[92.00797,23.6743],[92.00918,23.67165],[92.00844,23.66996],[92.00998,23.66953],[92.00969,23.66863],[92.01056,23.66822],[92.00952,23.66736],[92.01083,23.66662],[92.01061,23.66566],[92.01171,23.66511],[92.01231,23.6662],[92.0141,23.66516],[92.01489,23.66539],[92.01524,23.66457],[92.01454,23.66416],[92.01527,23.66234],[92.01699,23.66294],[92.01888,23.66245],[92.0215,23.66373],[92.02443,23.66362],[92.02619,23.66134],[92.0268,23.66188],[92.02747,23.66119],[92.02847,23.66144],[92.02887,23.66046],[92.02972,23.66036],[92.03006,23.65884],[92.03228,23.65813],[92.03413,23.65411],[92.03671,23.65307],[92.03702,23.65214],[92.04012,23.65188],[92.03973,23.65112],[92.04038,23.65048],[92.04173,23.65059],[92.04151,23.65205],[92.04423,23.65243],[92.04708,23.65178],[92.04767,23.65363],[92.04978,23.65407],[92.05193,23.65346],[92.05229,23.65256],[92.05297,23.65301],[92.05521,23.65234],[92.05567,23.65098],[92.05695,23.65167],[92.05769,23.65065],[92.06119,23.64914],[92.06169,23.65089],[92.06417,23.64886],[92.06796,23.64788],[92.06973,23.64795],[92.06975,23.64889],[92.07271,23.64928],[92.07481,23.64793],[92.07504,23.64959],[92.07794,23.65193],[92.07785,23.6529],[92.07621,23.65237],[92.07598,23.65453],[92.07502,23.65372],[92.07426,23.65438],[92.07457,23.65686],[92.07163,23.655],[92.06944,23.655],[92.07036,23.65598],[92.06985,23.65631],[92.07069,23.66195],[92.07291,23.66684],[92.07244,23.66883],[92.07517,23.66959],[92.07558,23.6711],[92.07707,23.67162],[92.07641,23.67261],[92.07771,23.67478],[92.07845,23.6746],[92.07879,23.6792],[92.08337,23.6818],[92.08415,23.6809],[92.08549,23.68093],[92.08578,23.68012],[92.08771,23.68095],[92.08853,23.67939],[92.09056,23.67904],[92.09397,23.68133],[92.0951,23.68109],[92.09536,23.68253],[92.09699,23.68342],[92.10137,23.68352],[92.10171,23.68499],[92.10009,23.68517],[92.1005,23.68724],[92.10189,23.68811],[92.10144,23.6896],[92.10541,23.68916],[92.10649,23.68953],[92.1063,23.69085],[92.10783,23.69096],[92.10788,23.69235],[92.11175,23.69248],[92.11307,23.69413],[92.11227,23.69612],[92.11361,23.69594],[92.11419,23.695],[92.11954,23.69587],[92.12199,23.70163],[92.12137,23.70357],[92.12336,23.70681],[92.12442,23.70693],[92.12485,23.70889],[92.13157,23.71435],[92.13144,23.7158],[92.13772,23.71941],[92.13747,23.72143],[92.13871,23.72244],[92.13876,23.72413],[92.14049,23.72693],[92.13921,23.72951],[92.14027,23.73195],[92.14237,23.73389],[92.14362,23.73414],[92.14439,23.7359],[92.1468,23.73787],[92.14796,23.73769],[92.14913,23.73856],[92.1516,23.73457],[92.15372,23.73506],[92.15386,23.73596],[92.15476,23.73479],[92.15571,23.73544],[92.15601,23.73696],[92.15981,23.73858],[92.15992,23.74043],[92.1608,23.73968],[92.16314,23.73997],[92.17168,23.7423],[92.17723,23.73788],[92.17591,23.73422],[92.17614,23.73224],[92.17734,23.73192],[92.17631,23.72907],[92.17527,23.72852],[92.17292,23.72908],[92.17124,23.72757],[92.17265,23.72284],[92.1718,23.72071],[92.17281,23.72014],[92.17463,23.7211],[92.17383,23.7192],[92.17446,23.7183],[92.1766,23.71698],[92.17925,23.7165],[92.17847,23.71496],[92.179,23.71387],[92.18202,23.71336],[92.18187,23.71267],[92.1846,23.7133],[92.18449,23.71439],[92.18589,23.71601],[92.19019,23.70908],[92.19202,23.70822],[92.19393,23.70808],[92.19462,23.7073],[92.19624,23.70766],[92.19542,23.71056],[92.19674,23.71209],[92.19645,23.70968],[92.19733,23.7078],[92.19994,23.70755],[92.20113,23.70646],[92.20326,23.70883],[92.20482,23.70851],[92.20521,23.70412],[92.20774,23.70351],[92.20792,23.70153],[92.20924,23.70087],[92.21043,23.69883],[92.21234,23.69992],[92.21387,23.69873],[92.21228,23.69802],[92.21094,23.69536],[92.21392,23.69064],[92.21722,23.68968],[92.22076,23.69099],[92.21892,23.68678],[92.21765,23.68651],[92.21572,23.68449],[92.21629,23.68369],[92.2155,23.68341],[92.2167,23.68159],[92.21427,23.68334],[92.21355,23.6811],[92.21284,23.68147],[92.21056,23.67907],[92.21098,23.67777],[92.20879,23.67735],[92.211,23.67513],[92.20849,23.67441],[92.20797,23.67278],[92.20832,23.67011],[92.21047,23.66721],[92.21002,23.66671],[92.21106,23.66469],[92.21088,23.66375],[92.20979,23.66344],[92.20991,23.66133],[92.21072,23.66096],[92.21025,23.66021],[92.21182,23.65882],[92.21188,23.65705],[92.21351,23.65534],[92.21455,23.65576],[92.21534,23.65393],[92.21971,23.6565],[92.22143,23.65873],[92.22196,23.66076],[92.22378,23.66033],[92.22487,23.66238],[92.22704,23.66385],[92.22808,23.66556],[92.22641,23.66688],[92.2281,23.66712],[92.22873,23.66803],[92.23026,23.66709],[92.2307,23.66802],[92.23197,23.66835],[92.23173,23.67108],[92.23035,23.67062],[92.22894,23.6712],[92.22891,23.6723],[92.23036,23.67347],[92.23029,23.67749],[92.22983,23.67916],[92.22901,23.67879],[92.22872,23.68139],[92.22784,23.68257],[92.22867,23.68369],[92.22972,23.68347],[92.22937,23.68447],[92.23022,23.68531],[92.23481,23.68707],[92.23379,23.68864],[92.23469,23.69],[92.2339,23.69211],[92.23119,23.69328],[92.23209,23.69632],[92.23275,23.69609],[92.23268,23.69514],[92.23397,23.69517],[92.2339,23.69708],[92.23508,23.69605],[92.2361,23.69714],[92.23831,23.69609],[92.23854,23.6973],[92.23919,23.69725],[92.23764,23.69886],[92.2378,23.7005],[92.23629,23.70061],[92.23479,23.70267],[92.23532,23.70368],[92.2364,23.70259],[92.23708,23.70479],[92.23633,23.70512],[92.23633,23.70682],[92.23553,23.70598],[92.23419,23.70611],[92.23473,23.70725],[92.23338,23.70882],[92.23392,23.71089],[92.23238,23.7164],[92.23376,23.71778],[92.23516,23.71801],[92.23482,23.71918],[92.23793,23.72051],[92.23743,23.72138],[92.23816,23.72184],[92.23748,23.72211],[92.23849,23.72548],[92.2394,23.72582],[92.23952,23.72437],[92.24027,23.72525],[92.24169,23.72478],[92.24287,23.7271],[92.24408,23.72731],[92.24637,23.73043],[92.24699,23.72945],[92.24889,23.73002],[92.25007,23.72863],[92.25259,23.73004],[92.25376,23.72813],[92.25484,23.72898],[92.25673,23.7274],[92.25627,23.72843],[92.25737,23.72868],[92.26142,23.72847],[92.26202,23.72748],[92.26243,23.72854],[92.26273,23.72668],[92.26377,23.72618],[92.26515,23.72695],[92.26489,23.72801],[92.26571,23.72847],[92.2655,23.72611],[92.26712,23.72391],[92.27025,23.72307],[92.27101,23.7242],[92.27178,23.72227],[92.27214,23.72371],[92.27433,23.7245],[92.27501,23.72592],[92.27685,23.72554],[92.27922,23.72635],[92.28024,23.72201],[92.28227,23.72015],[92.28098,23.71652],[92.28252,23.70908],[92.28501,23.7134],[92.28586,23.7068],[92.2875,23.70715],[92.28674,23.70596],[92.2884,23.70585],[92.28873,23.70498],[92.28784,23.70398],[92.28929,23.70353],[92.29148,23.70012],[92.29001,23.69954],[92.28916,23.69721],[92.28925,23.69541],[92.29013,23.69474],[92.28979,23.69242],[92.29086,23.69076],[92.28952,23.68699],[92.29102,23.68469],[92.29122,23.68177],[92.28919,23.68122],[92.28923,23.67861],[92.28469,23.66913],[92.28481,23.66573],[92.28358,23.66424],[92.28376,23.66177],[92.28123,23.66085],[92.28084,23.65844],[92.27863,23.65613],[92.27837,23.65349],[92.27501,23.64963],[92.27465,23.64796],[92.27532,23.64684],[92.27299,23.64233],[92.27381,23.64147],[92.27584,23.6421],[92.27797,23.64031],[92.28198,23.63876],[92.28193,23.63688],[92.28126,23.63624],[92.28032,23.63722],[92.27966,23.63696],[92.27967,23.63525],[92.27789,23.63423],[92.27669,23.63174],[92.27828,23.62813],[92.27868,23.62491],[92.27997,23.62525],[92.28014,23.62652],[92.27925,23.62982],[92.28065,23.63083],[92.28162,23.62996],[92.28307,23.63043],[92.29032,23.6283],[92.29411,23.62477],[92.29634,23.62134],[92.29023,23.62021],[92.28755,23.61712],[92.28802,23.61142],[92.28738,23.60993],[92.28851,23.60761],[92.28721,23.60561],[92.28778,23.60362],[92.28718,23.59614],[92.28819,23.59555],[92.28872,23.59605],[92.28896,23.59856],[92.29172,23.59514],[92.29344,23.59518],[92.29312,23.59361],[92.29449,23.59003],[92.29668,23.58829],[92.29749,23.58891],[92.29845,23.59288],[92.30102,23.59322],[92.30174,23.59244],[92.30217,23.59077],[92.30148,23.58883],[92.30362,23.58641],[92.30396,23.58324],[92.3062,23.58318],[92.30694,23.57959],[92.30824,23.57802],[92.30519,23.5736],[92.30723,23.56931],[92.30825,23.56977],[92.30682,23.57169],[92.30865,23.57183],[92.30926,23.57036],[92.308,23.56476],[92.30719,23.56631],[92.30663,23.56622],[92.30693,23.56368],[92.31155,23.56011],[92.31354,23.55621],[92.31271,23.55321],[92.31073,23.55557],[92.30955,23.55307],[92.30867,23.55027],[92.31069,23.54757],[92.3099,23.54469],[92.31058,23.54212],[92.30797,23.54111],[92.30638,23.53505],[92.30904,23.53258],[92.31316,23.53366],[92.31413,23.53332],[92.31439,23.52961],[92.31651,23.52927],[92.31776,23.5265],[92.31714,23.52428],[92.31325,23.52042],[92.31427,23.51793],[92.31344,23.5158],[92.31511,23.51548],[92.31693,23.51793],[92.31805,23.51721],[92.31868,23.51528],[92.31569,23.51393],[92.31553,23.51327],[92.31642,23.51198],[92.31976,23.51252],[92.3189,23.50371],[92.32023,23.50174],[92.32242,23.50133],[92.31918,23.50048],[92.32036,23.49765],[92.32031,23.49458],[92.3179,23.49492],[92.3172,23.49439],[92.31853,23.49224],[92.32191,23.49151],[92.32183,23.4903],[92.31942,23.48986],[92.31602,23.48694],[92.32206,23.48341],[92.32119,23.4808],[92.32542,23.48001],[92.32616,23.47889],[92.32514,23.47801],[92.32284,23.47926],[92.32391,23.47538],[92.32118,23.47398],[92.31979,23.4753],[92.3189,23.47454],[92.31911,23.47331],[92.31698,23.47173],[92.31933,23.46997],[92.32756,23.46719],[92.32818,23.46645],[92.33016,23.46754],[92.33179,23.4664],[92.33206,23.4644],[92.33076,23.46003],[92.32996,23.45948],[92.32666,23.46012],[92.32541,23.45955],[92.32975,23.45444],[92.33138,23.45466],[92.33184,23.45713],[92.3332,23.4562],[92.33196,23.45356],[92.327,23.44879],[92.32984,23.44764],[92.33104,23.43973],[92.333,23.4349],[92.33288,23.43101],[92.33391,23.42863],[92.33472,23.42843],[92.33528,23.42969],[92.33547,23.43371],[92.33818,23.43215],[92.34161,23.43591],[92.34388,23.43384],[92.34602,23.43362],[92.34825,23.41873],[92.34764,23.41296],[92.35263,23.41358],[92.35743,23.41076],[92.35807,23.40476],[92.35562,23.40115],[92.35493,23.40113],[92.35427,23.40574],[92.353,23.40581],[92.35314,23.39606],[92.35422,23.38924],[92.35547,23.38919],[92.35725,23.39186],[92.35868,23.3905],[92.35773,23.38884],[92.35579,23.38801],[92.35662,23.38504],[92.35279,23.38277],[92.35256,23.38099],[92.35323,23.38027],[92.35621,23.37999],[92.36315,23.38124],[92.36502,23.37973],[92.36225,23.37821],[92.35916,23.37511],[92.35687,23.37422],[92.35652,23.37202],[92.3599,23.36813],[92.36389,23.36613],[92.36591,23.36742],[92.36996,23.37351],[92.37085,23.37345],[92.36925,23.36725],[92.37123,23.36569],[92.37561,23.36551],[92.37892,23.36192],[92.37651,23.35704],[92.38035,23.35598],[92.38078,23.35178],[92.37612,23.34698],[92.37487,23.3375],[92.37219,23.33198],[92.36813,23.32577],[92.36429,23.32309],[92.36802,23.31748],[92.36869,23.31802],[92.36706,23.32244],[92.3675,23.32305],[92.36923,23.32259],[92.3705,23.31877],[92.37137,23.31805],[92.3754,23.32023],[92.37635,23.32003],[92.37736,23.31908],[92.37626,23.31304],[92.38567,23.30634],[92.38558,23.30296],[92.38292,23.30185],[92.38446,23.29807],[92.38249,23.29637],[92.38447,23.29246],[92.38244,23.29172],[92.38088,23.28545],[92.38614,23.28313],[92.38804,23.28122],[92.39045,23.27354],[92.39395,23.26647],[92.39431,23.26443],[92.39296,23.26398],[92.39072,23.2644],[92.38931,23.26626],[92.38842,23.266],[92.38927,23.25947],[92.39589,23.25734],[92.39822,23.25577],[92.39816,23.25393],[92.39551,23.24926],[92.39563,23.24789],[92.39946,23.24196],[92.40245,23.24263],[92.4041,23.24059],[92.40031,23.23813],[92.40181,23.23652],[92.34644,23.23638],[92.34721,23.23503],[92.34939,23.2343],[92.35034,23.23468],[92.35152,23.23265],[92.35128,23.2311],[92.35385,23.22107],[92.35412,23.20744],[92.353,23.20671],[92.35299,23.20545],[92.35398,23.20427],[92.35429,23.19701],[92.35287,23.19625],[92.35254,23.19419],[92.35322,23.19394],[92.35279,23.19197],[92.35427,23.19017],[92.35355,23.18893],[92.35408,23.18806],[92.35366,23.18593],[92.3545,23.18555],[92.35369,23.1848],[92.35563,23.18435],[92.3565,23.18535],[92.35748,23.18472],[92.35868,23.18499],[92.35863,23.18443],[92.36021,23.18395],[92.3606,23.18228],[92.36125,23.18239],[92.36122,23.18052],[92.35724,23.18],[92.35553,23.18073],[92.35567,23.17976],[92.35451,23.17926],[92.35704,23.17825],[92.35653,23.17634],[92.35796,23.16948],[92.35899,23.16838],[92.36189,23.1675],[92.36141,23.1666],[92.36249,23.16463],[92.36085,23.16215],[92.36188,23.16174],[92.36151,23.16095],[92.36467,23.15662],[92.36235,23.15648],[92.3613,23.15419],[92.36245,23.15259],[92.36036,23.15276],[92.36102,23.15062],[92.3594,23.14979],[92.36056,23.14891],[92.35892,23.14706],[92.36079,23.14656],[92.36144,23.14508],[92.35952,23.14408],[92.35925,23.14298],[92.36037,23.14205],[92.35856,23.14089],[92.35873,23.13948],[92.35774,23.13682],[92.35703,23.13668],[92.35677,23.13403],[92.3585,23.13399],[92.35923,23.13204],[92.36171,23.13065],[92.36271,23.13108],[92.36559,23.12707],[92.36804,23.12721],[92.36718,23.12496],[92.36602,23.12495],[92.3662,23.12206],[92.36379,23.12065],[92.36451,23.11961],[92.36234,23.11777],[92.36296,23.11675],[92.3626,23.11546],[92.36024,23.11311],[92.36096,23.11238],[92.36051,23.11069],[92.35814,23.10598],[92.35972,23.10612],[92.3599,23.10513],[92.35801,23.10316],[92.3594,23.10317],[92.36021,23.10238],[92.36075,23.10151],[92.35978,23.10119],[92.36171,23.10032],[92.36122,23.09852],[92.36294,23.09753],[92.36495,23.09788],[92.36683,23.09599],[92.37004,23.09665],[92.36924,23.09499],[92.37003,23.09477],[92.36988,23.09279],[92.37129,23.08877],[92.37257,23.08817],[92.37233,23.08692],[92.37361,23.08677],[92.37487,23.0847],[92.37673,23.0853],[92.37728,23.0873],[92.37989,23.08657],[92.38039,23.08542],[92.37916,23.08402],[92.38069,23.08256],[92.38055,23.08088],[92.38347,23.0793],[92.38533,23.07721],[92.38498,23.07423],[92.3826,23.07264],[92.38538,23.06828],[92.38758,23.06706],[92.38713,23.06578],[92.38882,23.06445],[92.38716,23.06245],[92.38837,23.06083],[92.39059,23.06059],[92.39233,23.05643],[92.3904,23.05521],[92.39201,23.05397],[92.39134,23.05206],[92.38961,23.05152],[92.39112,23.04934],[92.38829,23.04897],[92.38931,23.04662],[92.38804,23.04445],[92.38742,23.04076],[92.38788,23.03969],[92.38336,23.03784],[92.38219,23.0332],[92.38472,23.02738],[92.38304,23.02621],[92.38344,23.02309],[92.3818,23.02112],[92.38165,23.01916],[92.3804,23.01735],[92.38045,23.01326],[92.37965,23.01182],[92.38455,23.0097],[92.38309,23.00881],[92.38391,23.00663],[92.38372,23.00421],[92.38173,23.00077],[92.38519,22.99228],[92.38239,22.99035],[92.38211,22.98744],[92.38494,22.98586],[92.38391,22.98324],[92.3842,22.98172],[92.3815,22.98233],[92.37942,22.98133],[92.37921,22.97971],[92.38125,22.9789],[92.38014,22.97569],[92.37935,22.97549],[92.3792,22.97709],[92.37823,22.97712],[92.37697,22.9738],[92.3742,22.97119],[92.37502,22.96706],[92.3743,22.9659],[92.3755,22.96362],[92.37388,22.96163],[92.37472,22.96064],[92.37729,22.95979],[92.37329,22.95901],[92.37269,22.95827],[92.37473,22.95647],[92.37445,22.9533],[92.37561,22.95377],[92.37685,22.9558],[92.37786,22.95496],[92.37801,22.95267],[92.37757,22.95139],[92.37564,22.94982],[92.3773,22.94821],[92.37641,22.94712],[92.37481,22.94779],[92.37478,22.94604],[92.37322,22.94329],[92.37352,22.94142],[92.37259,22.94004],[92.37593,22.9368],[92.372,22.93681],[92.37148,22.9361],[92.37286,22.9345],[92.3755,22.93542],[92.37653,22.93488],[92.37753,22.93147],[92.3761,22.929],[92.37816,22.92939],[92.38314,22.92862],[92.39327,22.93121],[92.39619,22.93105],[92.40134,22.92433],[92.39722,22.91864],[92.39782,22.91516],[92.39997,22.91247],[92.4016,22.91176],[92.4034,22.91445],[92.40323,22.91674],[92.40391,22.91809],[92.40717,22.91798],[92.41061,22.91445],[92.4125,22.91366],[92.41396,22.91382],[92.41799,22.91856],[92.41936,22.91919],[92.42022,22.91864],[92.42065,22.91516],[92.41971,22.91089],[92.42666,22.89698],[92.43344,22.89152],[92.4331,22.88638],[92.43619,22.88551],[92.44597,22.89737],[92.44889,22.89524],[92.45061,22.89239],[92.45052,22.88939],[92.4482,22.88132],[92.44791,22.87669],[92.44865,22.87595],[92.45291,22.87503],[92.46027,22.87092],[92.45914,22.87009],[92.45462,22.87],[92.45362,22.86707],[92.45202,22.86524],[92.4524,22.86215],[92.45318,22.86126],[92.45534,22.86076],[92.46145,22.86145],[92.46179,22.86072],[92.45967,22.85798],[92.46341,22.85587],[92.46445,22.85452],[92.46387,22.85304],[92.4624,22.85231],[92.45841,22.85321],[92.4566,22.85136],[92.45689,22.85033],[92.46023,22.85025],[92.45905,22.84822],[92.4598,22.84632],[92.45841,22.84572],[92.4585,22.8447],[92.4628,22.84353],[92.4638,22.84215],[92.46195,22.84114],[92.4581,22.8409],[92.45491,22.84302],[92.45353,22.84342],[92.45275,22.84285],[92.45735,22.83799],[92.45995,22.83276],[92.46192,22.83103],[92.4578,22.82696],[92.45516,22.82596],[92.45817,22.82334],[92.45733,22.82144],[92.45461,22.81988],[92.45426,22.81896],[92.45907,22.81877],[92.45811,22.8163],[92.46127,22.81095],[92.46126,22.80721],[92.4626,22.8071],[92.46216,22.81083],[92.46313,22.8116],[92.46688,22.80793],[92.46489,22.80558],[92.46529,22.80216],[92.46694,22.80052],[92.47064,22.79871],[92.47211,22.79607],[92.47097,22.79483],[92.47145,22.79298],[92.47062,22.78926],[92.46924,22.78834],[92.47025,22.78605],[92.46906,22.78251],[92.47011,22.78167],[92.47161,22.78377],[92.4726,22.78345],[92.47221,22.77724],[92.47596,22.77126],[92.47405,22.77002],[92.47285,22.76751],[92.47268,22.7648],[92.47608,22.76454],[92.4739,22.76153],[92.47344,22.75967],[92.47653,22.76],[92.47734,22.75809],[92.476,22.75702],[92.47603,22.75591],[92.47914,22.75262],[92.47409,22.74674],[92.47613,22.74538],[92.48214,22.74713],[92.48898,22.74633],[92.49046,22.74506],[92.49111,22.74128],[92.49395,22.74289],[92.49429,22.74008],[92.49766,22.73992],[92.50022,22.73751],[92.50223,22.73747],[92.50468,22.73927],[92.50566,22.73905],[92.5078,22.73708],[92.50862,22.73198],[92.51291,22.73347],[92.51291,22.73266],[92.50962,22.72957],[92.51327,22.72588],[92.51389,22.72352],[92.51667,22.72273],[92.51751,22.71579],[92.51405,22.71067],[92.51373,22.70811],[92.51501,22.70753],[92.51627,22.70432],[92.51871,22.69349],[92.5188,22.68843],[92.52085,22.68531],[92.52137,22.68174],[92.52333,22.67936],[92.52224,22.67414],[92.52587,22.67368],[92.52605,22.66509],[92.52897,22.66541],[92.52673,22.66096],[92.52862,22.65995],[92.52761,22.65892],[92.52462,22.65949],[92.52354,22.65629],[92.52458,22.65384],[92.52655,22.65395],[92.52774,22.6508],[92.52505,22.65077],[92.5246,22.64979],[92.52493,22.63998],[92.52669,22.6392],[92.52645,22.63736],[92.52773,22.63606],[92.52616,22.63466],[92.52642,22.63349],[92.5323,22.63347],[92.53255,22.63295],[92.53192,22.62985],[92.53241,22.62755],[92.52961,22.62498],[92.52744,22.62063],[92.53009,22.62037],[92.52854,22.61544],[92.53207,22.61188],[92.53553,22.61161],[92.53398,22.60783],[92.53191,22.60926],[92.52991,22.60958],[92.53042,22.60381],[92.53551,22.60015],[92.53497,22.59875],[92.53588,22.59587],[92.53744,22.59424],[92.53681,22.59236],[92.53515,22.5921],[92.53626,22.58953],[92.53834,22.59015],[92.53933,22.5893],[92.53594,22.58701],[92.53357,22.58864],[92.53292,22.5879],[92.53319,22.58607],[92.53438,22.58511],[92.53826,22.58628],[92.53817,22.58548],[92.53667,22.58479],[92.53758,22.58044],[92.53629,22.57902],[92.5383,22.57686],[92.53823,22.57531],[92.53287,22.57194],[92.52848,22.57336],[92.52734,22.57312],[92.52805,22.56564],[92.52418,22.56123],[92.52177,22.56013],[92.52402,22.55812],[92.52811,22.55694],[92.53172,22.55237],[92.5323,22.54922],[92.53135,22.54746],[92.53139,22.54528],[92.53413,22.54442],[92.53731,22.54551],[92.53707,22.54231],[92.53967,22.54121],[92.53888,22.53858],[92.53972,22.53717],[92.53845,22.53475],[92.54134,22.53447],[92.54084,22.53204],[92.54134,22.5302],[92.53941,22.52927],[92.54094,22.52733],[92.54049,22.5261],[92.54341,22.52519],[92.543,22.52424],[92.54158,22.52369],[92.5418,22.52176],[92.54396,22.52138],[92.54555,22.5177],[92.54324,22.51493],[92.54372,22.51351],[92.54496,22.51346],[92.54705,22.51697],[92.54742,22.51504],[92.55132,22.51362],[92.55076,22.51183],[92.54652,22.51018],[92.54739,22.50955],[92.55111,22.50977],[92.5508,22.50709],[92.54822,22.50753],[92.54818,22.50498],[92.54714,22.50344],[92.54935,22.50269],[92.54915,22.50117],[92.54675,22.50156],[92.54624,22.49949],[92.54356,22.50046],[92.54278,22.49917],[92.5432,22.49826],[92.54971,22.4985],[92.55015,22.49743],[92.54954,22.49561],[92.54423,22.49499],[92.54325,22.49316],[92.54407,22.49229],[92.54324,22.49084],[92.54629,22.48904],[92.54487,22.48539],[92.54562,22.48342],[92.54491,22.48124],[92.54585,22.47991],[92.54548,22.47833],[92.54723,22.47529],[92.54566,22.47184],[92.54561,22.46849],[92.54778,22.46687],[92.54759,22.46491],[92.54548,22.46325],[92.54919,22.45962],[92.54927,22.45824],[92.54794,22.45603],[92.55058,22.45434],[92.55046,22.45109],[92.55164,22.44893],[92.55027,22.44796],[92.5513,22.44665],[92.54974,22.44356],[92.5522,22.44243],[92.55187,22.44086],[92.55264,22.43917],[92.55145,22.43791],[92.55424,22.43651],[92.55349,22.43385],[92.55481,22.43263],[92.55539,22.43001],[92.55543,22.42875],[92.55374,22.42751],[92.55202,22.42884],[92.55122,22.42739],[92.55344,22.42656],[92.55548,22.42714],[92.55508,22.42516],[92.55669,22.42479],[92.55582,22.42272],[92.55446,22.42369],[92.55377,22.42252],[92.55177,22.42244],[92.55091,22.4238],[92.55067,22.42179],[92.55365,22.42006],[92.55492,22.41734],[92.55449,22.41631],[92.55275,22.416],[92.55214,22.41485],[92.55301,22.41044],[92.55206,22.40904],[92.55341,22.40898],[92.55475,22.41091],[92.5572,22.4092],[92.55746,22.40708],[92.55471,22.40548],[92.55685,22.40285],[92.55856,22.40286],[92.55993,22.40195],[92.5597,22.40005],[92.55698,22.39973],[92.55602,22.39889],[92.56007,22.3958],[92.55885,22.39463],[92.56002,22.39178],[92.55825,22.39124],[92.56119,22.38939],[92.55959,22.38791],[92.56092,22.38689],[92.56163,22.38444],[92.5593,22.3823],[92.56008,22.38093],[92.56157,22.38165],[92.5631,22.3803],[92.56202,22.37947],[92.56196,22.37621],[92.56425,22.3754],[92.56273,22.37315],[92.5626,22.37152],[92.56746,22.37061],[92.5681,22.36747],[92.56709,22.36531],[92.5683,22.36234],[92.56811,22.3606],[92.57092,22.36004],[92.57213,22.35843],[92.57104,22.35672],[92.57222,22.35453],[92.57345,22.34857],[92.57348,22.34772],[92.5722,22.34689],[92.57218,22.34612],[92.57369,22.34503],[92.57262,22.34275],[92.57537,22.34228],[92.57514,22.34019],[92.57381,22.33834],[92.57597,22.33793],[92.57514,22.33627],[92.57605,22.33516],[92.5746,22.33487],[92.57649,22.33315],[92.57473,22.33274],[92.57442,22.33186],[92.57613,22.33142],[92.57691,22.32527],[92.58029,22.32524],[92.57992,22.32409],[92.57856,22.32416],[92.57829,22.32357],[92.58135,22.32208],[92.57947,22.32145],[92.58067,22.31925],[92.57804,22.31694],[92.57856,22.31615],[92.57926,22.31671],[92.58024,22.31525],[92.57883,22.31275],[92.58064,22.31213],[92.57931,22.31103],[92.57777,22.31192],[92.57762,22.31117],[92.57901,22.30998],[92.58116,22.30948],[92.58186,22.30825],[92.58157,22.307],[92.5799,22.30672],[92.58074,22.30607],[92.5804,22.30427],[92.58381,22.30432],[92.5827,22.30324],[92.58029,22.30306],[92.58091,22.30212],[92.58191,22.30222],[92.5814,22.30067],[92.58381,22.29957],[92.58283,22.29162],[92.58125,22.29107],[92.58246,22.29002],[92.58292,22.288],[92.58093,22.28639],[92.58364,22.28594],[92.58441,22.28488],[92.582,22.28381],[92.58142,22.28169],[92.58425,22.28165],[92.58647,22.28035],[92.58458,22.27946],[92.58462,22.27757],[92.5859,22.27657],[92.58465,22.2764],[92.58309,22.27743],[92.58326,22.27641],[92.58064,22.27597],[92.58117,22.27349],[92.58254,22.27401],[92.58318,22.27264],[92.58193,22.27142],[92.58293,22.27016],[92.58131,22.26893],[92.58412,22.26752],[92.58353,22.26591],[92.58517,22.26523],[92.5851,22.2643],[92.58678,22.26403],[92.58472,22.26289],[92.58402,22.26113],[92.58657,22.26013],[92.58524,22.25938],[92.58566,22.25823],[92.58681,22.25904],[92.58739,22.25723],[92.58898,22.25694],[92.58887,22.25553],[92.59033,22.25595],[92.59103,22.25503],[92.58956,22.25396],[92.59047,22.25299],[92.59002,22.25132],[92.59072,22.2487],[92.58912,22.24744],[92.59105,22.24672],[92.5914,22.24474],[92.59045,22.24388],[92.59185,22.23925],[92.58974,22.23773],[92.59049,22.23674],[92.58957,22.23572],[92.59037,22.23498],[92.59176,22.23501],[92.59082,22.23399],[92.5889,22.23369],[92.58892,22.23279],[92.59059,22.23272],[92.58926,22.23181],[92.5905,22.2308],[92.58813,22.2304],[92.58946,22.22793],[92.58852,22.22801],[92.58819,22.22716],[92.58945,22.22568],[92.58786,22.22449],[92.59027,22.22336],[92.5901,22.22108],[92.58777,22.21892],[92.58888,22.21753],[92.5876,22.21603],[92.59195,22.21429],[92.59011,22.21348],[92.59236,22.2116],[92.59221,22.20957],[92.59378,22.20897],[92.59342,22.20801],[92.59414,22.20643],[92.59341,22.20451],[92.5943,22.20317],[92.59372,22.20201],[92.59517,22.19945],[92.5936,22.19643],[92.59631,22.19383],[92.59481,22.19321],[92.59642,22.18981],[92.59545,22.18919],[92.59599,22.18674],[92.59492,22.18385],[92.59696,22.18365],[92.59479,22.18232],[92.5943,22.18117],[92.59535,22.18063],[92.59544,22.17872],[92.5964,22.17884],[92.5972,22.17772],[92.59579,22.17547],[92.6042,22.1717],[92.60515,22.17266],[92.6064,22.17271],[92.60746,22.16832],[92.60654,22.16605],[92.60871,22.16427],[92.60793,22.16175],[92.60629,22.16046],[92.60769,22.1584],[92.60799,22.15351],[92.60895,22.15163],[92.60916,22.14639],[92.61001,22.14428],[92.60976,22.14195],[92.61098,22.13844],[92.61011,22.13518],[92.60832,22.13461],[92.60772,22.13302],[92.60769,22.12798],[92.60547,22.12332],[92.59956,22.12314],[92.59399,22.12561],[92.58891,22.13194],[92.59097,22.13375],[92.59318,22.13756],[92.59184,22.13948],[92.5782,22.14355],[92.57848,22.14199],[92.57629,22.1398],[92.57745,22.13748],[92.57637,22.13597],[92.57108,22.13607],[92.56575,22.13508],[92.56383,22.13364],[92.5636,22.12998],[92.56255,22.12827],[92.56365,22.12582],[92.56737,22.12407],[92.57242,22.11982],[92.57367,22.11742],[92.57518,22.11625],[92.57475,22.11227],[92.5762,22.11],[92.57668,22.1051],[92.57784,22.10445],[92.58256,22.0977],[92.58208,22.09478],[92.58275,22.09318],[92.58165,22.09185],[92.5841,22.09049],[92.58325,22.08723],[92.5853,22.08518],[92.58504,22.08246],[92.59063,22.08112],[92.58963,22.07613],[92.59065,22.07174],[92.58982,22.07078],[92.59227,22.06573],[92.59527,22.06221],[92.59849,22.06149],[92.60262,22.06183],[92.60016,22.05904],[92.60031,22.05318],[92.59785,22.04791],[92.59783,22.04455],[92.599,22.04249],[92.59353,22.04195],[92.59265,22.04118],[92.59327,22.03411],[92.59406,22.03247],[92.59665,22.03158],[92.59662,22.03051],[92.59947,22.02871],[92.60053,22.02243],[92.59867,22.01643],[92.599,22.0143],[92.5974,22.01301],[92.59739,22.012],[92.59919,22.00857],[92.60141,22.00703],[92.60248,22.0033],[92.60427,22.00218],[92.60573,21.99965],[92.60881,21.99946],[92.60991,21.99822],[92.61003,21.99507],[92.61235,21.99273],[92.61262,21.99143],[92.61054,21.98506],[92.60831,21.98357],[92.60345,21.98283],[92.60323,21.97866],[92.6074,21.97467],[92.6171,21.9783],[92.62065,21.98],[92.62286,21.98203],[92.63084,21.98375],[92.63477,21.98348],[92.63695,21.99074],[92.63942,21.99136],[92.64153,21.99375],[92.64213,21.9997],[92.64373,22.00227],[92.64631,22.00436],[92.64683,22.00777],[92.64801,22.0092],[92.65139,22.01083],[92.65162,22.01585],[92.65421,22.01628],[92.65841,22.01527],[92.66082,22.01324],[92.66322,22.01443],[92.6665,22.01354],[92.66814,22.01282],[92.66756,22.01095],[92.67001,22.00974],[92.67197,22.01134],[92.67562,22.01147],[92.67689,22.01241],[92.68265,22.03131],[92.68444,22.04194],[92.68444,22.06056],[92.68278,22.07417],[92.68111,22.08],[92.68152,22.10675],[92.68443,22.10723],[92.68791,22.10626],[92.68875,22.07252],[92.69091,22.07233],[92.69235,22.09906],[92.69173,22.10546],[92.69281,22.12588],[92.69189,22.13616],[92.69284,22.1398],[92.69455,22.13805],[92.69538,22.13805],[92.69664,22.14076],[92.69522,22.15362],[92.69951,22.15517],[92.70099,22.15127],[92.70602,22.15051],[92.70788,22.1521],[92.71104,22.15159],[92.71224,22.14826],[92.71324,22.14785],[92.71606,22.14889],[92.72044,22.14901],[92.72368,22.1513],[92.72645,22.1511],[92.72889,22.14426],[92.7336,22.13856],[92.73274,22.1385],[92.73255,22.13746],[92.73363,22.13604],[92.73949,22.1318],[92.74139,22.13274],[92.74123,22.13121],[92.74435,22.13034],[92.74478,22.13135],[92.74706,22.13162],[92.74747,22.1292],[92.74687,22.12812],[92.74811,22.12772],[92.74879,22.12651],[92.75024,22.127],[92.75094,22.1256],[92.75232,22.12562],[92.75378,22.1242],[92.75703,22.12586],[92.75956,22.12629],[92.76105,22.12571],[92.76069,22.1238],[92.76162,22.1233],[92.76266,22.12071],[92.76499,22.12082],[92.7633,22.11907],[92.76541,22.11857],[92.76689,22.11973],[92.76726,22.11919],[92.76618,22.11724],[92.76844,22.11738],[92.76737,22.11437],[92.77132,22.11211],[92.77077,22.11081],[92.77363,22.10774],[92.77487,22.107],[92.77765,22.10714],[92.77809,22.1081],[92.77884,22.10807],[92.78276,22.1071],[92.7841,22.10574],[92.79013,22.10516],[92.79068,22.10347],[92.79239,22.10231],[92.79198,22.10115],[92.79567,22.09976],[92.79622,22.09627],[92.79728,22.09443],[92.80195,22.09452],[92.80225,22.09595],[92.80413,22.0978],[92.80785,22.0959],[92.80911,22.09625],[92.81132,22.09558],[92.81347,22.08938],[92.81675,22.08847],[92.81895,22.0866],[92.81761,22.08292],[92.81729,22.07895],[92.81929,22.07455],[92.82196,22.07405],[92.82362,22.07457],[92.82534,22.07327],[92.82767,22.0727],[92.83115,22.07357],[92.83453,22.07192],[92.8368,22.07187],[92.8383,22.07005],[92.83892,22.0656],[92.84182,22.05962],[92.8428,22.0593],[92.85052,22.06358],[92.85248,22.06652],[92.85598,22.06602],[92.85985,22.06702],[92.86076,22.06459],[92.86237,22.064],[92.86188,22.05824],[92.86498,22.05258],[92.86543,22.04855],[92.8646,22.02538],[92.86526,22.02379],[92.86931,22.02277],[92.87186,22.02301],[92.87512,22.02163],[92.87919,22.02191],[92.87992,22.02067],[92.87939,22.0147],[92.8856,22.01363],[92.89161,22.01149],[92.89306,22.00225],[92.89434,22.0009],[92.89619,21.98727],[92.89739,21.98515],[92.89722,21.98394],[92.89821,21.98352],[92.89805,21.98249],[92.8969,21.98182],[92.89855,21.97495],[92.89712,21.9733],[92.89936,21.97181],[92.89945,21.96604],[92.90034,21.96482],[92.90026,21.96095],[92.90123,21.95986],[92.9003,21.95962],[92.90109,21.95769],[92.89993,21.9577],[92.89877,21.95631],[92.90014,21.95669],[92.90016,21.95538],[92.90169,21.95513],[92.90121,21.95262],[92.90196,21.95218],[92.90105,21.95011],[92.90207,21.94872],[92.90132,21.9464],[92.90263,21.94604],[92.90384,21.94011],[92.9049,21.94112],[92.90628,21.94025],[92.9072,21.94226],[92.90875,21.94306],[92.90623,21.94386],[92.91065,21.94826],[92.91034,21.94979],[92.91212,21.95052],[92.91112,21.95332],[92.91228,21.95571],[92.91142,21.9625],[92.91274,21.96269],[92.91395,21.96416],[92.91382,21.96521],[92.91278,21.96525],[92.91371,21.96687],[92.91285,21.97034],[92.91412,21.97254],[92.91391,21.97588],[92.91535,21.97651],[92.91506,21.97808],[92.91657,21.97902],[92.91621,21.98104],[92.91738,21.98093],[92.91936,21.98243],[92.91918,21.98386],[92.92018,21.98422],[92.92139,21.98991],[92.92012,21.99066],[92.92235,21.99411],[92.9247,21.9942],[92.92551,21.99589],[92.92648,21.99425],[92.93027,21.99621],[92.93005,21.99769],[92.93144,21.99808],[92.93325,21.99991],[92.93277,22.00203],[92.93425,22.00239],[92.93526,22.00417],[92.93391,22.00637],[92.93592,22.00678],[92.93491,22.01154],[92.92913,22.00859],[92.92838,22.01223],[92.92747,22.01336],[92.92789,22.01396],[92.9262,22.01409],[92.93001,22.018],[92.9337,22.01574],[92.93539,22.01632],[92.93715,22.01445],[92.93793,22.01472],[92.93967,22.01366],[92.94099,22.0149],[92.94054,22.01697],[92.94217,22.01665],[92.94216,22.02061],[92.94521,22.0213],[92.94748,22.02552],[92.95127,22.02839],[92.95197,22.03022],[92.95666,22.03],[92.96159,22.02492],[92.96033,22.02214],[92.96181,22.02081],[92.96225,22.01928],[92.96458,22.01768],[92.9631,22.01557],[92.96465,22.01527],[92.96422,22.01379],[92.96535,22.01029],[92.96736,22.01044],[92.96839,22.00665],[92.96946,22.0073],[92.97198,22.00658],[92.97361,22.00194],[92.98056,21.99444],[92.98472,21.99139],[92.99056,21.99083],[92.99639,21.99278],[93.00028,21.99583],[93.00361,21.99972],[93.00611,22.00389],[93.00528,22.01083],[93.00222,22.02278],[92.99583,22.03861],[92.99083,22.04861],[92.98944,22.05444],[92.98944,22.06083],[92.99111,22.06556],[92.99667,22.07389],[93.00639,22.09139],[93.00806,22.09639],[93.00972,22.1075],[93.01244,22.10985],[93.02192,22.10981],[93.02614,22.10665],[93.02636,22.10509],[93.02966,22.10284],[93.02968,22.10182],[93.0392,22.09921],[93.04801,22.09843],[93.05106,22.09966],[93.05322,22.09943],[93.05555,22.10078],[93.05897,22.10038],[93.05955,22.1009],[93.05934,22.10241],[93.05704,22.10271],[93.05884,22.10663],[93.05777,22.11096],[93.05854,22.11288],[93.05624,22.11674],[93.05667,22.11871],[93.056,22.12099],[93.05439,22.12099],[93.05448,22.12508],[93.05094,22.12675],[93.04961,22.12995],[93.04553,22.13336],[93.04492,22.13731],[93.04218,22.13661],[93.03916,22.13896],[93.04085,22.13959],[93.04172,22.14183],[93.04415,22.14256],[93.04403,22.14345],[93.04315,22.14384],[93.04095,22.14308],[93.04041,22.14533],[93.03945,22.14596],[93.03913,22.14402],[93.03824,22.14368],[93.03743,22.1455],[93.03691,22.1491],[93.0411,22.15053],[93.04406,22.15687],[93.04171,22.15957],[93.04784,22.16288],[93.04785,22.16726],[93.04898,22.16902],[93.04779,22.17075],[93.04831,22.17452],[93.04469,22.17957],[93.04168,22.1858],[93.03963,22.18652],[93.04201,22.19017],[93.0379,22.19407],[93.03802,22.19502],[93.03934,22.19564],[93.04273,22.19544],[93.04351,22.19671],[93.04335,22.19991],[93.0454,22.20055],[93.0464,22.20267],[93.05028,22.2006],[93.05351,22.2027],[93.05528,22.20116],[93.05696,22.20092],[93.0587,22.20293],[93.06088,22.20372],[93.06268,22.20731],[93.07139,22.21167],[93.07806,22.21167],[93.08278,22.20944],[93.08806,22.20806],[93.10083,22.20722],[93.11083,22.20333],[93.11444,22.19972],[93.11722,22.19528],[93.12389,22.1875],[93.12861,22.18528],[93.14083,22.18389],[93.14806,22.18472],[93.15732,22.18684],[93.15749,22.18878],[93.15988,22.19058],[93.16171,22.19565],[93.16082,22.19893],[93.15789,22.20053],[93.15337,22.20934],[93.14999,22.21039],[93.1484,22.21216],[93.14874,22.21384],[93.15245,22.21628],[93.15243,22.21779],[93.151,22.21952],[93.14772,22.22886],[93.14604,22.23041],[93.14191,22.23228],[93.13964,22.23497],[93.13978,22.23667],[93.14229,22.23646],[93.14376,22.23847],[93.14211,22.24199],[93.14197,22.24545],[93.14299,22.24693],[93.14885,22.24945],[93.15033,22.24922],[93.15248,22.24721],[93.15637,22.24719],[93.15888,22.24899],[93.16439,22.25016],[93.16691,22.24617],[93.17133,22.24671],[93.17666,22.24542],[93.17939,22.24687],[93.18111,22.24921],[93.18824,22.25162],[93.19276,22.255],[93.19914,22.25538],[93.19963,22.257],[93.19816,22.26095],[93.2018,22.26226],[93.20228,22.26316],[93.20141,22.26626],[93.19779,22.27006],[93.19752,22.27835],[93.19666,22.28191],[93.19522,22.28318],[93.19388,22.28654],[93.19433,22.29064],[93.19515,22.29153],[93.19885,22.29106],[93.19975,22.29382],[93.19822,22.29582],[93.19198,22.29767],[93.18956,22.30104],[93.19037,22.30254],[93.19156,22.30258],[93.19331,22.30084],[93.19541,22.30164],[93.1962,22.30329],[93.19024,22.30936],[93.19062,22.31045],[93.19505,22.31183],[93.19628,22.31371],[93.19526,22.31655],[93.18988,22.32025],[93.18914,22.32233],[93.18971,22.32366],[93.19553,22.32657],[93.19712,22.32867],[93.19453,22.3338],[93.1857,22.33908],[93.18586,22.34125],[93.18841,22.34565],[93.18686,22.35102],[93.18756,22.35627],[93.18697,22.36101],[93.1883,22.36402],[93.18728,22.36773],[93.18403,22.36957],[93.18359,22.37419],[93.18651,22.3812],[93.18979,22.38192],[93.19006,22.38301],[93.18888,22.38501],[93.18723,22.38526],[93.18466,22.38782],[93.18541,22.39122],[93.18197,22.39538],[93.18387,22.39705],[93.18492,22.40198],[93.186,22.40187],[93.18747,22.40321],[93.1869,22.40629],[93.18315,22.40963],[93.18311,22.41311],[93.18163,22.41836],[93.18263,22.42222],[93.18589,22.42411],[93.1853,22.42814],[93.17731,22.43311],[93.17886,22.43676],[93.1783,22.43852],[93.17672,22.44054],[93.17307,22.4409],[93.16834,22.44321],[93.16484,22.45044],[93.16361,22.45114],[93.16086,22.45164],[93.15787,22.45345],[93.15507,22.45264],[93.15124,22.45432],[93.14602,22.45348],[93.14028,22.45354],[93.13898,22.45429],[93.13617,22.46212],[93.13348,22.46401],[93.1316,22.46806],[93.13325,22.47298],[93.13252,22.47822],[93.13398,22.47934],[93.13498,22.48192],[93.13315,22.48721],[93.13359,22.48905],[93.13532,22.49037],[93.13516,22.49124],[93.13457,22.49287],[93.13048,22.49572],[93.12565,22.502],[93.12383,22.51004],[93.12698,22.51533],[93.12854,22.52425],[93.12553,22.52585],[93.12338,22.52602],[93.11244,22.52559],[93.10942,22.52475],[93.10698,22.52599],[93.10647,22.52772],[93.10734,22.52918],[93.11181,22.53268],[93.11279,22.53462],[93.11186,22.53631],[93.11008,22.53636],[93.10887,22.53734],[93.11017,22.54093],[93.1091,22.54677],[93.11306,22.55956],[93.11612,22.56406],[93.11929,22.56436],[93.12275,22.56692],[93.12533,22.5709],[93.12598,22.57521],[93.12745,22.57719],[93.1292,22.5787],[93.13818,22.58299],[93.13971,22.5858],[93.14089,22.59124],[93.14075,22.59396],[93.13704,22.59901],[93.1387,22.60237],[93.13448,22.61044],[93.13458,22.61393],[93.13389,22.615],[93.12945,22.6156],[93.12741,22.61792],[93.12942,22.62213],[93.12866,22.62423],[93.12552,22.62651],[93.12123,22.62642],[93.11938,22.62808],[93.11753,22.63144],[93.11553,22.63186],[93.11217,22.63458],[93.10824,22.63542],[93.10686,22.6395],[93.10757,22.64135],[93.11072,22.64454],[93.11072,22.64698],[93.10946,22.64886],[93.10986,22.65639],[93.10129,22.66226],[93.10174,22.66553],[93.0959,22.67142],[93.09528,22.67416],[93.09445,22.68018],[93.09516,22.68132],[93.10039,22.6805],[93.10143,22.68102],[93.10205,22.68259],[93.10044,22.6869],[93.09705,22.68594],[93.09666,22.68643],[93.09654,22.68839],[93.09873,22.69142],[93.09889,22.69308],[93.0982,22.69618],[93.09612,22.70006],[93.09235,22.70111],[93.0918,22.70943],[93.09344,22.7139],[93.09688,22.71584],[93.09791,22.71865],[93.09836,22.72029],[93.09772,22.72385],[93.09851,22.72842],[93.10394,22.74053],[93.1054,22.74227],[93.10733,22.75256],[93.1045,22.75901],[93.10179,22.76136],[93.09988,22.76434],[93.10201,22.76542],[93.10249,22.76779],[93.1016,22.77117],[93.0994,22.77414],[93.09952,22.77695],[93.09679,22.78048],[93.09586,22.78592],[93.09724,22.78686],[93.09827,22.79576],[93.09657,22.79686],[93.09639,22.79882],[93.09741,22.80086],[93.09536,22.80369],[93.09536,22.80692],[93.11057,22.81809],[93.10965,22.82099],[93.10482,22.82088],[93.10339,22.82219],[93.10318,22.82349],[93.10438,22.8259],[93.10737,22.82685],[93.11083,22.82672],[93.11379,22.82992],[93.11307,22.83118],[93.1103,22.83278],[93.1103,22.8348],[93.11516,22.83593],[93.11493,22.83871],[93.1175,22.84265],[93.11665,22.84548],[93.11653,22.85112],[93.11894,22.85885],[93.11692,22.86352],[93.11793,22.86499],[93.12261,22.86625],[93.12508,22.86816],[93.12779,22.8741],[93.12625,22.876],[93.12747,22.87906],[93.13483,22.89199],[93.13177,22.89905],[93.12969,22.90064],[93.12969,22.90324],[93.13539,22.91182],[93.14213,22.91383],[93.14787,22.91072],[93.15026,22.90821],[93.15845,22.90852],[93.16422,22.90961],[93.16237,22.91653],[93.15631,22.91858],[93.15517,22.91762],[93.15375,22.91767],[93.15314,22.92218],[93.15033,22.92369],[93.14601,22.92768],[93.14467,22.93843],[93.14651,22.94289],[93.14482,22.94678],[93.13755,22.95111],[93.13945,22.95336],[93.1406,22.95354],[93.1412,22.95975],[93.1383,22.96101],[93.13536,22.96786],[93.13553,22.97031],[93.14279,22.97231],[93.14362,22.97452],[93.14297,22.97826],[93.14104,22.9788],[93.13896,22.98208],[93.13948,22.98657],[93.14119,22.98783],[93.14046,22.99076],[93.13905,22.99191],[93.13697,22.99221],[93.13499,22.99211],[93.13357,22.99053],[93.13109,22.99135],[93.12929,22.99553],[93.12702,22.9966],[93.1265,23.00181],[93.12548,23.00269],[93.12085,23.00155],[93.11947,23.00306],[93.11943,23.00496],[93.12164,23.00557],[93.12316,23.00756],[93.12263,23.01139],[93.12408,23.01343],[93.12483,23.01675],[93.12524,23.02502],[93.12814,23.03092],[93.1281,23.03358],[93.12684,23.03386],[93.12573,23.03559],[93.12608,23.04076],[93.13024,23.04577],[93.13216,23.04723],[93.13451,23.0478],[93.13534,23.049],[93.13539,23.05006],[93.1329,23.05397],[93.13337,23.05844],[93.13505,23.06013],[93.13731,23.06081],[93.13932,23.06028],[93.14069,23.05769],[93.13981,23.05385],[93.14238,23.05291],[93.15138,23.05451],[93.15292,23.0491],[93.15275,23.04441],[93.15417,23.0435],[93.15902,23.04413],[93.15992,23.04488],[93.16007,23.04828],[93.16872,23.04688],[93.17509,23.05425],[93.17896,23.05612],[93.18182,23.05824],[93.18252,23.05964],[93.18404,23.05984],[93.18681,23.05854],[93.18716,23.05313],[93.18879,23.05209],[93.19536,23.05482],[93.20044,23.05522],[93.2019,23.05421],[93.2012,23.05299],[93.20306,23.05003],[93.20575,23.04871],[93.20944,23.04874],[93.21035,23.04763],[93.21071,23.04202],[93.21241,23.03705],[93.21592,23.0366],[93.21706,23.03501],[93.21758,23.03243],[93.21458,23.02815],[93.21488,23.0267],[93.2174,23.02482],[93.21804,23.02309],[93.22007,23.02267],[93.22451,23.02412],[93.22561,23.02325],[93.22493,23.02032],[93.2267,23.01953],[93.22749,23.02069],[93.2284,23.02078],[93.23001,23.01967],[93.23088,23.01686],[93.22837,23.0146],[93.22803,23.01314],[93.23014,23.011],[93.23355,23.01153],[93.2382,23.00992],[93.23972,23.00761],[93.2473,23.00647],[93.26062,23.00849],[93.26458,23.00779],[93.26668,23.00976],[93.2707,23.0108],[93.27243,23.00986],[93.27283,23.00803],[93.27409,23.00711],[93.27393,23.00507],[93.27487,23.00343],[93.28048,23.00493],[93.28298,23.00841],[93.29059,23.00842],[93.29147,23.00652],[93.29259,23.00615],[93.29475,23.00784],[93.29804,23.01397],[93.3014,23.0168],[93.30299,23.01914],[93.30597,23.02119],[93.30858,23.02097],[93.31123,23.01876],[93.31253,23.01874],[93.31361,23.01982],[93.31283,23.02568],[93.31397,23.02717],[93.31814,23.02789],[93.31976,23.02901],[93.31999,23.03692],[93.32096,23.03713],[93.3226,23.03587],[93.32748,23.03969],[93.32685,23.04766],[93.33328,23.04914],[93.33263,23.05388],[93.33434,23.05971],[93.33532,23.06043],[93.33687,23.06027],[93.34028,23.05872],[93.34096,23.05771],[93.34313,23.0587],[93.34315,23.06023],[93.33997,23.06538],[93.34041,23.06787],[93.34355,23.06854],[93.3455,23.07117],[93.34726,23.07069],[93.35222,23.07118],[93.35208,23.07295],[93.34753,23.07375],[93.34436,23.07587],[93.3406,23.07346],[93.33983,23.07326],[93.33888,23.07431],[93.34315,23.08025],[93.34276,23.08477],[93.3433,23.08627],[93.34502,23.08688],[93.34626,23.08842],[93.34431,23.09218],[93.34584,23.09333],[93.34742,23.09348],[93.35039,23.09176],[93.35159,23.09462],[93.35403,23.09695],[93.35511,23.10423],[93.35856,23.11041],[93.35836,23.1112],[93.35672,23.11135],[93.35535,23.11265],[93.35521,23.11613],[93.35613,23.11678],[93.36297,23.11551],[93.3638,23.11629],[93.36405,23.11907],[93.3653,23.12142],[93.36722,23.122],[93.37285,23.12672],[93.37811,23.12723],[93.37855,23.12874],[93.37567,23.13047],[93.37663,23.13251],[93.38383,23.13286],[93.3856,23.13659],[93.38567,23.14034],[93.38708,23.14418],[93.38613,23.14469],[93.38406,23.1446],[93.37826,23.14097],[93.37545,23.14214],[93.37134,23.14107],[93.368,23.14414],[93.36814,23.14606],[93.37124,23.15299],[93.36913,23.15405],[93.36953,23.15772],[93.37123,23.15823],[93.37265,23.16082],[93.37132,23.16561],[93.37256,23.16806],[93.37264,23.17263],[93.372,23.17383],[93.36823,23.17518],[93.36823,23.17578],[93.37636,23.17859],[93.37799,23.18178],[93.37862,23.18514],[93.38029,23.18702],[93.37691,23.19108],[93.37847,23.19532],[93.37831,23.19669],[93.37986,23.19809],[93.3804,23.20026],[93.37736,23.20209],[93.37537,23.20477],[93.37617,23.20622],[93.37834,23.2071],[93.37873,23.21137],[93.37979,23.21292],[93.37935,23.21459],[93.38198,23.21708],[93.38407,23.21614],[93.38758,23.21584],[93.38891,23.21717],[93.38629,23.21927],[93.38369,23.22425],[93.38134,23.22451],[93.38077,23.22853],[93.38221,23.23121],[93.38201,23.23257],[93.37869,23.23431],[93.37936,23.23729],[93.37623,23.24466],[93.37709,23.24678],[93.37641,23.24861],[93.36911,23.2502],[93.37156,23.25461],[93.36989,23.25562],[93.36976,23.25797],[93.37308,23.2597],[93.37358,23.26105],[93.36906,23.26378],[93.36832,23.2686],[93.36713,23.26895],[93.36608,23.2681],[93.36542,23.26874],[93.36702,23.27292],[93.36874,23.27412],[93.36914,23.27553],[93.36591,23.27793],[93.36337,23.27819],[93.36223,23.28003],[93.36289,23.28119],[93.36523,23.2817],[93.36629,23.28041],[93.36812,23.285],[93.36938,23.28604],[93.36856,23.28995],[93.36566,23.29299],[93.36823,23.29847],[93.36865,23.30096],[93.36488,23.30592],[93.36632,23.30737],[93.36831,23.30725],[93.37096,23.30851],[93.37139,23.30969],[93.36646,23.31026],[93.36343,23.3133],[93.37154,23.31322],[93.3716,23.31655],[93.36732,23.3195],[93.36692,23.3226],[93.37107,23.32579],[93.37285,23.32869],[93.37141,23.32964],[93.36955,23.33335],[93.36313,23.33621],[93.36001,23.34092],[93.3577,23.34281],[93.35813,23.34669],[93.35696,23.3477],[93.35537,23.35268],[93.36128,23.35687],[93.36237,23.35665],[93.36215,23.35594],[93.36416,23.35625],[93.37102,23.35945],[93.37459,23.35909],[93.37916,23.36088],[93.38051,23.35864],[93.38139,23.35839],[93.38378,23.36207],[93.38559,23.36125],[93.38603,23.35999],[93.38759,23.35964],[93.38935,23.36477],[93.38923,23.36678],[93.38801,23.3676],[93.39098,23.3699],[93.39019,23.37096],[93.38688,23.37153],[93.38671,23.37444],[93.39188,23.37486],[93.39453,23.37641],[93.39515,23.38006],[93.39681,23.38373],[93.39852,23.38379],[93.40036,23.38219],[93.40137,23.3835],[93.40232,23.38969],[93.3984,23.39245],[93.39735,23.39739],[93.39432,23.39732],[93.39408,23.4001],[93.39237,23.40417],[93.39252,23.4061],[93.39161,23.40746],[93.39032,23.41633],[93.39089,23.41864],[93.38881,23.41992],[93.38804,23.42165],[93.38827,23.42277],[93.38953,23.42323],[93.39074,23.42743],[93.38938,23.43171],[93.3909,23.43636],[93.38971,23.43985],[93.39152,23.4415],[93.38776,23.44604],[93.38838,23.44865],[93.39004,23.451],[93.39324,23.44794],[93.3948,23.44806],[93.39426,23.44945],[93.39271,23.45024],[93.39582,23.45398],[93.39187,23.45778],[93.39276,23.45863],[93.39426,23.45866],[93.39357,23.46066],[93.39454,23.46207],[93.39381,23.46437],[93.39498,23.46563],[93.39734,23.46651],[93.39785,23.47029],[93.39966,23.47206],[93.39755,23.47301],[93.39823,23.47504],[93.39513,23.47519],[93.39216,23.47894],[93.39244,23.48008],[93.39529,23.4815],[93.39592,23.48543],[93.39366,23.48652],[93.39524,23.49216],[93.39452,23.49948],[93.39512,23.50271],[93.39424,23.50405],[93.39664,23.50538],[93.39628,23.50767],[93.39777,23.51108],[93.40297,23.51099],[93.40421,23.51312],[93.40328,23.51544],[93.40351,23.51738],[93.4069,23.51708],[93.40856,23.51794],[93.40906,23.52386],[93.41104,23.52523],[93.41449,23.53135],[93.41575,23.53683],[93.41832,23.5402],[93.41787,23.54255],[93.41544,23.54466],[93.41493,23.549],[93.41267,23.55377],[93.41226,23.55652],[93.40969,23.55678],[93.40886,23.55806],[93.4098,23.55939],[93.41325,23.55974],[93.41364,23.56091],[93.40989,23.5629],[93.40949,23.56381],[93.41046,23.56514],[93.41155,23.56417],[93.41366,23.56547],[93.41441,23.5715],[93.41837,23.56901],[93.42214,23.57161],[93.42146,23.57485],[93.42269,23.57879],[93.42276,23.58367],[93.42365,23.58557],[93.4253,23.58583],[93.42852,23.58857],[93.42716,23.5907],[93.42595,23.59106],[93.42652,23.59327],[93.42765,23.59417],[93.42578,23.59664],[93.4263,23.59982],[93.42453,23.59952],[93.42391,23.60132],[93.42554,23.60121],[93.424,23.60279],[93.4216,23.603],[93.4216,23.6038],[93.42432,23.60541],[93.42266,23.60732],[93.42158,23.60707],[93.42185,23.61074],[93.42082,23.61115],[93.42021,23.61272],[93.42198,23.61367],[93.42221,23.61708],[93.41977,23.62409],[93.42203,23.62434],[93.42207,23.62631],[93.42125,23.62746],[93.42409,23.62886],[93.42488,23.63019],[93.42279,23.63138],[93.42365,23.63424],[93.4174,23.63649],[93.41779,23.64012],[93.41707,23.64162],[93.41832,23.6456],[93.41633,23.64804],[93.42037,23.64931],[93.41913,23.65049],[93.4222,23.65269],[93.42171,23.65331],[93.42019,23.65281],[93.41981,23.65398],[93.42276,23.65492],[93.42297,23.65628],[93.4243,23.65624],[93.42347,23.65938],[93.42185,23.66087],[93.42537,23.66216],[93.42569,23.66513],[93.42881,23.66761],[93.42832,23.66872],[93.42987,23.66908],[93.43097,23.67385],[93.43629,23.67835],[93.43529,23.67927],[93.43591,23.68049],[93.43529,23.68157],[93.43737,23.68217],[93.43657,23.68265],[93.43618,23.68557],[93.43725,23.68703],[93.42795,23.68783],[93.427,23.6897],[93.42537,23.68976],[93.42575,23.69272],[93.42419,23.69348],[93.42198,23.69636],[93.42097,23.69649],[93.42121,23.69765],[93.42007,23.69919],[93.42127,23.69959],[93.41983,23.69985],[93.41995,23.70147],[93.41754,23.70264],[93.41735,23.70178],[93.41623,23.70207],[93.41549,23.70329],[93.41446,23.70277],[93.4125,23.70434],[93.41034,23.70392],[93.41051,23.70565],[93.40909,23.70656],[93.40958,23.70724],[93.40725,23.70749],[93.40803,23.70846],[93.40767,23.71096],[93.40659,23.71249],[93.41003,23.71706],[93.4102,23.72875],[93.40497,23.7359],[93.40427,23.74445],[93.39991,23.74794],[93.3945,23.75422],[93.39346,23.75893],[93.39468,23.76399],[93.39538,23.78666],[93.40113,23.79277],[93.40427,23.79957],[93.40218,23.80777],[93.39645,23.81432],[93.3961,23.8166],[93.39431,23.81754],[93.39323,23.81586],[93.39085,23.81708],[93.39029,23.8181],[93.39117,23.82207],[93.3928,23.8236],[93.39109,23.82501],[93.38883,23.82527],[93.39059,23.82988],[93.38933,23.83337],[93.39044,23.83404],[93.38877,23.83491],[93.38946,23.8365],[93.38916,23.84058],[93.38742,23.84203],[93.38793,23.84372],[93.38669,23.84478],[93.3871,23.84586],[93.38617,23.84621],[93.38536,23.8479],[93.38667,23.85163],[93.3861,23.85307],[93.38787,23.85475],[93.38609,23.85885],[93.38697,23.86063],[93.38838,23.86126],[93.38748,23.86362],[93.38931,23.86519],[93.3875,23.86615],[93.38849,23.86827],[93.38499,23.87231],[93.38489,23.87663],[93.38617,23.87855],[93.38609,23.8799],[93.38755,23.88128],[93.38622,23.88122],[93.388,23.88302],[93.38703,23.88426],[93.38806,23.88497],[93.38976,23.8894],[93.38916,23.89087],[93.39066,23.89264],[93.38952,23.89495],[93.39025,23.89619],[93.39008,23.89872],[93.39136,23.90018],[93.39044,23.90233],[93.39248,23.90276],[93.39049,23.90617],[93.39307,23.90995],[93.39207,23.90982],[93.39172,23.91396],[93.3919,23.91445],[93.39461,23.91443],[93.39581,23.91569],[93.39452,23.91716],[93.3928,23.91665],[93.39295,23.918],[93.39184,23.91802],[93.39477,23.92442],[93.39439,23.92577],[93.39111,23.92389],[93.39109,23.9273],[93.39355,23.92883],[93.39093,23.9295],[93.39027,23.93062],[93.38887,23.93029],[93.38793,23.93132],[93.3858,23.92976],[93.38271,23.93257],[93.38156,23.93251],[93.38134,23.93434],[93.38025,23.93413],[93.37906,23.93234],[93.37793,23.93314],[93.37556,23.9319],[93.37263,23.9322],[93.36961,23.92962],[93.36912,23.93092],[93.37039,23.93089],[93.36922,23.93299],[93.36621,23.93316],[93.36368,23.93856],[93.36172,23.94032],[93.3594,23.94102],[93.36184,23.94353],[93.3618,23.94455],[93.35948,23.94466],[93.35761,23.94569],[93.35562,23.94152],[93.35299,23.94055],[93.35075,23.94167],[93.35157,23.94262],[93.35358,23.94187],[93.3548,23.94422],[93.3531,23.94662],[93.35208,23.94698],[93.35013,23.94624],[93.34876,23.94794],[93.34906,23.94938],[93.35041,23.94823],[93.35288,23.94914],[93.354,23.95148],[93.3536,23.95265],[93.35141,23.9531],[93.35,23.95524],[93.35031,23.95671],[93.35166,23.95676],[93.35245,23.95779],[93.35074,23.95852],[93.35097,23.96239],[93.35014,23.96287],[93.34803,23.96097],[93.34701,23.96113],[93.34719,23.96443],[93.34413,23.96575],[93.34129,23.96938],[93.3413,23.9702],[93.34354,23.96983],[93.34425,23.97263],[93.34368,23.97449],[93.33694,23.97583],[93.33767,23.978],[93.3397,23.97929],[93.33956,23.98071],[93.33739,23.97955],[93.33593,23.98032],[93.33233,23.97942],[93.33239,23.98089],[93.33528,23.98241],[93.33422,23.98522],[93.33361,23.98549],[93.33077,23.98395],[93.32841,23.98504],[93.33019,23.98676],[93.33299,23.98691],[93.33564,23.98813],[93.33749,23.99191],[93.33747,23.99315],[93.33429,23.99323],[93.3347,23.99775],[93.3321,23.99975],[93.33219,24.00124],[93.33448,24.00495],[93.33274,24.00855],[93.33344,24.0145],[93.33023,24.01577],[93.32948,24.02114],[93.33223,24.0209],[93.33499,24.01848],[93.33617,24.01957],[93.33625,24.02082],[93.33894,24.02113],[93.33741,24.02355],[93.33811,24.02506],[93.33751,24.02604],[93.33463,24.02619],[93.3342,24.02761],[93.33034,24.02733],[93.3318,24.02988],[93.3309,24.03047],[93.32732,24.02955],[93.32647,24.02965],[93.32631,24.03047],[93.32854,24.03399],[93.33546,24.03598],[93.33182,24.03782],[93.33362,24.03812],[93.33506,24.03944],[93.33764,24.03944],[93.33776,24.04011],[93.33712,24.04148],[93.3333,24.04093],[93.33167,24.04285],[93.32823,24.04173],[93.32759,24.04462],[93.32566,24.0465],[93.32617,24.04803],[93.32513,24.04858],[93.32649,24.05292],[93.32917,24.05441],[93.33216,24.05361],[93.33366,24.05661],[93.33565,24.05808],[93.33636,24.0602],[93.33791,24.06063],[93.3384,24.06214],[93.33825,24.06363],[93.33672,24.06336],[93.33614,24.06418],[93.33716,24.06796],[93.33457,24.06888],[93.33325,24.07084],[93.33454,24.07288],[93.33458,24.07441],[93.3332,24.07523],[93.33126,24.07309],[93.33064,24.07331],[93.3303,24.07557],[93.3283,24.07722],[93.32807,24.08009],[93.32896,24.08164],[93.33019,24.08122],[93.33108,24.08208],[93.33051,24.08415],[93.3311,24.08625],[93.33357,24.08816],[93.33445,24.08994],[93.33628,24.09091],[93.34037,24.09101],[93.34414,24.09216],[93.34638,24.09093],[93.34724,24.08796],[93.35097,24.09112],[93.35313,24.09058],[93.35408,24.09185],[93.35054,24.09394],[93.34946,24.09562],[93.34635,24.09464],[93.34596,24.09709],[93.34303,24.09732],[93.34175,24.10309],[93.34478,24.10345],[93.34538,24.10416],[93.34672,24.10269],[93.34743,24.10455],[93.34866,24.10532],[93.34824,24.10422],[93.34921,24.10361],[93.34883,24.10255],[93.34988,24.10231],[93.34967,24.1015],[93.34858,24.10202],[93.34821,24.10146],[93.3507,24.1005],[93.34955,24.09944],[93.34822,24.09942],[93.34829,24.09885],[93.3513,24.09818],[93.35416,24.09936],[93.35397,24.09622],[93.35675,24.09567],[93.35713,24.09428],[93.3592,24.09426],[93.35908,24.09315],[93.35788,24.09235],[93.35801,24.09106],[93.36128,24.09206],[93.365,24.09205],[93.36554,24.0915],[93.36619,24.09221],[93.36764,24.09026],[93.36993,24.09149],[93.37156,24.09039],[93.37221,24.09121],[93.37412,24.0901],[93.37582,24.09017],[93.37794,24.08804],[93.37984,24.0888],[93.38014,24.08743],[93.38159,24.08751],[93.38351,24.08573],[93.38426,24.08579],[93.38374,24.08675],[93.38426,24.08725],[93.38527,24.08623],[93.38707,24.08608],[93.38693,24.08486],[93.38986,24.08295],[93.39422,24.08429],[93.39636,24.08309],[93.39664,24.08455],[93.3992,24.08547],[93.40255,24.08264],[93.40253,24.0814],[93.40513,24.08099],[93.40531,24.07972],[93.407,24.07999],[93.40738,24.07831],[93.40673,24.07633],[93.40827,24.07727],[93.40959,24.07666],[93.40884,24.07592],[93.41024,24.07487],[93.41032,24.07323],[93.41074,24.07295],[93.41128,24.07453],[93.41239,24.07275],[93.41418,24.07435],[93.41396,24.07233],[93.4165,24.07178],[93.41719,24.07033],[93.41591,24.06939],[93.41691,24.06757],[93.41996,24.06665],[93.41977,24.06482],[93.42147,24.06413],[93.42239,24.05847],[93.42406,24.05728],[93.42482,24.05416],[93.4242,24.05315],[93.42592,24.05172],[93.42594,24.04993],[93.42507,24.04958],[93.42476,24.04801],[93.42475,24.04681],[93.42577,24.04647],[93.42466,24.04372],[93.43148,24.02843],[93.43863,24.01936],[93.44626,24.01386],[93.45515,24.01179],[93.45568,24.00999],[93.45667,24.00956],[93.4574,23.99965],[93.46482,23.9971],[93.46636,23.99023],[93.462,23.9843],[93.46165,23.97767],[93.46532,23.97209],[93.47786,23.96442],[93.48377,23.96364],[93.48379,23.96274],[93.48576,23.96232],[93.48733,23.9583],[93.49032,23.95655],[93.49278,23.95615],[93.49329,23.95526],[93.49724,23.95443],[93.49973,23.95267],[93.50025,23.95133],[93.50125,23.9509],[93.50179,23.94866],[93.50278,23.94823],[93.5098,23.94627],[93.51956,23.94819],[93.52602,23.95185],[93.5323,23.95831],[93.54032,23.9618],[93.54852,23.9686],[93.55584,23.97889],[93.56125,23.97924],[93.56394,23.97827],[93.5691,23.97366],[93.58341,23.96376],[93.5849,23.96334],[93.58641,23.96156],[93.59474,23.96197],[93.59893,23.96563],[93.60084,23.97226],[93.61288,23.9836],[93.61428,23.99058],[93.61148,23.99564],[93.61166,24.00104],[93.61637,24.00663],[93.62073,24.00977],[93.62648,24.01168],[93.64288,24.00889],[93.65003,24.00942],[93.65404,24.00436],[93.65914,24.00262],[93.67093,24.00239],[93.6816,24.00732],[93.68963,24.00715],[93.71018,24.00401],[93.72008,24.00059],[93.7201,23.99968],[93.72257,23.99882],[93.72648,23.9998],[93.73433,23.99994],[93.74213,24.0014],[93.74354,24.00383],[93.74597,24.00523],[93.7512,24.00645],[93.75661,24.00611],[93.76032,24.00176],[93.76149,23.99669],[93.76794,23.98605],[93.77632,23.96651],[93.79114,23.95535],[93.7969,23.94942],[93.80161,23.93895],[93.80161,23.9325],[93.80475,23.92901],[93.81085,23.92534],[93.81504,23.92395],[93.82795,23.92622],[93.83806,23.92988],[93.86022,23.93337],[93.86789,23.93878],[93.87522,23.94209],[93.88149,23.94261],[93.8883,23.94593],[93.89405,23.95169],[93.93208,23.95081],[93.94409,23.94764],[93.95039,23.93948],[93.9565,23.93389],[93.97372,23.92337],[93.97988,23.93002],[93.9848,23.93051],[93.98899,23.92608],[93.99638,23.9214],[94.00377,23.92115],[94.0156,23.92509],[94.02207,23.92591],[94.02516,23.91828],[94.0289,23.9145],[94.03803,23.91173],[94.04344,23.90834],[94.04639,23.89233],[94.0517,23.89028],[94.06093,23.89159],[94.07448,23.88469],[94.09492,23.88543],[94.09985,23.881],[94.10552,23.87434],[94.10798,23.86745],[94.11291,23.8603],[94.11365,23.8539],[94.11217,23.84478],[94.11685,23.83788],[94.12431,23.83773],[94.13997,23.83362],[94.14429,23.83626],[94.14198,23.84207],[94.14223,23.84675],[94.14592,23.84897],[94.15036,23.84922],[94.1561,23.84713],[94.16119,23.86819],[94.1676,23.9012],[94.1692,23.92745],[94.17782,23.92608],[94.19009,23.933],[94.19427,23.95238],[94.20245,23.98204],[94.2382,24.03317],[94.22836,24.05549],[94.23321,24.05895],[94.23733,24.05242],[94.24027,24.05285],[94.25538,24.08085],[94.25247,24.1245],[94.26037,24.16413],[94.27686,24.17106],[94.27824,24.17425],[94.28984,24.22202],[94.29374,24.23443],[94.30207,24.23744],[94.30497,24.23947],[94.30682,24.24261],[94.31018,24.25301],[94.32195,24.2772],[94.32214,24.32894],[94.3526,24.33531],[94.36164,24.34797],[94.3796,24.37726],[94.37812,24.38047],[94.36211,24.3918],[94.3961,24.4088],[94.4084,24.43977],[94.40349,24.44575],[94.39856,24.45364],[94.40167,24.45909],[94.40362,24.46719],[94.4037,24.482],[94.42269,24.48291],[94.4296,24.49478],[94.43401,24.50544],[94.45621,24.56782],[94.46664,24.57296],[94.47476,24.58037],[94.50966,24.59267],[94.54103,24.64268],[94.54916,24.68284],[94.54399,24.69713],[94.54374,24.70329],[94.54672,24.70697],[94.55607,24.70935],[94.55852,24.71073],[94.56247,24.71124],[94.56444,24.70846],[94.56936,24.70501],[94.57191,24.70775],[94.57207,24.71413],[94.57478,24.71881],[94.5807,24.72201],[94.58119,24.71684],[94.57878,24.71054],[94.58636,24.70477],[94.59809,24.70808],[94.60213,24.70772],[94.60681,24.71117],[94.60927,24.71783],[94.61013,24.72708],[94.60952,24.73679],[94.61617,24.74369],[94.62951,24.75405],[94.62824,24.76217],[94.62455,24.77005],[94.62257,24.77966],[94.62208,24.78705],[94.6243,24.79543],[94.62873,24.80257],[94.6312,24.81194],[94.63317,24.82179],[94.63317,24.83509],[94.64104,24.84265],[94.64741,24.84634],[94.65131,24.85045],[94.65566,24.85682],[94.65605,24.86404],[94.65704,24.86406],[94.65894,24.86949],[94.66089,24.87132],[94.66334,24.87271],[94.67425,24.87364],[94.67863,24.87605],[94.68252,24.88106],[94.68448,24.88199],[94.68882,24.88972],[94.69007,24.89718],[94.69722,24.91615],[94.70214,24.92379],[94.71372,24.93019],[94.71438,24.93606],[94.71101,24.93734],[94.70904,24.94054],[94.70633,24.9499],[94.70214,24.95335],[94.69721,24.96099],[94.69746,24.9669],[94.70017,24.97232],[94.70362,24.98267],[94.71052,24.98981],[94.72245,24.99391],[94.72825,25.00065],[94.73721,25.00086],[94.73764,25.00538],[94.7386,25.00765],[94.73896,25.01713],[94.73995,25.01714],[94.73987,25.02255],[94.74524,25.06278],[94.7403,25.06659],[94.74264,25.08768],[94.73795,25.11386],[94.74068,25.12557],[94.73756,25.13495],[94.72545,25.13378],[94.68756,25.15722],[94.6817,25.15214],[94.67232,25.15722],[94.64889,25.16737],[94.63873,25.16659],[94.62779,25.17558],[94.61842,25.18612],[94.61021,25.18378],[94.60357,25.18456],[94.59029,25.19589],[94.5774,25.21581],[94.58443,25.23144],[94.58521,25.24902],[94.58873,25.25917],[94.5856,25.26777],[94.59732,25.29355],[94.62544,25.34746],[94.63443,25.35762],[94.63326,25.37598],[94.6356,25.39551],[94.65083,25.40528],[94.66021,25.40528],[94.67388,25.42637],[94.67427,25.44434],[94.68638,25.46622],[94.702,25.46973],[94.71607,25.47091],[94.72392,25.47317],[94.72539,25.475],[94.74267,25.48287],[94.75128,25.49391],[94.75374,25.49357],[94.75706,25.49161],[94.76294,25.48145],[94.78286,25.48185],[94.79029,25.49005],[94.80786,25.49552],[94.81294,25.51153],[94.82427,25.52325],[94.82583,25.52638],[94.82544,25.53576],[94.82896,25.54552],[94.84497,25.56037],[94.85323,25.56459],[94.85756,25.56402],[94.86152,25.56466],[94.86515,25.56407],[94.87263,25.56434],[94.87578,25.56317],[94.87816,25.56351],[94.88013,25.56287],[94.88293,25.56432],[94.88543,25.56395],[94.88876,25.56713],[94.89143,25.56687],[94.89246,25.56585],[94.89462,25.5666],[94.8989,25.56563],[94.89733,25.5713],[94.89189,25.57613],[94.89093,25.57892],[94.88551,25.58399],[94.88234,25.58505],[94.88128,25.58815],[94.8822,25.59138],[94.89329,25.59773],[94.89686,25.59669],[94.90037,25.5972],[94.9016,25.59903],[94.90991,25.6028],[94.91294,25.60685],[94.91481,25.60759],[94.91643,25.62119],[94.91883,25.62937],[94.92157,25.63552],[94.9212,25.64023],[94.92279,25.64601],[94.92507,25.64984],[94.93238,25.65724],[94.93361,25.66058],[94.93332,25.66279],[94.93652,25.66813],[94.94647,25.67278],[94.95025,25.67349],[94.95083,25.67676],[94.95255,25.67876],[94.96172,25.6851],[94.97014,25.68855],[94.97638,25.69726],[94.97986,25.6986],[94.98321,25.70211],[94.98584,25.70331],[94.98705,25.70574],[94.9889,25.70698],[94.99262,25.72029],[94.99649,25.72247],[94.99706,25.72441],[95.00108,25.72687],[95.00281,25.72885],[95.0125,25.73217],[95.02383,25.73204],[95.02589,25.73571],[95.02838,25.73795],[95.03389,25.74011],[95.03778,25.74001],[95.03982,25.7408],[95.04115,25.74237],[95.04283,25.75002],[95.04401,25.75052],[95.04516,25.75509],[95.0487,25.75973],[95.04512,25.76635],[95.04389,25.77378],[95.04656,25.77936],[95.04561,25.78191],[95.0458,25.78407],[95.04973,25.79237],[95.04953,25.80112],[95.04849,25.8018],[95.04689,25.80156],[95.04194,25.80677],[95.04027,25.80761],[95.03902,25.80978],[95.03286,25.81461],[95.03243,25.81573],[95.0334,25.82263],[95.0304,25.82827],[95.02897,25.83411],[95.03018,25.83811],[95.03003,25.8387],[95.02902,25.83854],[95.02937,25.84031],[95.02299,25.84496],[95.02221,25.84809],[95.02049,25.85086],[95.02025,25.85495],[95.01816,25.8602],[95.01481,25.86276],[95.0123,25.863],[95.00883,25.86706],[95.01011,25.87536],[95.01909,25.88122],[95.0189,25.88538],[95.01488,25.891],[95.01444,25.89459],[95.01157,25.89825],[95.0132,25.899],[95.01522,25.90256],[95.01728,25.90301],[95.02122,25.90681],[95.02632,25.91339],[95.02856,25.91412],[95.02802,25.9153],[95.03027,25.91863],[95.03227,25.9262],[95.03122,25.92795],[95.03108,25.93143],[95.03249,25.92902],[95.0356,25.92719],[95.04391,25.92707],[95.04641,25.92919],[95.04617,25.93077],[95.04784,25.9345],[95.05723,25.93944],[95.05842,25.94067],[95.0624,25.94046],[95.06371,25.94252],[95.07323,25.94207],[95.07964,25.94766],[95.08148,25.94753],[95.08331,25.95036],[95.08559,25.95],[95.08934,25.95062],[95.09564,25.95571],[95.09844,25.95969],[95.10092,25.96611],[95.10307,25.96889],[95.10533,25.97003],[95.10596,25.97135],[95.10877,25.97035],[95.10979,25.97074],[95.11089,25.97286],[95.11321,25.97423],[95.11673,25.98506],[95.1176,25.98563],[95.12105,25.98502],[95.12577,25.98614],[95.12711,25.99082],[95.1329,25.99602],[95.13463,25.99915],[95.13456,26.0007],[95.13695,26.002],[95.14092,26.00871],[95.14467,26.01058],[95.14459,26.01339],[95.1454,26.01479],[95.14866,26.0159],[95.15226,26.02131],[95.15343,26.02213],[95.15598,26.02224],[95.15891,26.025],[95.15898,26.02873],[95.16369,26.04383],[95.16305,26.04561],[95.16443,26.04953],[95.16827,26.05309],[95.16885,26.05529],[95.17333,26.05991],[95.17321,26.06056],[95.17614,26.06289],[95.17663,26.06431],[95.18084,26.06739],[95.18315,26.06805],[95.18578,26.0733],[95.18563,26.07395],[95.18285,26.07502],[95.18206,26.07843],[95.17657,26.08159],[95.17581,26.08428],[95.17009,26.08608],[95.17074,26.08863],[95.16739,26.08963],[95.16599,26.09197],[95.16176,26.09219],[95.15746,26.08941],[95.15477,26.08959],[95.15079,26.0865],[95.14682,26.08831],[95.14378,26.09317],[95.1411,26.09486],[95.13158,26.09471],[95.12397,26.09684],[95.12135,26.09814],[95.11749,26.10179],[95.11741,26.10541],[95.11621,26.10679],[95.11577,26.11335],[95.11933,26.11585],[95.12143,26.11888],[95.12163,26.12341],[95.12271,26.12536],[95.12636,26.1287],[95.12649,26.13012],[95.12573,26.13223],[95.1228,26.13387],[95.12142,26.13655],[95.12138,26.13888],[95.11901,26.14071],[95.11913,26.14211],[95.12345,26.14522],[95.11911,26.14832],[95.1197,26.15356],[95.11718,26.15943],[95.11729,26.16287],[95.11887,26.16744],[95.1259,26.17681],[95.12313,26.18077],[95.12218,26.186],[95.12502,26.1915],[95.1291,26.19598],[95.13132,26.19988],[95.1374,26.20703],[95.14122,26.20956],[95.14275,26.21249],[95.13299,26.21581],[95.13254,26.21736],[95.12855,26.22149],[95.12251,26.22371],[95.11932,26.22579],[95.11646,26.23093],[95.11422,26.23283],[95.11585,26.23647],[95.11878,26.23912],[95.11974,26.24199],[95.12551,26.24676],[95.1249,26.25056],[95.12735,26.25361],[95.12407,26.25485],[95.12253,26.25655],[95.12288,26.25824],[95.11793,26.26205],[95.12198,26.27405],[95.1245,26.2769],[95.1242,26.27779],[95.12521,26.27973],[95.12454,26.28588],[95.12831,26.29339],[95.128,26.303],[95.12563,26.30546],[95.12252,26.30712],[95.12355,26.31128],[95.12465,26.31275],[95.12398,26.31597],[95.12511,26.3173],[95.1246,26.32006],[95.12589,26.3234],[95.12292,26.32487],[95.12339,26.32848],[95.12267,26.33083],[95.12643,26.33439],[95.12818,26.33723],[95.12831,26.33916],[95.12648,26.34381],[95.12113,26.34977],[95.12295,26.3515],[95.12349,26.35488],[95.12261,26.35775],[95.12426,26.36086],[95.12883,26.36576],[95.12866,26.36682],[95.13081,26.37078],[95.13031,26.3739],[95.13231,26.37751],[95.12858,26.3856],[95.12512,26.38793],[95.12053,26.38649],[95.11699,26.39081],[95.11409,26.39129],[95.11167,26.39371],[95.10703,26.39566],[95.10497,26.39579],[95.10193,26.3942],[95.09978,26.39398],[95.09974,26.39595],[95.0965,26.40076],[95.09841,26.40297],[95.09886,26.40652],[95.10302,26.41254],[95.10258,26.41396],[95.10399,26.42059],[95.0999,26.42439],[95.09684,26.4302],[95.09489,26.43128],[95.09576,26.43264],[95.09498,26.43287],[95.09453,26.43453],[95.08696,26.44095],[95.08703,26.44241],[95.08565,26.44247],[95.08377,26.44639],[95.0823,26.44718],[95.08033,26.4461],[95.07586,26.44605],[95.07295,26.44786],[95.07223,26.44596],[95.06791,26.44386],[95.06676,26.44159],[95.06598,26.44156],[95.06433,26.44266],[95.06315,26.44472],[95.06176,26.4498],[95.067,26.45787],[95.06811,26.46227],[95.07174,26.46436],[95.07167,26.46798],[95.07311,26.4691],[95.07304,26.47261],[95.07611,26.47472],[95.07681,26.47665],[95.08294,26.47963],[95.08295,26.48102],[95.08192,26.48186],[95.08237,26.48315],[95.08451,26.48369],[95.08399,26.48541],[95.08615,26.48803],[95.08932,26.49052],[95.09147,26.49073],[95.09667,26.4936],[95.09903,26.49775],[95.09984,26.50107],[95.09917,26.50303],[95.10002,26.50575],[95.10497,26.50822],[95.11388,26.51777],[95.11431,26.52177],[95.11568,26.52382],[95.1154,26.52565],[95.11352,26.52822],[95.11304,26.53516],[95.11269,26.53598],[95.11047,26.53647],[95.11004,26.53823],[95.10756,26.5393],[95.10759,26.54177],[95.11367,26.54687],[95.11547,26.54727],[95.12282,26.55168],[95.12318,26.55567],[95.12572,26.5579],[95.12923,26.55844],[95.13192,26.55659],[95.13926,26.55615],[95.13859,26.56012],[95.14049,26.56419],[95.14134,26.56451],[95.14095,26.56674],[95.14671,26.57434],[95.14648,26.57564],[95.14775,26.57868],[95.15033,26.57974],[95.15415,26.58281],[95.15363,26.5842],[95.15108,26.58609],[95.14673,26.59315],[95.14792,26.59724],[95.14673,26.60037],[95.14752,26.60144],[95.14827,26.60641],[95.14714,26.60988],[95.14888,26.61326],[95.14898,26.61592],[95.15452,26.61727],[95.16396,26.62189],[95.1643,26.62385],[95.16746,26.62734],[95.16778,26.62864],[95.16666,26.63413],[95.17025,26.63497],[95.17505,26.63906],[95.18019,26.64154],[95.18104,26.64275],[95.18324,26.64256],[95.1841,26.64161],[95.1882,26.64282],[95.1928,26.6412],[95.19616,26.64256],[95.19916,26.64236],[95.20016,26.6449],[95.20872,26.64805],[95.21217,26.65128],[95.2141,26.65493],[95.21384,26.65699],[95.21969,26.66085],[95.22147,26.66573],[95.22614,26.6697],[95.22757,26.67255],[95.2294,26.67404],[95.22951,26.67605],[95.23157,26.67798],[95.23393,26.68246],[95.24387,26.68257],[95.24885,26.68385],[95.25728,26.67643],[95.25705,26.67394],[95.25816,26.67233],[95.25709,26.66878],[95.25649,26.66149],[95.25799,26.65707],[95.25942,26.65551],[95.26067,26.65533],[95.26451,26.65699],[95.27076,26.6571],[95.27425,26.65882],[95.28037,26.65609],[95.28183,26.65585],[95.28329,26.65658],[95.28853,26.65441],[95.28945,26.65309],[95.294,26.65217],[95.2957,26.6529],[95.30284,26.65086],[95.30397,26.6511],[95.31401,26.66284],[95.31798,26.66478],[95.31941,26.664],[95.32514,26.665],[95.32619,26.66464],[95.32716,26.66883],[95.32918,26.66893],[95.33189,26.67162],[95.3342,26.67196],[95.33515,26.67359],[95.34482,26.67524],[95.34827,26.67478],[95.3484,26.67276],[95.35215,26.67194],[95.35544,26.67248],[95.36052,26.67096],[95.36693,26.67566],[95.37173,26.68281],[95.37461,26.68428],[95.38505,26.68434],[95.38828,26.68518],[95.39409,26.6848],[95.39786,26.68783],[95.40119,26.68911],[95.40299,26.69439],[95.40958,26.69506],[95.41131,26.69375],[95.41778,26.69378],[95.42709,26.69819],[95.42859,26.69958],[95.43068,26.70009],[95.43257,26.70271],[95.43078,26.70666],[95.43182,26.70883],[95.43216,26.71516],[95.43291,26.71682],[95.44099,26.7215],[95.44896,26.72839],[95.45032,26.73113],[95.45401,26.73407],[95.45544,26.73755],[95.45919,26.74288],[95.46812,26.74358],[95.4739,26.74036],[95.48277,26.74685],[95.48182,26.75004],[95.48308,26.75191],[95.48457,26.75828],[95.48729,26.76122],[95.48767,26.76257],[95.48937,26.76374],[95.49228,26.77186],[95.49209,26.77317],[95.49538,26.77593],[95.49615,26.77972],[95.49769,26.78124],[95.49896,26.78477],[95.50304,26.78851],[95.50464,26.7926],[95.50413,26.79535],[95.5055,26.79881],[95.50551,26.80236],[95.50724,26.80489],[95.50665,26.80803],[95.50849,26.80969],[95.51412,26.80964],[95.52227,26.81376],[95.52309,26.81464],[95.52478,26.82278],[95.53151,26.82723],[95.5359,26.82741],[95.53863,26.83202],[95.5402,26.83256],[95.54291,26.83539],[95.54536,26.83438],[95.54785,26.8344],[95.55194,26.83174],[95.5564,26.83253],[95.55644,26.82956],[95.56481,26.81947],[95.56701,26.81873],[95.56961,26.81653],[95.57168,26.81643],[95.57273,26.81718],[95.57731,26.81648],[95.57947,26.81766],[95.58,26.81653],[95.58106,26.81644],[95.58331,26.81736],[95.58637,26.81748],[95.5899,26.81531],[95.59449,26.81516],[95.59885,26.81207],[95.60123,26.81122],[95.60801,26.81328],[95.61118,26.81925],[95.61257,26.82528],[95.61489,26.82589],[95.62066,26.83181],[95.62261,26.8353],[95.62273,26.8371],[95.62691,26.84266],[95.62662,26.848],[95.62846,26.85327],[95.62779,26.85553],[95.62907,26.85789],[95.62693,26.86228],[95.62963,26.8657],[95.63384,26.86842],[95.63193,26.87114],[95.63178,26.87366],[95.63878,26.87645],[95.64114,26.87567],[95.6448,26.87689],[95.64498,26.87978],[95.64605,26.88148],[95.64574,26.88365],[95.64653,26.88491],[95.65146,26.88777],[95.65249,26.89115],[95.66043,26.8955],[95.6669,26.90328],[95.67254,26.90126],[95.67479,26.90133],[95.67678,26.89977],[95.67968,26.89554],[95.68595,26.8955],[95.68815,26.89369],[95.69458,26.89219],[95.69812,26.8893],[95.70121,26.88541],[95.70597,26.88231],[95.70657,26.88168],[95.70593,26.88068],[95.71071,26.88089],[95.71626,26.879],[95.72382,26.88256],[95.72603,26.88454],[95.72954,26.89027],[95.73189,26.89112],[95.73434,26.89408],[95.74049,26.89392],[95.7431,26.89632],[95.7448,26.8965],[95.74673,26.90426],[95.7487,26.90658],[95.7496,26.90649],[95.75061,26.90902],[95.74902,26.91256],[95.74616,26.91596],[95.74622,26.91831],[95.74741,26.9202],[95.74708,26.92315],[95.74938,26.92389],[95.74799,26.92624],[95.75534,26.92937],[95.75558,26.93144],[95.75668,26.9321],[95.75606,26.93449],[95.75977,26.93701],[95.75937,26.94171],[95.75854,26.94273],[95.75894,26.94582],[95.75532,26.95395],[95.75861,26.95488],[95.76034,26.95785],[95.75977,26.96124],[95.76033,26.9638],[95.76506,26.96905],[95.76641,26.97337],[95.76839,26.97484],[95.76772,26.97637],[95.76814,26.97702],[95.7764,26.97701],[95.78113,26.97773],[95.78124,26.9811],[95.78206,26.98238],[95.78123,26.98407],[95.78281,26.98567],[95.78342,26.99014],[95.79616,26.99844],[95.79783,27.00146],[95.79915,27.00228],[95.7998,27.00456],[95.80204,27.00645],[95.80221,27.00946],[95.80054,27.01213],[95.80158,27.01489],[95.80416,27.01573],[95.81085,27.01372],[95.81248,27.01439],[95.8138,27.01225],[95.82307,27.00961],[95.82593,27.00999],[95.82832,27.00806],[95.83076,27.00766],[95.83747,27.01068],[95.84272,27.01407],[95.85066,27.01483],[95.8577,27.01183],[95.86294,27.01351],[95.86988,27.01308],[95.87534,27.01504],[95.87655,27.01849],[95.87571,27.01907],[95.87584,27.01986],[95.87911,27.0227],[95.88674,27.0266],[95.88898,27.02458],[95.8939,27.02612],[95.89863,27.03135],[95.9009,27.03263],[95.90105,27.03423],[95.90398,27.03898],[95.91024,27.03667],[95.91786,27.04128],[95.92277,27.04206],[95.9271,27.04511],[95.93194,27.04575],[95.9376,27.04815],[95.93838,27.04961],[95.94067,27.0493],[95.94269,27.05168],[95.94578,27.05141],[95.95087,27.06385],[95.95337,27.06664],[95.95462,27.07586],[95.95578,27.07827],[95.95756,27.08037],[95.95895,27.08042],[95.96019,27.08352],[95.96167,27.08503],[95.96437,27.08655],[95.96341,27.09302],[95.96712,27.09538],[95.96765,27.09869],[95.9699,27.10106],[95.97443,27.10408],[95.97966,27.1096],[95.98454,27.11245],[95.98647,27.11554],[95.98715,27.11933],[95.99025,27.12081],[95.99008,27.12181],[95.99171,27.12297],[95.99193,27.12491],[95.99361,27.12764],[95.99729,27.13213],[95.99843,27.13561],[96.00106,27.13572],[96.00723,27.13948],[96.01041,27.14307],[96.00991,27.14508],[96.01091,27.14752],[96.01419,27.15003],[96.01573,27.15323],[96.01595,27.15531],[96.01518,27.15601],[96.01837,27.16141],[96.01866,27.16648],[96.01768,27.17092],[96.01942,27.17431],[96.02145,27.17623],[96.02285,27.18068],[96.02494,27.18107],[96.0317,27.1861],[96.03553,27.18607],[96.04081,27.18829],[96.04495,27.19064],[96.04767,27.19326],[96.05353,27.19585],[96.05474,27.19676],[96.05505,27.19903],[96.05758,27.2017],[96.06308,27.2038],[96.06386,27.20571],[96.07115,27.20504],[96.07458,27.20758],[96.07577,27.20754],[96.07706,27.20873],[96.07731,27.21018],[96.08289,27.21346],[96.0888,27.22015],[96.09008,27.22333],[96.0997,27.2243],[96.1117,27.23216],[96.11969,27.2316],[96.12153,27.23231],[96.12232,27.23397],[96.12465,27.23574],[96.13007,27.23641],[96.137,27.24161],[96.14661,27.2418],[96.15169,27.24498],[96.15372,27.24717],[96.1671,27.24841],[96.17264,27.24809],[96.1827,27.24973],[96.18526,27.24923],[96.18616,27.25084],[96.18795,27.252],[96.18904,27.25554],[96.19211,27.26043],[96.19515,27.26174],[96.19803,27.26099],[96.20072,27.26145],[96.20499,27.26018],[96.20694,27.26173],[96.20966,27.26143],[96.21098,27.263],[96.21106,27.26527],[96.21463,27.26587],[96.2174,27.2685],[96.22449,27.27286],[96.2285,27.27872],[96.23191,27.27635],[96.23293,27.27694],[96.23426,27.27602],[96.23522,27.27663],[96.24587,27.27645],[96.2459,27.27489],[96.24798,27.27277],[96.2519,27.27314],[96.25206,27.27435],[96.2542,27.27406],[96.25606,27.27468],[96.25915,27.27218],[96.26184,27.27314],[96.26398,27.27215],[96.2687,27.27261],[96.27093,27.27137],[96.27281,27.27293],[96.27315,27.276],[96.27429,27.27701],[96.27534,27.27977],[96.27524,27.28203],[96.27424,27.28351],[96.28399,27.28501],[96.28521,27.28668],[96.28924,27.2873],[96.29592,27.29193],[96.3059,27.29408],[96.30847,27.29407],[96.31038,27.2923],[96.31586,27.29097],[96.31752,27.29135],[96.32078,27.29018],[96.32334,27.29055],[96.32583,27.28893],[96.33008,27.28973],[96.33074,27.28947],[96.33093,27.28734],[96.3407,27.28497],[96.34578,27.28563],[96.34869,27.28825],[96.34926,27.29284],[96.3522,27.295],[96.35582,27.29269],[96.35682,27.29078],[96.3591,27.28944],[96.36162,27.28933],[96.36679,27.28703],[96.36733,27.28932],[96.36997,27.28995],[96.37206,27.28885],[96.37258,27.28622],[96.3744,27.28515],[96.37677,27.28483],[96.38198,27.28668],[96.3834,27.28537],[96.38659,27.28464],[96.3876,27.28584],[96.39194,27.28642],[96.39455,27.28792],[96.39584,27.28973],[96.39925,27.29015],[96.40133,27.29117],[96.40255,27.29315],[96.40532,27.28882],[96.40694,27.2877],[96.40785,27.28791],[96.40949,27.29063],[96.41236,27.29185],[96.41519,27.29423],[96.41617,27.2973],[96.42155,27.30145],[96.42709,27.30167],[96.43086,27.30266],[96.43574,27.30251],[96.44064,27.30641],[96.44172,27.30534],[96.44142,27.30437],[96.44437,27.30213],[96.44907,27.30272],[96.4508,27.30115],[96.45509,27.30272],[96.45762,27.30687],[96.46258,27.30606],[96.46469,27.30477],[96.46564,27.30327],[96.47074,27.30073],[96.47263,27.30134],[96.47529,27.29986],[96.48439,27.29836],[96.48843,27.29631],[96.4894,27.29651],[96.48892,27.30172],[96.49024,27.30256],[96.496,27.30118],[96.50145,27.29876],[96.50748,27.29888],[96.50949,27.29652],[96.51166,27.29647],[96.51163,27.29293],[96.5159,27.2893],[96.51751,27.28531],[96.51858,27.28679],[96.52372,27.28636],[96.52456,27.28869],[96.52584,27.28881],[96.52603,27.2907],[96.52872,27.29384],[96.53019,27.29381],[96.53128,27.29612],[96.53268,27.29637],[96.53613,27.29923],[96.53843,27.29916],[96.54131,27.30033],[96.54297,27.30235],[96.54269,27.30955],[96.54429,27.31079],[96.54909,27.31223],[96.55135,27.31415],[96.55075,27.31778],[96.55142,27.31857],[96.55298,27.31857],[96.55414,27.32027],[96.55748,27.31847],[96.56453,27.31874],[96.566,27.31951],[96.56755,27.32215],[96.57038,27.32198],[96.57312,27.32402],[96.57487,27.32409],[96.57697,27.32757],[96.57858,27.32814],[96.57931,27.33015],[96.58377,27.33325],[96.58431,27.33436],[96.58733,27.33484],[96.5887,27.33586],[96.59594,27.3338],[96.59518,27.33782],[96.59578,27.3392],[96.59494,27.34181],[96.59379,27.34268],[96.59356,27.34396],[96.59237,27.34446],[96.59109,27.34765],[96.59192,27.34904],[96.59502,27.3499],[96.60064,27.35509],[96.59962,27.35607],[96.60294,27.35906],[96.60533,27.36588],[96.62599,27.3665],[96.63049,27.36495],[96.63266,27.36493],[96.63932,27.36134],[96.64251,27.3614],[96.64424,27.35992],[96.64695,27.3595],[96.65212,27.36037],[96.65531,27.3624],[96.65718,27.36218],[96.66079,27.36426],[96.66462,27.36135],[96.6689,27.36201],[96.67061,27.36067],[96.67111,27.35854],[96.67245,27.3578],[96.67483,27.35855],[96.67528,27.36111],[96.6759,27.36138],[96.68462,27.36011],[96.68564,27.35913],[96.69278,27.35797],[96.69572,27.35862],[96.69792,27.35795],[96.70192,27.36042],[96.70079,27.36247],[96.70259,27.36643],[96.7025,27.37021],[96.70353,27.37245],[96.70614,27.37105],[96.71096,27.37077],[96.71256,27.36904],[96.71603,27.36725],[96.71716,27.36551],[96.72186,27.36365],[96.72962,27.36197],[96.7288,27.36027],[96.72927,27.35958],[96.73561,27.35815],[96.74576,27.3581],[96.74635,27.35582],[96.74887,27.35586],[96.75082,27.35327],[96.75711,27.35502],[96.75945,27.35426],[96.76262,27.35454],[96.76701,27.35743],[96.77004,27.35617],[96.77387,27.35248],[96.77985,27.35114],[96.78821,27.34757],[96.78865,27.34645],[96.79011,27.34581],[96.79367,27.3467],[96.7966,27.34577],[96.79988,27.34232],[96.80225,27.33834],[96.80259,27.3357],[96.80429,27.33352],[96.8046,27.33076],[96.80567,27.32884],[96.81341,27.32174],[96.82196,27.30955],[96.82372,27.308],[96.82649,27.30736],[96.83555,27.30266],[96.83614,27.30139],[96.83815,27.30037],[96.83871,27.29744],[96.8414,27.29613],[96.84216,27.29494],[96.84377,27.29462],[96.84789,27.29026],[96.84748,27.28756],[96.85031,27.27789],[96.84826,27.27565],[96.84695,27.27152],[96.85126,27.26993],[96.85318,27.26688],[96.85676,27.26356],[96.86167,27.26029],[96.86907,27.25887],[96.87169,27.25949],[96.87377,27.25899],[96.88224,27.26007],[96.88462,27.25976],[96.88477,27.25796],[96.88388,27.25609],[96.88613,27.25473],[96.88666,27.24962],[96.88777,27.2482],[96.88734,27.24607],[96.88488,27.24523],[96.88241,27.24292],[96.8816,27.24004],[96.88224,27.2371],[96.88746,27.23579],[96.88748,27.23475],[96.88495,27.23197],[96.88533,27.22725],[96.87845,27.2229],[96.87686,27.22101],[96.87091,27.21954],[96.8665,27.21717],[96.86412,27.21393],[96.86055,27.21116],[96.85441,27.21085],[96.85815,27.20374],[96.8588,27.19786],[96.85671,27.19566],[96.85665,27.19272],[96.86069,27.19017],[96.86518,27.18845],[96.86729,27.18587],[96.87392,27.18133],[96.88288,27.17864],[96.88933,27.17434],[96.89261,27.17355],[96.90125,27.16888],[96.9064,27.16936],[96.9126,27.16678],[96.92083,27.16566],[96.92342,27.16413],[96.92576,27.1642],[96.93026,27.1624],[96.93977,27.16282],[96.94324,27.16431],[96.95249,27.16286],[96.95625,27.16416],[96.96377,27.1617],[96.96496,27.15868],[96.98461,27.15541],[96.98542,27.1548],[96.9862,27.15178],[96.99085,27.14705],[96.99239,27.14154],[96.99326,27.1409],[97.00234,27.14153],[97.01001,27.13959],[97.01617,27.13529],[97.01906,27.13451],[97.01988,27.13303],[97.02486,27.13229],[97.02722,27.12955],[97.03062,27.13139],[97.03103,27.13007],[97.03525,27.12598],[97.03589,27.12425],[97.03431,27.12191],[97.03386,27.11839],[97.03859,27.11746],[97.04159,27.11593],[97.04435,27.11302],[97.04443,27.10836],[97.04929,27.10547],[97.05047,27.10659],[97.05202,27.1064],[97.05465,27.10472],[97.05664,27.10146],[97.05852,27.09997],[97.06192,27.09923],[97.06296,27.09465],[97.06254,27.09267],[97.06347,27.09181],[97.06539,27.09233],[97.07071,27.0898],[97.07282,27.09146],[97.07333,27.09579],[97.07555,27.09909],[97.07695,27.09919],[97.07879,27.09782],[97.08131,27.09878],[97.08617,27.0958],[97.09662,27.09675],[97.09751,27.09886],[97.09476,27.10418],[97.09889,27.10906],[97.1019,27.1091],[97.10435,27.10554],[97.10654,27.10446],[97.11532,27.10539],[97.11652,27.10466],[97.11938,27.10459],[97.12146,27.10196],[97.12191,27.0989],[97.12472,27.09629],[97.13566,27.09425],[97.13851,27.09178],[97.14193,27.09562],[97.1424,27.09842],[97.14418,27.10068],[97.14423,27.10428],[97.14614,27.10517],[97.14856,27.10853],[97.14801,27.11359],[97.15002,27.11807],[97.15562,27.11876],[97.16154,27.12364],[97.16083,27.1252],[97.16172,27.13004],[97.16367,27.13375],[97.16583,27.13574],[97.16293,27.14427],[97.15484,27.14914],[97.15152,27.14955],[97.15052,27.15095],[97.15077,27.15357],[97.14927,27.15551],[97.14725,27.16562],[97.14256,27.1654],[97.14037,27.16444],[97.13629,27.16565],[97.1332,27.17051],[97.12955,27.17169],[97.12792,27.17368],[97.12463,27.17495],[97.12193,27.18375],[97.12203,27.19048],[97.11441,27.19451],[97.11061,27.19735],[97.11033,27.19883],[97.10762,27.20148],[97.10201,27.20439],[97.09354,27.21292],[97.09029,27.21387],[97.09038,27.21703],[97.09241,27.22051],[97.09246,27.22637],[97.09048,27.22831],[97.0902,27.2348],[97.08851,27.23891],[97.07372,27.24765],[97.0732,27.24979],[97.07378,27.25211],[97.07239,27.25428],[97.06985,27.25604],[97.06892,27.25765],[97.06438,27.25965],[97.05509,27.26592],[97.055,27.26887],[97.05598,27.27028],[97.05442,27.27554],[97.05138,27.27637],[97.04964,27.27972],[97.0476,27.28108],[97.04564,27.28193],[97.04131,27.28223],[97.04019,27.28505],[97.03806,27.28675],[97.03736,27.29141],[97.03612,27.29254],[97.0349,27.29583],[97.03359,27.29789],[97.03097,27.29851],[97.02936,27.30129],[97.02907,27.30449],[97.02965,27.3056],[97.02836,27.30916],[97.02457,27.30699],[97.02087,27.30808],[97.01944,27.31133],[97.01516,27.31327],[97.00896,27.31198],[97.00765,27.31387],[96.99918,27.31835],[96.99533,27.32727],[96.99624,27.33318],[96.99318,27.33685],[96.99105,27.34452],[96.98849,27.34549],[96.98111,27.34625],[96.97991,27.34924],[96.97942,27.35441],[96.97805,27.35604],[96.97811,27.35783],[96.97269,27.36442],[96.9637,27.37199],[96.96282,27.37353],[96.96419,27.37713],[96.9672,27.38115],[96.96748,27.38293],[96.9664,27.38631],[96.96262,27.39025],[96.96245,27.39296],[96.96039,27.39544],[96.96045,27.3979],[96.9623,27.40129],[96.96099,27.40436],[96.94359,27.4101],[96.94139,27.4135],[96.93415,27.41752],[96.93112,27.42362],[96.93326,27.42686],[96.93203,27.43197],[96.92472,27.43722],[96.92263,27.44146],[96.91606,27.44691],[96.90745,27.44954],[96.90291,27.45346],[96.9047,27.46981],[96.9071,27.47557],[96.90769,27.47906],[96.91039,27.4817],[96.91109,27.48723],[96.92122,27.50117],[96.92458,27.50453],[96.92625,27.50769],[96.93501,27.50799],[96.92846,27.51193],[96.92634,27.52152],[96.9265,27.5262],[96.92179,27.53367],[96.9185,27.53777],[96.90744,27.54375],[96.90775,27.54695],[96.90918,27.54879],[96.90854,27.55284],[96.9105,27.55762],[96.90871,27.56675],[96.91057,27.57697],[96.90862,27.58002],[96.90744,27.58069],[96.90114,27.5783],[96.892,27.57783],[96.89226,27.58175],[96.89501,27.5882],[96.89434,27.60051],[96.89195,27.60372],[96.89381,27.60768],[96.89326,27.61351],[96.89433,27.61604],[96.89983,27.61602],[96.90321,27.61447],[96.90523,27.6144],[96.90844,27.61824],[96.91268,27.62001],[96.91364,27.622],[96.91313,27.62703],[96.91404,27.62867],[96.92329,27.63244],[96.92633,27.63957],[96.93254,27.64521],[96.93609,27.65708],[96.94648,27.66081],[96.9534,27.6644],[96.95964,27.66445],[96.96614,27.66291],[96.96922,27.66421],[96.97083,27.66736],[96.97587,27.66406],[96.97971,27.66411],[96.9848,27.66734],[96.98311,27.66977],[96.98532,27.68252],[96.98894,27.68862],[96.99182,27.69026],[96.99342,27.69626],[97.00228,27.70566],[97.00303,27.70788],[97.00817,27.7099],[97.00887,27.71145],[97.0087,27.71625],[97.01369,27.72296],[97.01425,27.72541],[97.01778,27.72801],[97.01825,27.73162],[97.01585,27.73429],[97.01765,27.73958],[97.02014,27.74225],[97.02458,27.74275],[97.02866,27.74197],[97.03221,27.74962],[97.0401,27.74822],[97.04502,27.74107],[97.04682,27.74203],[97.04978,27.74118],[97.05478,27.74817],[97.0617,27.74884],[97.06911,27.74207],[97.0701,27.73984],[97.07222,27.73867],[97.07404,27.7388],[97.07493,27.73828],[97.07504,27.73708],[97.07916,27.73643],[97.08537,27.734],[97.0881,27.73545],[97.09335,27.74595],[97.09727,27.74951],[97.09757,27.75346],[97.09296,27.75645],[97.09304,27.75881],[97.09503,27.75985],[97.0955,27.76592],[97.09995,27.76897],[97.10122,27.77121],[97.10337,27.77204],[97.10441,27.7738],[97.10594,27.7746],[97.10895,27.77439],[97.11053,27.77748],[97.11301,27.77921],[97.11309,27.78683],[97.11545,27.7872],[97.11934,27.78598],[97.12277,27.78976],[97.12758,27.79352],[97.13065,27.79435],[97.13653,27.80476],[97.14015,27.80567],[97.14868,27.8046],[97.15275,27.80702],[97.15522,27.80754],[97.15829,27.81172],[97.16194,27.81473],[97.16484,27.81508],[97.16573,27.81827],[97.1653,27.82206],[97.16643,27.82605],[97.16555,27.82787],[97.16735,27.82951],[97.17006,27.82916],[97.17299,27.83033],[97.17875,27.82986],[97.18261,27.83053],[97.18426,27.83192],[97.18272,27.83733],[97.18408,27.84166],[97.19824,27.85029],[97.19869,27.85352],[97.20744,27.85886],[97.21223,27.86632],[97.21807,27.87126],[97.22288,27.87133],[97.22563,27.87326],[97.23561,27.88555],[97.24282,27.89699],[97.25254,27.90082],[97.26199,27.90165],[97.26714,27.90695],[97.27978,27.91019],[97.28196,27.90743],[97.28502,27.90851],[97.28789,27.91304],[97.2979,27.91628],[97.30458,27.91384],[97.3065,27.91199],[97.30613,27.90938],[97.30794,27.90858],[97.30834,27.90473],[97.31259,27.90387],[97.3154,27.90073],[97.31998,27.89395],[97.31911,27.88858],[97.33233,27.88523],[97.34251,27.88552],[97.34963,27.87802],[97.36018,27.87306],[97.3662,27.87724],[97.36739,27.88245],[97.37042,27.8861],[97.37914,27.89206],[97.36896,27.9223],[97.371,27.92956],[97.36693,27.93654],[97.36707,27.93901],[97.3771,27.94977],[97.37449,27.95486],[97.3646,27.9598],[97.36169,27.96576],[97.36609,27.97744],[97.37187,27.9768],[97.37536,27.97811],[97.37573,27.9824],[97.38436,27.9861],[97.3862,27.99627],[97.38406,28.00083],[97.38664,28.00471],[97.39509,28.01188],[97.39462,28.01348],[97.38887,28.01615],[97.3892,28.01947],[97.38604,28.02153],[97.38332,28.02086],[97.37765,28.02237],[97.3755,28.03262],[97.37294,28.03665],[97.36786,28.04034],[97.36592,28.04703],[97.36187,28.04756],[97.36128,28.05039],[97.35824,28.05302],[97.35864,28.06314],[97.35486,28.06663],[97.34803,28.0659],[97.34284,28.0626],[97.34104,28.05935],[97.33797,28.05837],[97.32752,28.06124],[97.3211,28.0607],[97.31866,28.05829],[97.3157,28.05879],[97.31441,28.06112],[97.31227,28.06238],[97.3133,28.06567],[97.31786,28.07146],[97.32135,28.08208],[97.32749,28.08435],[97.32598,28.09238],[97.32642,28.09711],[97.32345,28.10118],[97.324,28.10245],[97.32689,28.10377],[97.33213,28.10436],[97.33221,28.10622],[97.3312,28.10664],[97.33021,28.11005],[97.3286,28.11071],[97.3276,28.11339],[97.32296,28.11393],[97.32246,28.11816],[97.3248,28.11932],[97.32376,28.126],[97.32906,28.12713],[97.32878,28.12981],[97.3249,28.13476],[97.32564,28.13983],[97.32892,28.14097],[97.33143,28.14325],[97.33333,28.14239],[97.33722,28.14309],[97.33777,28.14433],[97.33691,28.1465],[97.34056,28.15029],[97.34581,28.15016],[97.35322,28.15301],[97.35312,28.15662],[97.3518,28.15799],[97.35595,28.16048],[97.35592,28.1625],[97.35838,28.16343],[97.35922,28.16591],[97.35784,28.16912],[97.35458,28.17282],[97.35316,28.17675],[97.35749,28.18186],[97.35764,28.18819],[97.35987,28.19159],[97.36181,28.1983],[97.36096,28.2041],[97.35558,28.20735],[97.35224,28.20818],[97.34741,28.2082],[97.34606,28.21038],[97.34711,28.21346],[97.34557,28.21572],[97.34506,28.21487],[97.34306,28.21463],[97.33879,28.21523],[97.332,28.21418],[97.327,28.21481],[97.3225,28.21977],[97.31912,28.21974],[97.31368,28.22322],[97.3105,28.2238],[97.30756,28.22644],[97.29969,28.22903],[97.2974,28.23131],[97.29734,28.23291],[97.29588,28.23353],[97.29152,28.23224],[97.28739,28.23233],[97.28407,28.23152],[97.28296,28.23329],[97.28343,28.23543],[97.28163,28.23732],[97.2811,28.24134],[97.28173,28.24419],[97.28089,28.24534],[97.27479,28.2433],[97.27046,28.24486],[97.26936,28.2462],[97.26695,28.25925],[97.26387,28.26413],[97.25893,28.26449],[97.25384,28.26326],[97.24341,28.2648],[97.24258,28.26755],[97.24318,28.27044],[97.23765,28.27655],[97.23752,28.2835],[97.2353,28.28604],[97.23801,28.29373],[97.23503,28.29511],[97.23228,28.29539],[97.23066,28.297],[97.2268,28.2989],[97.22609,28.30032],[97.22142,28.30095],[97.21372,28.30513],[97.20946,28.30452],[97.20693,28.30273],[97.20132,28.30639],[97.20067,28.3097],[97.19663,28.31567],[97.19277,28.31706],[97.17853,28.33397],[97.1733,28.33389],[97.1678,28.32979],[97.15772,28.33497],[97.15378,28.3376],[97.1527,28.34217],[97.14974,28.34354],[97.14747,28.35141],[97.14287,28.35056],[97.13771,28.35205],[97.12687,28.36163],[97.1227,28.36117],[97.11322,28.36433],[97.107,28.36489],[97.10289,28.36603],[97.09824,28.36518],[97.09328,28.36869],[97.08883,28.36872],[97.07801,28.37116],[97.06805,28.36316],[97.06211,28.3607],[97.05567,28.35955],[97.05169,28.35652],[97.05095,28.35399],[97.04814,28.35033],[97.04009,28.34447],[97.03918,28.34067],[97.02681,28.32999],[97.02179,28.32232],[97.01886,28.32088],[97.01565,28.32048],[97.00174,28.32363],[96.9973,28.32688],[96.97687,28.32957],[96.96818,28.33414],[96.9633,28.33887],[96.95263,28.34603],[96.94524,28.34834],[96.93947,28.34825],[96.93244,28.3515],[96.92976,28.35122],[96.92464,28.35309],[96.92182,28.35803],[96.92169,28.36402],[96.91651,28.36569],[96.91194,28.36935],[96.90919,28.37423],[96.9002,28.38048],[96.88968,28.38581],[96.88313,28.40014],[96.88435,28.40563],[96.89085,28.4108],[96.89226,28.413],[96.89288,28.41858],[96.89028,28.42138],[96.88955,28.42447],[96.88676,28.42922],[96.87627,28.43702],[96.8656,28.44826],[96.86222,28.45279],[96.86443,28.45654],[96.86285,28.46051],[96.86113,28.46246],[96.8622,28.46526],[96.86016,28.47152],[96.8612,28.47441],[96.86037,28.4829],[96.85952,28.48372],[96.84984,28.48608],[96.84454,28.49037],[96.82383,28.50068],[96.82299,28.50277],[96.8208,28.50436],[96.81776,28.50318],[96.81328,28.5037],[96.80657,28.50569],[96.8009,28.50406],[96.79327,28.5058],[96.78976,28.51057],[96.77033,28.51478],[96.76354,28.51693],[96.7598,28.51943],[96.75796,28.52469],[96.75205,28.5325],[96.75163,28.54206],[96.75544,28.54443],[96.76235,28.5527],[96.75817,28.55606],[96.75632,28.5585],[96.75303,28.55966],[96.75012,28.56803],[96.74542,28.57134],[96.73693,28.57518],[96.72517,28.5779],[96.72278,28.57929],[96.72026,28.58707],[96.71749,28.59177],[96.71766,28.597],[96.71897,28.60212],[96.71843,28.60628],[96.71465,28.61],[96.71097,28.61114],[96.70402,28.5982],[96.68702,28.59031],[96.67227,28.59833],[96.66331,28.60212],[96.6614,28.60763],[96.65098,28.61348],[96.65054,28.61711],[96.64552,28.61948],[96.64829,28.62095],[96.64888,28.62279],[96.64799,28.62805],[96.646,28.62917],[96.64502,28.63088],[96.64554,28.6357],[96.64033,28.64083],[96.63837,28.64408],[96.63663,28.65083],[96.64439,28.65507],[96.6443,28.65678],[96.64199,28.66125],[96.64338,28.66414],[96.64691,28.66716],[96.64177,28.67172],[96.64032,28.67918],[96.64388,28.68309],[96.64585,28.68989],[96.64545,28.69213],[96.64024,28.69611],[96.6393,28.69605],[96.63918,28.69731],[96.63631,28.69803],[96.63529,28.69896],[96.62989,28.70008],[96.62853,28.70334],[96.6297,28.70701],[96.62927,28.70964],[96.63211,28.71438],[96.6324,28.72107],[96.63138,28.72521],[96.63175,28.73131],[96.63068,28.73469],[96.62566,28.73504],[96.61591,28.74031],[96.60942,28.75236],[96.60356,28.75911],[96.60474,28.76848],[96.60351,28.78065],[96.59787,28.78162],[96.59269,28.78156],[96.58042,28.77924],[96.57401,28.78323],[96.57255,28.78766],[96.57234,28.79136],[96.57626,28.79524],[96.57794,28.79961],[96.57724,28.80222],[96.57961,28.80764],[96.59017,28.81855],[96.5877,28.82012],[96.578,28.81987],[96.56848,28.82517],[96.55649,28.83663],[96.55164,28.84418],[96.54978,28.85089],[96.54605,28.84841],[96.53936,28.84909],[96.53538,28.8517],[96.52969,28.86077],[96.52379,28.86241],[96.5213,28.86994],[96.52663,28.88075],[96.52015,28.88843],[96.51879,28.90276],[96.51763,28.90474],[96.51822,28.9099],[96.52403,28.91258],[96.52594,28.91511],[96.52864,28.91684],[96.5258,28.92252],[96.52581,28.93245],[96.52378,28.93584],[96.51378,28.94515],[96.50411,28.94818],[96.49714,28.9456],[96.4962,28.94312],[96.48812,28.94149],[96.48258,28.94222],[96.46784,28.93505],[96.46257,28.93506],[96.45236,28.93821],[96.44699,28.94286],[96.44707,28.94829],[96.4431,28.95415],[96.44323,28.95634],[96.43868,28.96062],[96.43887,28.96397],[96.4359,28.97303],[96.43743,28.97655],[96.43645,28.97888],[96.43926,28.98462],[96.43967,28.98706],[96.4434,28.98959],[96.44436,28.99464],[96.43702,29.00363],[96.43329,29.01011],[96.42961,29.01293],[96.42052,29.0165],[96.41478,29.02376],[96.40627,29.02544],[96.40074,29.02992],[96.39,29.0334],[96.37954,29.03251],[96.36409,29.04266],[96.36217,29.05157],[96.36372,29.05453],[96.3633,29.05738],[96.36651,29.07153],[96.36566,29.08106],[96.3629,29.08061],[96.35043,29.08235],[96.34924,29.08749],[96.34487,29.09375],[96.33988,29.09926],[96.33944,29.10113],[96.33592,29.10405],[96.33378,29.10391],[96.3323,29.11058],[96.32972,29.11351],[96.3225,29.11676],[96.31551,29.11719],[96.30703,29.1256],[96.30703,29.12872],[96.31053,29.13061],[96.3108,29.13257],[96.30967,29.13601],[96.3099,29.13857],[96.3113,29.14098],[96.3161,29.14544],[96.32142,29.1459],[96.32313,29.15005],[96.32491,29.1521],[96.32112,29.15408],[96.32196,29.155],[96.32208,29.15911],[96.3166,29.16429],[96.31969,29.16665],[96.31947,29.16907],[96.3158,29.17474],[96.31302,29.1768],[96.30648,29.17821],[96.30536,29.18422],[96.30316,29.18698],[96.30225,29.19],[96.29642,29.19725],[96.28957,29.19934],[96.28436,29.20269],[96.28729,29.20825],[96.28689,29.20971],[96.27368,29.21045],[96.26926,29.21192],[96.26601,29.2152],[96.2605,29.2176],[96.26487,29.22121],[96.26512,29.22239],[96.26311,29.2244],[96.26291,29.22799],[96.26143,29.23222],[96.26001,29.23307],[96.26151,29.23386],[96.26345,29.23737],[96.26313,29.24184],[96.26555,29.24435],[96.26532,29.24538],[96.26368,29.24659],[96.26054,29.24674],[96.25343,29.24926],[96.24604,29.24895],[96.22918,29.25578],[96.2251,29.25678],[96.22039,29.26314],[96.21566,29.26541],[96.20936,29.26551],[96.207,29.26433],[96.19622,29.26568],[96.18524,29.27307],[96.1835,29.27811],[96.17408,29.28621],[96.17239,29.28925],[96.17239,29.29234],[96.17116,29.29416],[96.16952,29.29526],[96.15616,29.29482],[96.15271,29.29652],[96.15132,29.30626],[96.14908,29.31188],[96.14297,29.31485],[96.14256,29.3178],[96.14417,29.32107],[96.14331,29.32213],[96.14367,29.32351],[96.14516,29.3241],[96.14692,29.3295],[96.1457,29.33129],[96.14537,29.33346],[96.1416,29.33508],[96.14256,29.33955],[96.1405,29.3424],[96.13218,29.34778],[96.12195,29.35115],[96.11301,29.35659],[96.1055,29.35879],[96.09359,29.36474],[96.09061,29.36552],[96.08582,29.36474],[96.07597,29.36902],[96.07079,29.37252],[96.06535,29.37381],[96.06188,29.37305],[96.06047,29.37046],[96.05489,29.36748],[96.05265,29.36695],[96.05127,29.36774],[96.04511,29.36763],[96.02041,29.36268],[96.01933,29.36075],[96.01766,29.36099],[96.01659,29.36298],[96.01261,29.36264],[96.01086,29.36487],[96.00818,29.365],[96.00646,29.36408],[96.00558,29.36155],[96.00246,29.36183],[95.99555,29.36514],[95.98082,29.36129],[95.97885,29.36464],[95.97708,29.36577],[95.97472,29.37149],[95.97279,29.37339],[95.9669,29.37456],[95.95686,29.366],[95.9466,29.36566],[95.94228,29.3629],[95.94005,29.35397],[95.94007,29.34912],[95.93293,29.34778],[95.92864,29.34375],[95.92405,29.34314],[95.9215,29.34189],[95.92196,29.34022],[95.91889,29.33569],[95.91954,29.33362],[95.91852,29.33222],[95.91134,29.33684],[95.9078,29.33586],[95.90084,29.33162],[95.89409,29.33158],[95.88915,29.32656],[95.88608,29.32611],[95.87749,29.31457],[95.86738,29.3179],[95.86202,29.31516],[95.84989,29.31695],[95.84453,29.3204],[95.84108,29.32123],[95.83954,29.32302],[95.83669,29.33703],[95.84238,29.34002],[95.84249,29.34269],[95.83888,29.35309],[95.83775,29.35227],[95.82509,29.35093],[95.81233,29.34753],[95.808,29.34352],[95.80265,29.34012],[95.79709,29.33785],[95.78193,29.32557],[95.77684,29.32296],[95.75741,29.32261],[95.73715,29.29796],[95.74639,29.29085],[95.7484,29.28837],[95.74829,29.28434],[95.74935,29.27972],[95.75243,29.27616],[95.74272,29.26183],[95.73596,29.25543],[95.73608,29.25152],[95.73028,29.23967],[95.73051,29.23517],[95.73442,29.23007],[95.73762,29.22735],[95.74319,29.22569],[95.7407,29.22095],[95.73525,29.21751],[95.72791,29.21751],[95.72222,29.21574],[95.71606,29.21183],[95.70883,29.20401],[95.70338,29.20543],[95.70575,29.21325],[95.69828,29.22474],[95.69426,29.22379],[95.66866,29.22438],[95.66416,29.22356],[95.66144,29.22024],[95.64805,29.2104],[95.64082,29.21337],[95.63762,29.21645],[95.6375,29.2213],[95.63608,29.22332],[95.62494,29.22984],[95.61215,29.23481],[95.60563,29.236],[95.60172,29.23232],[95.59686,29.22604],[95.59615,29.22047],[95.59674,29.21431],[95.59461,29.20673],[95.6035,29.19583],[95.60408,29.19386],[95.60186,29.19105],[95.59568,29.18801],[95.58777,29.18801],[95.58485,29.18367],[95.57957,29.18245],[95.57383,29.17961],[95.55968,29.18826],[95.54888,29.19701],[95.53938,29.19451],[95.5331,29.19476],[95.53118,29.19054],[95.52909,29.18919],[95.52151,29.19014],[95.50835,29.19401],[95.505,29.19358],[95.50157,29.18731],[95.50489,29.1801],[95.50702,29.17808],[95.50663,29.17215],[95.50895,29.17098],[95.5091,29.16959],[95.51376,29.1666],[95.51552,29.16254],[95.5138,29.15688],[95.51636,29.15516],[95.51625,29.15112],[95.51413,29.14789],[95.51676,29.14415],[95.51148,29.13607],[95.51023,29.13249],[95.51126,29.12758],[95.50779,29.12598],[95.50542,29.12627],[95.49919,29.13249],[95.48667,29.13905],[95.48301,29.14281],[95.47985,29.14395],[95.47577,29.14244],[95.47357,29.14257],[95.472,29.13902],[95.46852,29.13791],[95.46755,29.1366],[95.45965,29.13725],[95.45676,29.14279],[95.45494,29.14426],[95.45247,29.14859],[95.45517,29.15423],[95.45304,29.15615],[95.4502,29.1611],[95.45477,29.16564],[95.45541,29.16735],[95.45294,29.171],[95.45468,29.17682],[95.44792,29.1803],[95.44338,29.18618],[95.44057,29.18817],[95.43315,29.1902],[95.4263,29.18457],[95.42049,29.18474],[95.41902,29.18066],[95.42056,29.17036],[95.41973,29.16569],[95.41588,29.16451],[95.41655,29.16032],[95.41499,29.15782],[95.41575,29.15003],[95.4102,29.14851],[95.41025,29.13777],[95.41345,29.1328],[95.41334,29.1267],[95.40314,29.12403],[95.39726,29.12674],[95.39615,29.12948],[95.39156,29.1356],[95.38036,29.1386],[95.37221,29.136],[95.34661,29.13511],[95.33652,29.13988],[95.33286,29.13966],[95.33165,29.13737],[95.32964,29.13686],[95.32692,29.13699],[95.32362,29.13854],[95.31533,29.13929],[95.31273,29.14163],[95.30537,29.14057],[95.29911,29.13722],[95.29769,29.13161],[95.29476,29.12782],[95.28904,29.12273],[95.2844,29.12111],[95.28011,29.12078],[95.27828,29.11793],[95.27797,29.11671],[95.28024,29.11487],[95.2826,29.1103],[95.27793,29.10789],[95.2728,29.1066],[95.27007,29.10356],[95.27268,29.09774],[95.27251,29.08282],[95.27076,29.08063],[95.27082,29.07788],[95.27226,29.07442],[95.26508,29.07141],[95.25944,29.07279],[95.259,29.07591],[95.25731,29.07928],[95.25427,29.08063],[95.25147,29.08414],[95.24257,29.0836],[95.23907,29.08494],[95.237,29.08777],[95.23478,29.09424],[95.2359,29.0962],[95.23556,29.09824],[95.23101,29.10395],[95.22147,29.10531],[95.21452,29.10822],[95.20827,29.10869],[95.20191,29.10534],[95.19841,29.1052],[95.19283,29.10163],[95.18679,29.10175],[95.18056,29.10582],[95.17605,29.10652],[95.17199,29.10149],[95.1665,29.09845],[95.16478,29.09821],[95.16016,29.10049],[95.15424,29.09476],[95.15249,29.09203],[95.15012,29.09062],[95.14398,29.09158],[95.13457,29.08931],[95.13158,29.09161],[95.13171,29.0949],[95.12991,29.09907],[95.12514,29.10004],[95.12388,29.10092],[95.11858,29.09945],[95.1114,29.09899],[95.10389,29.09741],[95.10174,29.10127],[95.09655,29.1061],[95.09579,29.11044],[95.09836,29.12668],[95.09797,29.13172],[95.09946,29.135],[95.09786,29.14303],[95.09374,29.14344],[95.09096,29.14208],[95.08846,29.14188],[95.07903,29.14652],[95.0749,29.14491],[95.07045,29.14474],[95.06803,29.14565],[95.06404,29.14234],[95.05805,29.14138],[95.05087,29.15252],[95.04273,29.15058],[95.0332,29.15362],[95.03089,29.15676],[95.01041,29.16414],[95.00644,29.1665],[95.00029,29.1735],[94.99735,29.17477],[94.99252,29.17526],[94.99037,29.17407],[94.989,29.1716],[94.99483,29.16956],[95.00092,29.16229],[95.01122,29.15223],[95.0149,29.14532],[95.01601,29.13543],[95.01848,29.13194],[95.02272,29.12855],[95.02176,29.12756],[95.01662,29.12692],[95.01318,29.12758],[95.01016,29.1287],[95.00473,29.13235],[94.99955,29.13402],[94.99521,29.13682],[94.99405,29.14193],[94.99078,29.14838],[94.98511,29.14969],[94.96116,29.16103],[94.95391,29.15895],[94.94928,29.16082],[94.94291,29.16051],[94.9385,29.16237],[94.93331,29.15962],[94.92684,29.15745],[94.91642,29.15774],[94.9088,29.16175],[94.90698,29.16777],[94.90531,29.16966],[94.90234,29.17053],[94.89951,29.17372],[94.89334,29.1767],[94.88419,29.17909],[94.86438,29.1812],[94.86126,29.1804],[94.85182,29.18272],[94.84754,29.18258],[94.83803,29.17706],[94.83259,29.17815],[94.82787,29.17307],[94.82185,29.1722],[94.80973,29.16494],[94.80726,29.16487],[94.80407,29.16661],[94.79739,29.18606],[94.80051,29.20573],[94.8037,29.20842],[94.79434,29.21771],[94.79093,29.21865],[94.77627,29.21691],[94.77075,29.21829],[94.75166,29.22968],[94.74978,29.23534],[94.74484,29.24325],[94.74557,29.24594],[94.7492,29.2508],[94.74775,29.25617],[94.74571,29.26176],[94.73846,29.27061],[94.7357,29.27591],[94.73493,29.28697],[94.72336,29.29123],[94.71893,29.29094],[94.71552,29.29152],[94.71356,29.29449],[94.71204,29.29972],[94.71001,29.30219],[94.70514,29.30639],[94.69716,29.31539],[94.6936,29.31793],[94.68753,29.31508],[94.68709,29.31305],[94.68241,29.31346],[94.67081,29.30639],[94.66758,29.30345],[94.65906,29.30647],[94.65586,29.30574],[94.65303,29.30349],[94.65172,29.30174],[94.65138,29.29957],[94.64838,29.29827],[94.64692,29.29658],[94.62857,29.2955],[94.62335,29.29268],[94.61907,29.2839],[94.61297,29.28106],[94.61122,29.27871],[94.60734,29.27792],[94.60555,29.27591],[94.6019,29.27462],[94.59715,29.27571],[94.59276,29.27385],[94.58969,29.27181],[94.58822,29.26967],[94.58788,29.26731],[94.58464,29.26221],[94.57285,29.25618],[94.5744,29.25139],[94.57126,29.24586],[94.56814,29.2426],[94.56391,29.23889],[94.55987,29.238],[94.55792,29.23258],[94.55735,29.22826],[94.5528,29.22852],[94.53971,29.21871],[94.51622,29.22714],[94.51229,29.22988],[94.50527,29.2259],[94.50584,29.22215],[94.50386,29.21823],[94.49903,29.21266],[94.49198,29.20776],[94.47464,29.2095],[94.47079,29.21125],[94.45686,29.21313],[94.45366,29.20892],[94.45199,29.20341],[94.45475,29.19438],[94.45173,29.18762],[94.44807,29.18338],[94.44532,29.18207],[94.43944,29.18563],[94.42963,29.18631],[94.41737,29.17895],[94.4046,29.18272],[94.40105,29.18229],[94.39745,29.18473],[94.39321,29.18461],[94.39086,29.18331],[94.3911,29.18045],[94.38841,29.17844],[94.38698,29.16786],[94.38788,29.16125],[94.37891,29.15413],[94.37281,29.15471],[94.36618,29.15193],[94.35879,29.15153],[94.35634,29.15255],[94.35059,29.15119],[94.34605,29.15173],[94.33996,29.15425],[94.3345,29.15463],[94.32692,29.15185],[94.32215,29.15318],[94.32051,29.15493],[94.31839,29.15562],[94.31184,29.1524],[94.295,29.15129],[94.29432,29.14779],[94.29515,29.14363],[94.29309,29.13795],[94.29525,29.13451],[94.29556,29.13272],[94.29283,29.12395],[94.29012,29.12135],[94.27599,29.11273],[94.27454,29.10586],[94.27454,29.09967],[94.27686,29.09386],[94.2846,29.08641],[94.29273,29.08312],[94.30135,29.08196],[94.31238,29.07906],[94.31557,29.07586],[94.31547,29.07228],[94.31335,29.06619],[94.31993,29.06096],[94.32409,29.05496],[94.32757,29.04054],[94.33038,29.0387],[94.34218,29.03571],[94.35709,29.03532],[94.36038,29.03425],[94.36386,29.03048],[94.36638,29.02593],[94.36241,29.02109],[94.35244,29.01258],[94.34731,29.00638],[94.34189,29.00193],[94.32215,28.99342],[94.30947,28.994],[94.30686,28.99187],[94.30299,28.98461],[94.28112,28.97029],[94.27396,28.96787],[94.27473,28.95248],[94.26728,28.94561],[94.26651,28.93942],[94.26051,28.93168],[94.2577,28.93023],[94.25112,28.92887],[94.22893,28.92855],[94.2188,28.93158],[94.21493,28.93357],[94.20663,28.93301],[94.19309,28.93548],[94.18523,28.93564],[94.17976,28.93692],[94.17293,28.93177],[94.16838,28.92703],[94.16645,28.92384],[94.16703,28.9191],[94.17138,28.91348],[94.17477,28.91184],[94.1619,28.90449],[94.14419,28.8979],[94.13587,28.89045],[94.13171,28.88891],[94.11593,28.88929],[94.099,28.88397],[94.08526,28.88165],[94.07868,28.88271],[94.07219,28.87787],[94.06794,28.87623],[94.06242,28.87565],[94.05953,28.87381],[94.05768,28.87023],[94.0585,28.86644],[94.05768,28.86268],[94.05846,28.85834],[94.04863,28.85903],[94.03687,28.85736],[94.03463,28.85618],[94.03258,28.85309],[94.03011,28.85232],[94.02149,28.83936],[94.02233,28.83655],[94.02089,28.83372],[94.02104,28.83054],[94.01858,28.82833],[94.0182,28.82291],[94.02014,28.81418],[94.01975,28.79349],[93.99771,28.79064],[93.99175,28.79415],[93.98681,28.79527],[93.98719,28.79777],[93.98993,28.80188],[93.98631,28.81109],[93.98148,28.81389],[93.97708,28.81824],[93.97377,28.81843],[93.97009,28.81709],[93.96327,28.81153],[93.95636,28.80414],[93.94762,28.80254],[93.94714,28.8006],[93.94769,28.79819],[93.94572,28.79287],[93.94037,28.78781],[93.93852,28.78675],[93.93543,28.78668],[93.93374,28.78458],[93.92982,28.78393],[93.9271,28.78256],[93.92551,28.78149],[93.92187,28.77569],[93.91581,28.77335],[93.91323,28.76922],[93.91685,28.75868],[93.91842,28.75093],[93.91976,28.74969],[93.9222,28.74269],[93.91959,28.74111],[93.91312,28.73901],[93.91073,28.7391],[93.89996,28.75452],[93.89833,28.75597],[93.89719,28.75605],[93.89435,28.75331],[93.88832,28.75247],[93.86667,28.74449],[93.86367,28.74074],[93.86209,28.73993],[93.86146,28.7383],[93.85758,28.74115],[93.85274,28.74272],[93.84947,28.74261],[93.84423,28.74622],[93.84064,28.74406],[93.8358,28.7424],[93.83352,28.74036],[93.82836,28.74213],[93.82329,28.7395],[93.81802,28.73895],[93.81208,28.73988],[93.81011,28.73714],[93.80007,28.73323],[93.79773,28.73355],[93.79389,28.73571],[93.79134,28.73602],[93.78879,28.73298],[93.78836,28.72846],[93.78895,28.72144],[93.78793,28.71708],[93.78514,28.71178],[93.7823,28.71115],[93.77965,28.70898],[93.75709,28.69934],[93.75345,28.69548],[93.7454,28.69013],[93.7406,28.68557],[93.72925,28.68055],[93.72923,28.67808],[93.72736,28.67236],[93.7258,28.66946],[93.72382,28.66772],[93.71471,28.66474],[93.70936,28.66438],[93.70646,28.66538],[93.69951,28.67131],[93.68996,28.67545],[93.6806,28.67071],[93.67821,28.67079],[93.67088,28.66847],[93.66799,28.669],[93.66255,28.66865],[93.65205,28.66329],[93.64772,28.65934],[93.64573,28.65916],[93.63937,28.65467],[93.63557,28.65647],[93.63417,28.65888],[93.63257,28.66428],[93.63308,28.66614],[93.62988,28.67062],[93.63052,28.67243],[93.62999,28.67411],[93.6279,28.67555],[93.62746,28.67832],[93.62597,28.67978],[93.6258,28.6828],[93.62415,28.68676],[93.61263,28.68313],[93.60382,28.68383],[93.59919,28.6815],[93.58952,28.67855],[93.58133,28.67817],[93.57753,28.67647],[93.57445,28.67655],[93.57243,28.67557],[93.56903,28.676],[93.56514,28.67531],[93.56038,28.67592],[93.55754,28.67507],[93.54557,28.67421],[93.54201,28.67346],[93.53901,28.67088],[93.53663,28.67053],[93.53509,28.67189],[93.5306,28.67319],[93.5261,28.67233],[93.52194,28.67338],[93.51839,28.6702],[93.51082,28.66744],[93.50968,28.6644],[93.50705,28.66069],[93.50709,28.65734],[93.50604,28.65338],[93.50672,28.64689],[93.50438,28.64328],[93.50535,28.64011],[93.50331,28.63541],[93.50347,28.62964],[93.49894,28.62659],[93.49011,28.62707],[93.48495,28.62614],[93.48305,28.62505],[93.47913,28.62526],[93.4731,28.6209],[93.46742,28.61851],[93.46635,28.61967],[93.46453,28.62019],[93.46188,28.61869],[93.45592,28.61461],[93.45594,28.61177],[93.45456,28.60964],[93.45416,28.6053],[93.45246,28.60326],[93.45135,28.6003],[93.4484,28.59766],[93.44434,28.58932],[93.43744,28.58635],[93.43223,28.58282],[93.43119,28.58397],[93.42753,28.585],[93.42178,28.58604],[93.41793,28.58546],[93.41659,28.5833],[93.41542,28.57739],[93.39924,28.56555],[93.39834,28.55961],[93.39225,28.5497],[93.39224,28.5456],[93.39033,28.54291],[93.39266,28.53417],[93.38964,28.53112],[93.37696,28.53154],[93.36345,28.53567],[93.35202,28.52761],[93.33785,28.52496],[93.32927,28.52157],[93.3226,28.52389],[93.31557,28.5281],[93.31132,28.52725],[93.30603,28.52779],[93.3032,28.53184],[93.29889,28.54179],[93.28937,28.54146],[93.27929,28.54966],[93.27918,28.55408],[93.27517,28.55857],[93.26034,28.55085],[93.25051,28.54931],[93.20925,28.50354],[93.18905,28.48274],[93.18184,28.47855],[93.1759,28.46928],[93.17153,28.45949],[93.1675,28.45371],[93.15919,28.45265],[93.15478,28.4491],[93.15639,28.44707],[93.15109,28.44737],[93.14964,28.4468],[93.15299,28.44332],[93.15751,28.44071],[93.17043,28.43604],[93.17077,28.42943],[93.16998,28.42515],[93.16737,28.4219],[93.16647,28.4185],[93.1683,28.41529],[93.1634,28.40027],[93.15896,28.39742],[93.15634,28.39435],[93.15063,28.38294],[93.14578,28.37924],[93.14807,28.3761],[93.14763,28.3749],[93.14819,28.37411],[93.15176,28.37159],[93.14861,28.36657],[93.13934,28.3636],[93.13373,28.3587],[93.13329,28.35684],[93.1282,28.3542],[93.12692,28.35202],[93.12087,28.34873],[93.11775,28.34607],[93.11061,28.34365],[93.1081,28.34159],[93.10293,28.34209],[93.10093,28.34085],[93.10008,28.33726],[93.09856,28.3375],[93.09546,28.33538],[93.09405,28.33323],[93.08591,28.32596],[93.08243,28.32626],[93.08112,28.3275],[93.0789,28.32654],[93.07543,28.32357],[93.07275,28.31858],[93.07214,28.31566],[93.07047,28.31425],[93.06889,28.31025],[93.06598,28.30635],[93.06104,28.30485],[93.05957,28.30557],[93.05709,28.30906],[93.05072,28.31199],[93.0478,28.30835],[93.04446,28.30661],[93.0387,28.30464],[93.03214,28.30411],[93.02737,28.29933],[93.02575,28.29984],[93.01785,28.29807],[93.01293,28.29847],[93.01101,28.29731],[93.00598,28.29716],[93.00367,28.29262],[93.00281,28.28801],[93.00041,28.28556],[92.99189,28.27116],[92.98677,28.27147],[92.97603,28.26917],[92.97158,28.26934],[92.96035,28.26519],[92.95876,28.26291],[92.95132,28.26012],[92.9464,28.26047],[92.94498,28.25954],[92.93751,28.25091],[92.93255,28.24865],[92.93324,28.24534],[92.93227,28.24357],[92.93274,28.24096],[92.92939,28.23631],[92.92764,28.23074],[92.92889,28.22374],[92.93673,28.21862],[92.93737,28.21643],[92.93559,28.21457],[92.93562,28.21315],[92.93316,28.20942],[92.93293,28.20536],[92.92666,28.20562],[92.92272,28.20056],[92.91863,28.19903],[92.91626,28.19882],[92.91092,28.20119],[92.90552,28.20158],[92.90284,28.20027],[92.89761,28.20115],[92.89584,28.20038],[92.88276,28.20091],[92.8728,28.19518],[92.8678,28.18939],[92.86407,28.18785],[92.8607,28.18772],[92.85346,28.18472],[92.84994,28.18426],[92.84518,28.18055],[92.84138,28.18162],[92.83809,28.1796],[92.83497,28.17534],[92.83253,28.17377],[92.83042,28.17369],[92.81875,28.17688],[92.81615,28.17859],[92.80493,28.18145],[92.80018,28.18461],[92.7934,28.18658],[92.79081,28.18696],[92.77846,28.18504],[92.77237,28.18056],[92.77068,28.17853],[92.77416,28.1705],[92.77354,28.16933],[92.76931,28.1646],[92.76571,28.16348],[92.76285,28.16131],[92.7583,28.16101],[92.75083,28.16248],[92.74639,28.16147],[92.74413,28.16007],[92.73908,28.15361],[92.7349,28.15543],[92.73199,28.15577],[92.73081,28.15934],[92.72336,28.16085],[92.71579,28.16792],[92.70989,28.16507],[92.7081,28.15958],[92.70208,28.15423],[92.6974,28.15355],[92.69472,28.15083],[92.69161,28.14987],[92.68682,28.14969],[92.68519,28.15045],[92.67766,28.15131],[92.67577,28.14701],[92.67629,28.14209],[92.67268,28.13972],[92.66903,28.13264],[92.66796,28.12532],[92.6683,28.11643],[92.6659,28.10954],[92.66574,28.10388],[92.66675,28.09986],[92.66511,28.0974],[92.66144,28.09508],[92.65951,28.08902],[92.65721,28.08677],[92.65657,28.08225],[92.65826,28.08008],[92.65689,28.077],[92.66423,28.07243],[92.66436,28.07031],[92.67333,28.06761],[92.68139,28.06925],[92.68564,28.06666],[92.6912,28.06851],[92.69708,28.07209],[92.70229,28.06872],[92.71169,28.06645],[92.71478,28.06638],[92.725,28.0585],[92.73186,28.05456],[92.73195,28.04994],[92.73757,28.04142],[92.7377,28.03789],[92.7362,28.03369],[92.73156,28.03096],[92.72697,28.02483],[92.72766,28.01975],[92.72259,28.01244],[92.72126,28.00099],[92.72199,27.99452],[92.72452,27.99073],[92.72976,27.98864],[92.73268,27.98576],[92.73049,27.98],[92.72487,27.97765],[92.72328,27.97325],[92.71972,27.97234],[92.7171,27.96954],[92.71268,27.96897],[92.70864,27.96401],[92.7024,27.96246],[92.69796,27.96355],[92.68981,27.95267],[92.68483,27.94782],[92.67526,27.94899],[92.67187,27.94441],[92.66719,27.94263],[92.66633,27.93741],[92.66658,27.93357],[92.66311,27.92996],[92.65612,27.92575],[92.65483,27.9206],[92.65071,27.91483],[92.64698,27.91244],[92.64131,27.91055],[92.63165,27.91256],[92.62638,27.91009],[92.62269,27.91374],[92.61942,27.91476],[92.61599,27.91415],[92.61187,27.91495],[92.60809,27.91779],[92.59934,27.91461],[92.59303,27.91074],[92.58852,27.89951],[92.58144,27.89007],[92.58059,27.8857],[92.58101,27.88085],[92.57544,27.88153],[92.56891,27.88392],[92.56449,27.87596],[92.56106,27.87387],[92.55355,27.87725],[92.54531,27.87254],[92.54355,27.86894],[92.53133,27.86598],[92.52999,27.86382],[92.53012,27.85881],[92.52677,27.8563],[92.52604,27.85357],[92.51145,27.84697],[92.50651,27.84875],[92.50046,27.85213],[92.49754,27.84796],[92.47759,27.8365],[92.47497,27.83365],[92.47652,27.82557],[92.46965,27.8231],[92.47075,27.81629],[92.46642,27.8051],[92.45936,27.7986],[92.45776,27.79467],[92.45634,27.7931],[92.45205,27.7966],[92.45051,27.79884],[92.44158,27.79972],[92.43832,27.80279],[92.43446,27.80484],[92.42836,27.80158],[92.42639,27.80298],[92.4224,27.81236],[92.42261,27.81475],[92.42497,27.81593],[92.42399,27.81946],[92.42158,27.82204],[92.4221,27.82602],[92.42708,27.83156],[92.4239,27.83524],[92.42184,27.8357],[92.41837,27.8319],[92.41334,27.83107],[92.40974,27.82845],[92.40987,27.82538],[92.40575,27.82086],[92.39798,27.82166],[92.39133,27.81813],[92.38493,27.816],[92.37991,27.81228],[92.36996,27.80989],[92.36429,27.80442],[92.35974,27.8042],[92.35489,27.80689],[92.3495,27.80193],[92.34494,27.80067],[92.33743,27.79653],[92.32468,27.79751],[92.3206,27.79979],[92.31978,27.80573],[92.32049,27.80981],[92.31168,27.82428],[92.30612,27.8253],[92.30434,27.82868],[92.29777,27.83373],[92.29712,27.83678],[92.30228,27.84538],[92.30301,27.85365],[92.29975,27.85463],[92.29327,27.86825],[92.29395,27.87228],[92.29043,27.873],[92.27336,27.88422],[92.26567,27.88734],[92.25833,27.88275],[92.25607,27.88012],[92.25111,27.88254],[92.24439,27.88775],[92.23859,27.88665],[92.23344,27.88108],[92.22688,27.87895],[92.22422,27.87565],[92.22027,27.87398],[92.2131,27.87322],[92.21177,27.87042],[92.21388,27.86479],[92.21317,27.86378],[92.20546,27.86169],[92.1944,27.85654],[92.19259,27.85728],[92.18915,27.84982],[92.18617,27.84721],[92.18069,27.84678],[92.17411,27.84739],[92.16948,27.83741],[92.16672,27.83621],[92.16465,27.83141],[92.1606,27.8306],[92.1501,27.83164],[92.14293,27.83502],[92.13984,27.8316],[92.13624,27.8308],[92.13264,27.8271],[92.12813,27.81752],[92.11686,27.80925],[92.11461,27.80633],[92.10999,27.80272],[92.10278,27.80207],[92.09682,27.7982],[92.09277,27.79775],[92.08884,27.79535],[92.07717,27.79313],[92.06958,27.79076],[92.06738,27.78935],[92.06406,27.78844],[92.06253,27.78971],[92.06065,27.78804],[92.05969,27.78437],[92.05728,27.77986],[92.05163,27.7793],[92.04964,27.7808],[92.04456,27.78041],[92.03929,27.77597],[92.03418,27.77592],[92.03281,27.77932],[92.02893,27.77861],[92.02692,27.77747],[92.02182,27.77847],[92.01777,27.77663],[92.01386,27.77853],[92.01301,27.7804],[92.01121,27.78164],[92.00843,27.78032],[92.00507,27.7806],[92.00316,27.78376],[91.99947,27.77969],[91.99541,27.78193],[91.99178,27.78061],[91.98725,27.77768],[91.97848,27.77908],[91.97806,27.77526],[91.97887,27.77086],[91.97716,27.76309],[91.97492,27.75622],[91.97089,27.75392],[91.96735,27.7494],[91.96542,27.73898],[91.95758,27.73672],[91.95299,27.73679],[91.95125,27.73292],[91.94664,27.73133],[91.94467,27.72753],[91.94147,27.72576],[91.93761,27.72696],[91.93456,27.7235],[91.93445,27.72111],[91.93269,27.72177],[91.9278,27.7204],[91.92754,27.71837],[91.92476,27.71663],[91.91748,27.7196],[91.91411,27.72247],[91.91179,27.72567],[91.90352,27.72838],[91.90319,27.72928],[91.89873,27.72806],[91.89573,27.72322],[91.89086,27.72199],[91.87863,27.72112],[91.87346,27.72208],[91.87073,27.72549],[91.87072,27.72715],[91.87245,27.72951],[91.86634,27.73264],[91.86603,27.73354],[91.86192,27.73586],[91.86193,27.73822],[91.85918,27.74289],[91.85911,27.74656],[91.85565,27.74944],[91.85466,27.75364],[91.85338,27.75466],[91.85276,27.75748],[91.84345,27.76406],[91.84228,27.76608],[91.83952,27.76716],[91.83811,27.77487],[91.83951,27.77973],[91.8365,27.7829],[91.83334,27.78453],[91.83158,27.78711],[91.82889,27.7881],[91.82967,27.79051],[91.8146,27.78421],[91.81222,27.78457],[91.8099,27.78734],[91.80845,27.78784],[91.807,27.78672],[91.80929,27.78062],[91.80773,27.77624],[91.80626,27.77512],[91.78546,27.77657],[91.78436,27.77758],[91.78125,27.77603],[91.78056,27.77161],[91.77895,27.77094],[91.77281,27.77466],[91.77146,27.77754],[91.77328,27.78135],[91.77174,27.78888],[91.77094,27.78966],[91.76682,27.78966],[91.7627,27.79123],[91.76105,27.79081],[91.76003,27.79192],[91.75725,27.79243],[91.75329,27.79661],[91.74453,27.79997],[91.74333,27.79917],[91.74141,27.79527],[91.73992,27.7944],[91.7386,27.79115],[91.73453,27.7931],[91.72586,27.77986],[91.72453,27.78047],[91.71973,27.78358],[91.71539,27.78786],[91.70567,27.7933],[91.69966,27.80122],[91.69344,27.80754],[91.69108,27.81179],[91.68938,27.81334],[91.68211,27.81752],[91.6793,27.81752],[91.67493,27.82182],[91.66941,27.82454],[91.66778,27.82611],[91.65614,27.83099],[91.65018,27.83075],[91.64246,27.83305],[91.63104,27.83228],[91.62915,27.83481],[91.62417,27.83589],[91.62364,27.83741],[91.61347,27.83919],[91.61293,27.84128],[91.61113,27.84184],[91.60983,27.84142],[91.60642,27.83782],[91.59821,27.83521],[91.59652,27.83373],[91.59439,27.83436],[91.59299,27.83378],[91.59084,27.83128],[91.57692,27.83276],[91.567,27.82503],[91.56606,27.82299],[91.56672,27.82073],[91.56559,27.81868],[91.56738,27.81765],[91.57101,27.81711],[91.57562,27.81386],[91.57675,27.81198],[91.5785,27.81155],[91.58097,27.81177],[91.58355,27.81343],[91.58682,27.81765],[91.59213,27.81892],[91.59835,27.81793],[91.60035,27.82138],[91.60363,27.82273],[91.60854,27.8235],[91.61473,27.82147],[91.62003,27.81529],[91.62404,27.81386],[91.62861,27.81055],[91.62983,27.80933],[91.63,27.80781],[91.63433,27.80414],[91.63512,27.8008],[91.63476,27.79546],[91.6362,27.79503],[91.63673,27.79396],[91.63596,27.79151],[91.63665,27.78761],[91.63808,27.78478],[91.63748,27.78107],[91.63797,27.77747],[91.6398,27.77352],[91.64484,27.77022],[91.64479,27.76312],[91.64331,27.76192],[91.64325,27.75825],[91.64151,27.7537],[91.64189,27.75232],[91.63761,27.74954],[91.63525,27.74652],[91.63629,27.74074],[91.63921,27.73599],[91.638,27.73103],[91.63457,27.72418],[91.63464,27.7219],[91.63172,27.71943],[91.63204,27.71741],[91.62721,27.71567],[91.63037,27.70822],[91.62916,27.70517],[91.62954,27.70118],[91.62883,27.69935],[91.62435,27.69594],[91.62071,27.69428],[91.60787,27.69072],[91.60621,27.68846],[91.60478,27.68361],[91.59636,27.67987],[91.59415,27.67221],[91.59467,27.6704],[91.58541,27.66588],[91.58156,27.6625],[91.57701,27.66295],[91.57285,27.66083],[91.57271,27.65719],[91.57037,27.6507],[91.56381,27.64058],[91.56321,27.63416],[91.56231,27.63221],[91.56278,27.62985],[91.5649,27.62864],[91.56502,27.62581],[91.56833,27.62241],[91.57366,27.61955],[91.58448,27.60844],[91.58032,27.6027],[91.57145,27.5963],[91.56597,27.58414],[91.57223,27.57938],[91.57178,27.57627],[91.57416,27.57222],[91.58084,27.56941],[91.5832,27.56573],[91.58389,27.56389],[91.58196,27.55702],[91.58874,27.55245],[91.59315,27.5455],[91.59346,27.543],[91.59638,27.54119],[91.60231,27.54146],[91.6039,27.54253],[91.61247,27.54367],[91.61209,27.54181],[91.61428,27.53815],[91.61399,27.5333],[91.6181,27.52605],[91.62063,27.52306],[91.62188,27.5187],[91.62346,27.51826],[91.62383,27.51389],[91.6262,27.51425],[91.63306,27.51063],[91.63647,27.505],[91.64369,27.50333],[91.64498,27.50117],[91.64698,27.5004],[91.64924,27.49082],[91.65127,27.48813],[91.65196,27.48337],[91.65432,27.48433],[91.65659,27.48391],[91.65988,27.48462],[91.67067,27.49247],[91.67998,27.49298],[91.682,27.49369],[91.68453,27.49639],[91.68578,27.49914],[91.68543,27.50039],[91.68832,27.50276],[91.69183,27.50415],[91.69259,27.50532],[91.69453,27.50557],[91.69706,27.5053],[91.69772,27.50295],[91.69949,27.50132],[91.70466,27.49982],[91.70668,27.49808],[91.70984,27.49767],[91.71443,27.49861],[91.71782,27.49835],[91.71577,27.49522],[91.71526,27.49271],[91.71338,27.47547],[91.71475,27.47464],[91.72321,27.47118],[91.72621,27.4711],[91.73166,27.46945],[91.73883,27.46997],[91.74645,27.47147],[91.74857,27.47272],[91.74987,27.47493],[91.75141,27.47551],[91.75786,27.47535],[91.76632,27.47368],[91.76611,27.46718],[91.77419,27.46543],[91.77811,27.46547],[91.78764,27.47018],[91.79339,27.47056],[91.79581,27.47168],[91.79768,27.4738],[91.80181,27.47239],[91.8063,27.47558],[91.81968,27.47234],[91.8251,27.4683],[91.82836,27.46818],[91.83088,27.46951],[91.83212,27.47148],[91.83667,27.47272],[91.84338,27.47734],[91.84635,27.48319],[91.84949,27.48638],[91.85442,27.48419],[91.85568,27.4816],[91.86241,27.48476],[91.86481,27.48122],[91.86895,27.47888],[91.87055,27.47182],[91.87224,27.47034],[91.87638,27.47075],[91.87973,27.47391],[91.88406,27.47482],[91.88611,27.47417],[91.88778,27.47489],[91.89541,27.47117],[91.89889,27.47068],[91.90814,27.47236],[91.91102,27.47165],[91.91869,27.47246],[91.92325,27.47408],[91.92582,27.47194],[91.93103,27.4652],[91.93249,27.46494],[91.93563,27.46599],[91.93884,27.46263],[91.9435,27.45982],[91.94679,27.46185],[91.95057,27.46002],[91.96064,27.46011],[91.96475,27.46316],[91.9693,27.4637],[91.97227,27.46639],[91.97881,27.4632],[91.98593,27.46673],[91.98888,27.46734],[91.99076,27.46925],[91.99188,27.47467],[91.99459,27.47845],[91.99889,27.47932],[92.00705,27.47571],[92.01078,27.47922],[92.01431,27.4785],[92.0162,27.48003],[92.01759,27.48012],[92.01928,27.47713],[92.01875,27.47239],[92.02022,27.46984],[92.02017,27.46684],[92.02292,27.46138],[92.02319,27.45784],[92.0223,27.45616],[92.02181,27.4502],[92.02248,27.44657],[92.02431,27.44517],[92.02678,27.44031],[92.03209,27.44012],[92.03378,27.43846],[92.03844,27.43817],[92.04211,27.43591],[92.04242,27.43003],[92.04401,27.42654],[92.04208,27.42592],[92.03875,27.42311],[92.03713,27.41826],[92.03968,27.41561],[92.04332,27.41533],[92.0496,27.40657],[92.05436,27.40355],[92.05479,27.40158],[92.05615,27.39993],[92.05474,27.39497],[92.05467,27.39032],[92.05362,27.38775],[92.05496,27.38528],[92.05434,27.38244],[92.05247,27.37929],[92.05023,27.3785],[92.04837,27.3759],[92.04878,27.37015],[92.04769,27.36225],[92.04847,27.35944],[92.0526,27.35455],[92.05234,27.35253],[92.05848,27.34725],[92.06255,27.34206],[92.06393,27.33635],[92.06367,27.33219],[92.06478,27.33034],[92.06499,27.32737],[92.06621,27.32674],[92.06866,27.32322],[92.07183,27.32119],[92.07858,27.31223],[92.08415,27.30894],[92.08499,27.30746],[92.08848,27.3049],[92.09681,27.30398],[92.10382,27.30091],[92.10579,27.29835],[92.11271,27.29526],[92.11408,27.29361],[92.11686,27.29256],[92.12328,27.28661],[92.12265,27.28516],[92.12521,27.28189],[92.1247,27.27816],[92.11952,27.27089],[92.11827,27.27136],[92.11338,27.26946],[92.10856,27.27025],[92.10375,27.26801],[92.09892,27.26853],[92.09627,27.26952],[92.09536,27.27072],[92.09203,27.26884],[92.09066,27.26982],[92.08703,27.26942],[92.08509,27.27137],[92.08022,27.27336],[92.07942,27.27482],[92.07739,27.27596],[92.07661,27.27784],[92.07406,27.27854],[92.0721,27.27771],[92.07059,27.27603],[92.06749,27.27708],[92.06607,27.27669],[92.06409,27.27508],[92.06414,27.27394],[92.06155,27.27194],[92.06005,27.27231],[92.05517,27.27061],[92.05092,27.27062],[92.04674,27.26927],[92.04596,27.26653],[92.04257,27.26128],[92.03922,27.25994],[92.03769,27.25848],[92.03862,27.25494],[92.04607,27.2557],[92.04797,27.25427],[92.05099,27.25337],[92.0572,27.25298],[92.05935,27.25209],[92.06042,27.25023],[92.06077,27.2462],[92.06163,27.24513],[92.06531,27.24413],[92.06859,27.24081],[92.0697,27.23863],[92.0713,27.23806],[92.07184,27.23478],[92.07073,27.22471],[92.06945,27.22197],[92.07009,27.22025],[92.06911,27.21846],[92.0694,27.21668],[92.06824,27.21403],[92.06163,27.21012],[92.06074,27.20541],[92.05839,27.20061],[92.05983,27.19672],[92.05692,27.18828],[92.05208,27.18435],[92.04482,27.18178],[92.04027,27.18165],[92.03644,27.18039],[92.03658,27.178],[92.03567,27.17668],[92.02878,27.1713],[92.02693,27.16857],[92.02739,27.16231],[92.02883,27.15868],[92.02829,27.15629],[92.03124,27.15447],[92.03345,27.14907],[92.03207,27.14681],[92.03553,27.14157],[92.03597,27.13726],[92.03448,27.13371],[92.03345,27.12726],[92.03004,27.12145],[92.02803,27.11996],[92.0231,27.1102],[92.0251,27.10519],[92.02775,27.10162],[92.03029,27.09987],[92.02865,27.09625],[92.03147,27.09263],[92.03194,27.09042],[92.03119,27.08004],[92.03222,27.07657],[92.03813,27.06938],[92.03656,27.06339],[92.03877,27.06033],[92.04319,27.05638],[92.04471,27.05198],[92.04992,27.0506],[92.05169,27.05173],[92.05339,27.0516],[92.05783,27.05],[92.06125,27.04767],[92.06408,27.04751],[92.07089,27.04273],[92.07233,27.04374],[92.0769,27.04088],[92.0817,27.04058],[92.08245,27.03379],[92.0806,27.03225],[92.07803,27.02742],[92.07782,27.02537],[92.07854,27.02447],[92.07762,27.02256],[92.0787,27.02023],[92.07795,27.01797],[92.08376,27.01563],[92.08566,27.0156],[92.08753,27.01427],[92.09288,27.01298],[92.0954,27.01149],[92.09499,27.00956],[92.09807,27.0081],[92.10339,27.00401],[92.10382,26.99908],[92.10765,26.98906],[92.10467,26.98716],[92.10526,26.98038],[92.11091,26.97658],[92.11323,26.97588],[92.11533,26.97629],[92.1196,26.97213],[92.12009,26.97044],[92.1196,26.96476],[92.12135,26.96067],[92.11826,26.95882],[92.11736,26.95461],[92.11472,26.95379],[92.11279,26.95091],[92.11495,26.94736],[92.11397,26.9461],[92.11852,26.94228],[92.11785,26.93727],[92.11577,26.93611],[92.1149,26.93393],[92.11685,26.92917],[92.11539,26.92311],[92.11541,26.91946],[92.11428,26.91648],[92.11849,26.91222],[92.11832,26.9095],[92.11914,26.908],[92.11503,26.89452],[92.10249,26.88209],[92.10134,26.87861],[92.10253,26.8695],[92.08801,26.8627],[92.05657,26.84967],[92.01961,26.84993],[91.98711,26.86088],[91.97379,26.87289],[91.96622,26.87861],[91.96411,26.88189],[91.9277,26.90418],[91.89383,26.91969],[91.88358,26.91701],[91.85935,26.91339],[91.82479,26.86388],[91.72428,26.81391],[91.70645,26.81327],[91.69151,26.80718],[91.62713,26.82112],[91.5928,26.80575],[91.53923,26.79828],[91.50984,26.79328],[91.50698,26.79353],[91.49972,26.79207],[91.49445,26.79228],[91.46919,26.80098],[91.44848,26.81243],[91.40801,26.83892],[91.37782,26.79582],[91.36166,26.79017],[91.33869,26.78069],[91.29807,26.78737],[91.27682,26.80124],[91.25238,26.80729],[91.2348,26.81254],[91.1935,26.81382],[91.14579,26.81104],[91.09747,26.82178],[91.07505,26.79907],[91.0543,26.77982],[91.03945,26.78326],[90.99532,26.79067],[90.96854,26.785],[90.9582,26.78192],[90.95627,26.7821],[90.96235,26.78853],[90.82217,26.77636],[90.74236,26.7744],[90.71763,26.76899],[90.69976,26.76954],[90.6911,26.77176],[90.67343,26.78454],[90.64624,26.77818],[90.63369,26.79465],[90.58576,26.8035],[90.54752,26.81648],[90.43083,26.89571],[90.41847,26.90148],[90.41624,26.90405],[90.37296,26.90208],[90.35573,26.90082],[90.35502,26.89801],[90.35339,26.8965],[90.35187,26.89229],[90.34738,26.88746],[90.34749,26.87965],[90.3439,26.87314],[90.33697,26.86841],[90.30017,26.84865],[90.25341,26.85893],[90.23397,26.85928],[90.23003,26.85872],[90.20067,26.83508],[90.18369,26.79929],[90.18537,26.78958],[90.19093,26.78705],[90.1952,26.78132],[90.19424,26.77981],[90.19407,26.77745],[90.19048,26.77335],[90.18997,26.77149],[90.19064,26.768],[90.07352,26.7361],[90.04495,26.72981],[90.01644,26.73213],[89.96857,26.72199],[89.90212,26.72284],[89.86496,26.73566],[89.85976,26.7345],[89.86388,26.71972],[89.86262,26.71064],[89.86243,26.70147],[89.83719,26.70673],[89.81071,26.71115],[89.7716,26.70219],[89.76948,26.70537],[89.7686,26.71063],[89.75826,26.71873],[89.75974,26.72698],[89.75547,26.73247],[89.75161,26.73459],[89.74524,26.72996],[89.73982,26.72933],[89.73673,26.72727],[89.73411,26.72676],[89.73234,26.72464],[89.72577,26.72339],[89.72052,26.72613],[89.71806,26.72956],[89.70304,26.7339],[89.70116,26.73481],[89.69882,26.73755],[89.69048,26.73424],[89.68351,26.73652],[89.67883,26.73938],[89.67055,26.73989],[89.66901,26.73173],[89.66318,26.72613],[89.65776,26.71859],[89.64902,26.71751],[89.64862,26.72053],[89.64719,26.7219],[89.64513,26.72282],[89.63971,26.72293],[89.6352,26.7259],[89.62543,26.72287],[89.61768,26.72817],[89.61907,26.7325],[89.62138,26.73405],[89.62164,26.73841],[89.62493,26.73989],[89.62624,26.74188],[89.63625,26.74588],[89.63733,26.7469],[89.64174,26.75329],[89.64811,26.7662],[89.65232,26.76819],[89.64979,26.77668],[89.64687,26.77759],[89.64269,26.7773],[89.64162,26.78041],[89.63903,26.78207],[89.6306,26.78313],[89.62703,26.78071],[89.62161,26.77868],[89.62063,26.77721],[89.61995,26.78051],[89.61416,26.78628],[89.60603,26.78781],[89.59992,26.78764],[89.59276,26.79272],[89.58982,26.79211],[89.58678,26.79264],[89.57841,26.79623],[89.57593,26.79575],[89.56992,26.79885],[89.56604,26.79951],[89.56446,26.80411],[89.56191,26.80599],[89.56046,26.8112],[89.55846,26.81354],[89.55001,26.81204],[89.54721,26.80942],[89.54291,26.81173],[89.53583,26.81322],[89.53343,26.81442],[89.52972,26.81362],[89.52835,26.81248],[89.52332,26.81339],[89.52,26.81314],[89.5193,26.81129],[89.5161,26.81303],[89.51262,26.81308],[89.50751,26.81076],[89.50222,26.80504],[89.49888,26.80343],[89.47711,26.8023],[89.46679,26.80373],[89.46085,26.80637],[89.45015,26.81834],[89.449,26.82656],[89.45072,26.83117],[89.4504,26.83232],[89.44598,26.83387],[89.4395,26.84045],[89.42289,26.83606],[89.41375,26.84041],[89.38991,26.84194],[89.38361,26.85921],[89.37894,26.86228],[89.33069,26.84594],[89.3254,26.84533],[89.324,26.84702],[89.32428,26.85068],[89.32118,26.85153],[89.31752,26.85153],[89.31189,26.8473],[89.29274,26.83801],[89.28967,26.83439],[89.28119,26.83041],[89.27844,26.82616],[89.27615,26.82866],[89.27423,26.8286],[89.26514,26.81773],[89.26233,26.81548],[89.2581,26.81548],[89.25417,26.81702],[89.24825,26.81745],[89.2437,26.82009],[89.23422,26.81948],[89.20813,26.81488],[89.20477,26.81329],[89.19425,26.81052],[89.1796,26.81763],[89.17576,26.81862],[89.14118,26.80809],[89.13339,26.80669],[89.13044,26.80887],[89.12527,26.81818],[89.12424,26.82144],[89.12248,26.82321],[89.11508,26.82452],[89.10796,26.83426],[89.10661,26.83483],[89.10253,26.84198],[89.10058,26.84247],[89.10002,26.84347],[89.10379,26.86138],[89.09302,26.87226],[89.09564,26.8917],[89.07967,26.89707],[89.07916,26.89818],[89.07016,26.90408],[89.06211,26.90137],[89.05261,26.90015],[89.04676,26.89836],[89.04999,26.91062],[89.04928,26.91609],[89.04476,26.92204],[89.02991,26.92332],[89.02155,26.94083],[89.01712,26.94038],[89.0157,26.93886],[89.01541,26.93729],[88.99672,26.92538],[88.99085,26.92035],[88.98539,26.91939],[88.98032,26.91732],[88.95133,26.93084],[88.94528,26.93272],[88.94533,26.93479],[88.94908,26.94229],[88.95239,26.94604],[88.95364,26.9497],[88.95292,26.9514],[88.95408,26.95283],[88.95346,26.95587],[88.95408,26.95774],[88.95319,26.96176],[88.95158,26.96301],[88.9523,26.96417],[88.95203,26.9697],[88.95069,26.97167],[88.9461,26.97381],[88.92255,26.99303],[88.91649,26.98944],[88.91356,26.98685],[88.89271,26.96154],[88.88512,26.95733],[88.88381,26.95065],[88.88126,26.94726],[88.87864,26.94571],[88.87667,26.94646],[88.87686,26.95172],[88.87392,26.95425],[88.87109,26.96174],[88.87317,26.96706],[88.87279,26.97354],[88.8742,26.9864],[88.87353,26.98876],[88.8711,26.99211],[88.87021,26.99536],[88.87278,27.00064],[88.87331,27.00896],[88.87556,27.01374],[88.87563,27.01588],[88.87392,27.01799],[88.87403,27.01963],[88.87695,27.02081],[88.87742,27.0333],[88.8807,27.03634],[88.88034,27.03998],[88.87649,27.04155],[88.87713,27.0434],[88.87627,27.04508],[88.87699,27.0469],[88.87877,27.04836],[88.87817,27.05457],[88.8787,27.05969],[88.88059,27.06189],[88.87952,27.06635],[88.87606,27.06914],[88.87499,27.07128],[88.87699,27.07381],[88.87456,27.07635],[88.87392,27.07892],[88.87388,27.08231],[88.87535,27.08441],[88.87463,27.08638],[88.87606,27.09005],[88.87342,27.09316],[88.87395,27.09655],[88.87313,27.09919],[88.87117,27.10097],[88.87049,27.10915],[88.86835,27.11036],[88.85033,27.10815],[88.8468,27.112],[88.84383,27.11107],[88.84205,27.11147],[88.84247,27.11354],[88.83987,27.11571],[88.83387,27.11479],[88.82805,27.11896],[88.82313,27.12146],[88.82042,27.12132],[88.81895,27.12289],[88.81628,27.12396],[88.81543,27.1255],[88.81422,27.1254],[88.81359,27.12641],[88.81117,27.12703],[88.80732,27.13395],[88.80464,27.13585],[88.80403,27.13824],[88.80239,27.13934],[88.79358,27.13578],[88.78173,27.13487],[88.77386,27.13553],[88.76958,27.1373],[88.76768,27.13904],[88.76374,27.14031],[88.74557,27.14208],[88.74597,27.14374],[88.75199,27.15053],[88.7564,27.15056],[88.7601,27.15299],[88.75909,27.15643],[88.75677,27.15861],[88.75732,27.16525],[88.75932,27.16743],[88.76108,27.17222],[88.76272,27.17322],[88.76507,27.17777],[88.76876,27.18055],[88.77418,27.18296],[88.77561,27.18176],[88.77853,27.18379],[88.78191,27.18445],[88.78292,27.18285],[88.7867,27.1827],[88.78908,27.18531],[88.79039,27.1905],[88.78887,27.19207],[88.78908,27.19382],[88.79263,27.19852],[88.7938,27.20127],[88.79601,27.20319],[88.79615,27.20499],[88.79947,27.20846],[88.80165,27.21717],[88.80303,27.2191],[88.80315,27.22359],[88.80132,27.22949],[88.80446,27.23582],[88.80238,27.24859],[88.8272,27.25689],[88.83187,27.26239],[88.86476,27.26458],[88.87942,27.26082],[88.8797,27.26305],[88.88772,27.26806],[88.89515,27.26936],[88.89585,27.27029],[88.8987,27.27034],[88.90007,27.27369],[88.90304,27.27262],[88.90627,27.27445],[88.90788,27.27589],[88.90934,27.27889],[88.9089,27.28186],[88.91413,27.28994],[88.91144,27.29948],[88.90915,27.30289],[88.90937,27.30497],[88.91289,27.30729],[88.91668,27.31616],[88.91959,27.31905],[88.91997,27.32561],[88.92117,27.32747],[88.91855,27.3299],[88.91585,27.33105],[88.91135,27.32946],[88.90656,27.329],[88.90391,27.33154],[88.90066,27.33289],[88.89604,27.33284],[88.8949,27.33405],[88.89328,27.33933],[88.88471,27.34354],[88.88302,27.34688],[88.88512,27.35113],[88.88259,27.35143],[88.88099,27.35368],[88.88234,27.35685],[88.88133,27.36057],[88.87623,27.36099],[88.87499,27.363],[88.87259,27.36441],[88.87041,27.36412],[88.86606,27.36662],[88.86302,27.37013],[88.86389,27.37357],[88.86318,27.37585],[88.8645,27.37978],[88.86188,27.38182],[88.86114,27.3863],[88.85617,27.3849],[88.84571,27.38501],[88.8379,27.37961],[88.83749,27.38208],[88.83128,27.38566],[88.83083,27.39013],[88.826,27.39047],[88.82164,27.39377],[88.81997,27.40021],[88.82109,27.40466],[88.81308,27.40544],[88.80991,27.40463],[88.80902,27.40335],[88.80569,27.40705],[88.80681,27.4123],[88.80468,27.4151],[88.8076,27.422],[88.80904,27.42371],[88.8066,27.4236],[88.80412,27.42251],[88.80118,27.42277],[88.79956,27.42648],[88.79625,27.42735],[88.79472,27.42908],[88.7931,27.43565],[88.79146,27.43748],[88.7938,27.44064],[88.79348,27.44716],[88.78813,27.44752],[88.78777,27.45072],[88.78566,27.45277],[88.78284,27.45345],[88.78264,27.4581],[88.78007,27.46244],[88.77911,27.46281],[88.77801,27.46767],[88.77683,27.46929],[88.77855,27.47209],[88.78265,27.47489],[88.78192,27.47895],[88.78049,27.48146],[88.78316,27.48395],[88.7863,27.48865],[88.7848,27.49167],[88.78454,27.49422],[88.78264,27.49581],[88.78306,27.50013],[88.78386,27.50175],[88.78658,27.5033],[88.78584,27.50679],[88.78678,27.50997],[88.78984,27.51336],[88.79045,27.51571],[88.78937,27.51713],[88.78824,27.52201],[88.79208,27.52409],[88.79159,27.52583],[88.79298,27.52739],[88.79243,27.53015],[88.79024,27.53164],[88.78688,27.53051],[88.7852,27.53064],[88.78298,27.52943],[88.77907,27.53096],[88.77711,27.53256],[88.77337,27.5402],[88.77476,27.54406],[88.77293,27.54847],[88.77384,27.55159],[88.7728,27.55542],[88.77144,27.55805],[88.76783,27.56085],[88.7633,27.56642],[88.76695,27.56966],[88.77058,27.57121],[88.77331,27.57127],[88.78123,27.56939],[88.78404,27.57288],[88.79081,27.5747],[88.79181,27.57423],[88.79117,27.57924],[88.78791,27.58529],[88.78822,27.58586],[88.79181,27.58709],[88.79531,27.59078],[88.8054,27.59511],[88.80671,27.59673],[88.80875,27.60306],[88.80749,27.60442],[88.80628,27.60899],[88.8074,27.61077],[88.8078,27.61353],[88.8088,27.61417],[88.81123,27.61936],[88.80814,27.62226],[88.80602,27.62264],[88.80426,27.62433],[88.80552,27.62831],[88.80754,27.63114],[88.80902,27.63692],[88.81354,27.64144],[88.81482,27.64691],[88.8163,27.64839],[88.81808,27.6482],[88.82241,27.64377],[88.82479,27.64446],[88.82666,27.64598],[88.83174,27.64723],[88.83371,27.65032],[88.83632,27.65212],[88.83609,27.65396],[88.84449,27.66185],[88.84823,27.66819],[88.84826,27.67637],[88.84582,27.67708],[88.84437,27.68043],[88.84263,27.68165],[88.8424,27.68262],[88.84305,27.68616],[88.84807,27.69291],[88.84795,27.69613],[88.84319,27.70369],[88.83872,27.70436],[88.83851,27.70541],[88.84083,27.712],[88.85157,27.71535],[88.85409,27.71497],[88.85488,27.71645],[88.85673,27.71719],[88.85559,27.72197],[88.85671,27.72271],[88.85696,27.72596],[88.85884,27.72746],[88.85743,27.73179],[88.85759,27.73304],[88.8591,27.73451],[88.85912,27.73837],[88.867,27.74271],[88.86497,27.74584],[88.86332,27.75152],[88.86193,27.75369],[88.8591,27.75447],[88.85665,27.75346],[88.85524,27.76223],[88.8542,27.76459],[88.85495,27.7707],[88.85669,27.77262],[88.85522,27.778],[88.85542,27.78246],[88.8598,27.79198],[88.86013,27.80034],[88.86082,27.80242],[88.86084,27.80432],[88.85879,27.80501],[88.85942,27.81183],[88.85709,27.81553],[88.85917,27.81763],[88.87258,27.82675],[88.88043,27.83047],[88.88294,27.83491],[88.88047,27.84203],[88.88201,27.85164],[88.88812,27.85641],[88.88527,27.86185],[88.88136,27.86536],[88.87806,27.87492],[88.87873,27.87985],[88.8782,27.88271],[88.87985,27.88438],[88.87965,27.88626],[88.88087,27.88757],[88.88143,27.8915],[88.87918,27.89335],[88.87877,27.89531],[88.87072,27.90082],[88.86903,27.9119],[88.86976,27.91415],[88.86872,27.91547],[88.86764,27.91971],[88.85964,27.9278],[88.85747,27.92669],[88.84988,27.92619],[88.83951,27.92762],[88.83761,27.9285],[88.83774,27.93721],[88.83909,27.94079],[88.8389,27.94249],[88.84122,27.945],[88.84125,27.9482],[88.84294,27.95419],[88.83979,27.96977],[88.84202,27.97482],[88.84099,27.98262],[88.84257,27.98696],[88.84047,27.9904],[88.8385,27.9987],[88.83608,28.0153],[88.83246,28.01721],[88.82813,28.01825],[88.82342,28.02114],[88.8197,28.02205],[88.81526,28.02175],[88.81197,28.02399],[88.80751,28.02882],[88.80429,28.03],[88.80222,28.03451],[88.79656,28.04204],[88.79389,28.04421],[88.79255,28.04861],[88.78709,28.05043],[88.78402,28.05322],[88.77787,28.05384],[88.77285,28.05905],[88.76768,28.06685],[88.76458,28.06883],[88.764,28.07066],[88.75897,28.07459],[88.75474,28.0803],[88.74431,28.07689],[88.74235,28.07498],[88.73905,28.07494],[88.73535,28.07326],[88.73045,28.07264],[88.72854,28.07269],[88.72685,28.07426],[88.7191,28.07591],[88.7156,28.07784],[88.71049,28.07812],[88.6987,28.07684],[88.6968,28.07704],[88.69441,28.07856],[88.6928,28.07833],[88.68962,28.07926],[88.68559,28.07892],[88.68196,28.07706],[88.68088,28.07624],[88.67951,28.07187],[88.67061,28.07411],[88.66741,28.07644],[88.66627,28.08499],[88.66424,28.08939],[88.65826,28.09157],[88.65648,28.09434],[88.65031,28.09754],[88.6473,28.10015],[88.64406,28.10593],[88.64028,28.11531],[88.63292,28.12405],[88.62844,28.12215],[88.62042,28.11544],[88.61084,28.10932],[88.60531,28.10045],[88.60516,28.09674],[88.6029,28.09347],[88.60292,28.08936],[88.59887,28.08902],[88.59434,28.08967],[88.58902,28.08845],[88.58662,28.0848],[88.58328,28.08415],[88.57683,28.08514],[88.57112,28.09042],[88.56819,28.09091],[88.56447,28.09003],[88.56268,28.08686],[88.56003,28.0845],[88.55445,28.08229],[88.5573,28.0753],[88.55509,28.06808],[88.55387,28.05961],[88.55413,28.05551],[88.55146,28.05179],[88.55024,28.04761],[88.55133,28.04296],[88.55356,28.03943],[88.54959,28.03727],[88.54595,28.034],[88.53439,28.034],[88.52889,28.03782],[88.52463,28.03533],[88.52317,28.03639],[88.5227,28.03979],[88.51961,28.04312],[88.51102,28.04218],[88.50774,28.04431],[88.50307,28.05052],[88.4985,28.05382],[88.49495,28.05521],[88.49333,28.05052],[88.4912,28.04707],[88.48459,28.04474],[88.4755,28.03619],[88.47273,28.02491],[88.46815,28.01689],[88.46324,28.01674],[88.46101,28.01492],[88.45904,28.01572],[88.4559,28.01572],[88.45435,28.01432],[88.4458,28.01107],[88.44391,28.00902],[88.43729,28.00819],[88.4354,28.00698],[88.43264,28.0077],[88.42893,28.00672],[88.42363,28.00138],[88.41735,27.99998],[88.41527,27.99745],[88.41421,27.99457],[88.41285,27.98614],[88.41359,27.98108],[88.41077,27.9814],[88.40938,27.98024],[88.40276,27.98072],[88.40046,27.97724],[88.39686,27.97866],[88.39198,27.97666],[88.38984,27.97651],[88.38833,27.97779],[88.38695,27.98072],[88.38454,27.9824],[88.38064,27.98318],[88.37733,27.98927],[88.37306,27.98975],[88.37067,27.9886],[88.3684,27.98856],[88.36627,27.98951],[88.36073,27.98883],[88.3559,27.98937],[88.35161,27.98823],[88.34801,27.98575],[88.3404,27.98581],[88.33487,27.98421],[88.33186,27.97594],[88.32186,27.98],[88.31596,27.97783],[88.31514,27.97692],[88.31481,27.97294],[88.30997,27.96895],[88.30475,27.96723],[88.30417,27.96545],[88.30287,27.96518],[88.29573,27.96671],[88.29435,27.96772],[88.29111,27.96608],[88.29051,27.96478],[88.28844,27.96481],[88.28751,27.96579],[88.28417,27.96516],[88.28223,27.96071],[88.28193,27.958],[88.27925,27.95478],[88.27144,27.95443],[88.26808,27.95705],[88.26472,27.95653],[88.26349,27.95574],[88.26291,27.95082],[88.26029,27.94584],[88.2548,27.94494],[88.25228,27.94191],[88.25133,27.94166],[88.25097,27.94311],[88.24838,27.94497],[88.24813,27.94751],[88.24292,27.95633],[88.23764,27.96951],[88.23202,27.96804],[88.22841,27.96604],[88.2235,27.96095],[88.22241,27.9618],[88.21299,27.96404],[88.20885,27.96237],[88.20823,27.96095],[88.20661,27.96004],[88.20532,27.95676],[88.20571,27.94629],[88.20699,27.94067],[88.19961,27.94167],[88.19738,27.94362],[88.18743,27.94267],[88.18282,27.94491],[88.17963,27.949],[88.17763,27.94957],[88.17277,27.94905],[88.17125,27.95219],[88.16497,27.9559],[88.16311,27.95861],[88.15355,27.95861],[88.14836,27.96304],[88.14246,27.96528],[88.13427,27.9519],[88.13009,27.95019],[88.1348,27.94538],[88.13675,27.93734],[88.13256,27.9352],[88.13018,27.93087],[88.13032,27.92697],[88.12975,27.92621],[88.12595,27.92568],[88.12176,27.92373],[88.118,27.91807],[88.12104,27.91183],[88.12157,27.90841],[88.12476,27.90369],[88.12756,27.90266],[88.1291,27.89975],[88.13127,27.89821],[88.13789,27.88997],[88.13497,27.8816],[88.13859,27.87898],[88.139,27.87796],[88.14281,27.87855],[88.14863,27.87695],[88.15238,27.87342],[88.15377,27.87092],[88.15702,27.87094],[88.16406,27.86859],[88.16697,27.86579],[88.1724,27.86349],[88.17762,27.85747],[88.17785,27.85628],[88.18312,27.85727],[88.18524,27.85692],[88.18824,27.85406],[88.19265,27.85493],[88.19616,27.85422],[88.19786,27.84588],[88.20129,27.84285],[88.20112,27.83765],[88.19979,27.83654],[88.19643,27.83669],[88.19424,27.83576],[88.19342,27.83416],[88.19144,27.8327],[88.19052,27.82948],[88.18742,27.82558],[88.18248,27.82324],[88.17913,27.82305],[88.17299,27.82066],[88.17338,27.81766],[88.17879,27.81596],[88.18511,27.81079],[88.18669,27.80161],[88.18971,27.79832],[88.19364,27.79639],[88.1952,27.79357],[88.19665,27.79267],[88.19715,27.79101],[88.19553,27.78887],[88.19521,27.78673],[88.18801,27.78161],[88.1851,27.7774],[88.18113,27.77608],[88.18219,27.77385],[88.18137,27.76919],[88.18326,27.76647],[88.18067,27.76196],[88.1766,27.75854],[88.17742,27.75255],[88.17859,27.75043],[88.17841,27.74722],[88.17611,27.74635],[88.17369,27.74353],[88.16959,27.7418],[88.16239,27.74056],[88.15828,27.74098],[88.15825,27.73934],[88.15612,27.73673],[88.15453,27.72963],[88.15414,27.72575],[88.15443,27.72182],[88.15541,27.72058],[88.15527,27.71761],[88.1541,27.71647],[88.15226,27.71191],[88.14926,27.70834],[88.14898,27.70558],[88.14731,27.70316],[88.14879,27.70033],[88.14938,27.69611],[88.15274,27.69123],[88.15231,27.68886],[88.15046,27.68548],[88.14866,27.68421],[88.14815,27.68166],[88.14664,27.6792],[88.14448,27.66582],[88.13706,27.65769],[88.13113,27.65552],[88.12914,27.65295],[88.12424,27.64977],[88.12203,27.64674],[88.11992,27.64576],[88.1205,27.63965],[88.11711,27.62998],[88.11744,27.62888],[88.11935,27.62744],[88.11515,27.62118],[88.1135,27.61085],[88.10548,27.6027],[88.10068,27.60119],[88.097,27.59905],[88.09353,27.59827],[88.0895,27.5953],[88.08495,27.59038],[88.08183,27.58519],[88.07968,27.58044],[88.07856,27.57953],[88.07777,27.57635],[88.07506,27.57225],[88.07926,27.5686],[88.08091,27.56503],[88.07804,27.56071],[88.07589,27.55891],[88.07309,27.55701],[88.06909,27.55602],[88.06798,27.5511],[88.0684,27.54659],[88.06704,27.54538],[88.06501,27.54488],[88.06294,27.54177],[88.06076,27.54025],[88.05887,27.53529],[88.05891,27.53291],[88.0597,27.53168],[88.06146,27.53034],[88.06513,27.52976],[88.06705,27.52651],[88.06359,27.52655],[88.06127,27.5255],[88.05728,27.5181],[88.05717,27.51628],[88.06072,27.51363],[88.06141,27.5123],[88.06075,27.5113],[88.05744,27.50965],[88.05631,27.50722],[88.05464,27.50578],[88.05471,27.50485],[88.05069,27.5046],[88.04948,27.50395],[88.04879,27.50243],[88.04641,27.50166],[88.0436,27.49617],[88.04443,27.49316],[88.04373,27.4905],[88.04381,27.48515],[88.04513,27.48186],[88.04382,27.47868],[88.04832,27.47269],[88.05104,27.47198],[88.0534,27.46947],[88.05659,27.4677],[88.06031,27.46132],[88.0628,27.45949],[88.06573,27.45901],[88.06691,27.45808],[88.06595,27.45507],[88.06438,27.45397],[88.06623,27.45265],[88.0671,27.4498],[88.06983,27.44833],[88.07237,27.44547],[88.06761,27.43922],[88.06782,27.43851],[88.07266,27.43413],[88.07805,27.43261],[88.07885,27.43081],[88.08009,27.43001],[88.07993,27.4269],[88.067,27.42546],[88.06294,27.42231],[88.06006,27.42112],[88.05799,27.41865],[88.05524,27.41833],[88.05041,27.41311],[88.04941,27.40736],[88.04677,27.4056],[88.04829,27.40101],[88.04571,27.39589],[88.0457,27.39264],[88.04465,27.3901],[88.04502,27.38843],[88.04396,27.38478],[88.04493,27.38259],[88.04487,27.38022],[88.04154,27.37221],[88.04185,27.37004],[88.04652,27.36458],[88.04714,27.36236],[88.0493,27.35957],[88.05068,27.35846],[88.05344,27.35828],[88.05748,27.35583],[88.05868,27.35166],[88.06151,27.3468],[88.06165,27.34435],[88.06458,27.34152],[88.06647,27.3361],[88.06381,27.33465],[88.06076,27.33131],[88.06,27.32866],[88.05238,27.3247],[88.05209,27.32305],[88.04929,27.31893],[88.04955,27.31564],[88.04839,27.31286],[88.04493,27.31027],[88.04138,27.30454],[88.0409,27.30168],[88.04467,27.2939],[88.04284,27.29181],[88.03798,27.2919],[88.03661,27.29005],[88.03494,27.28963],[88.03373,27.28757],[88.03158,27.28641],[88.0329,27.28154],[88.03107,27.27731],[88.03013,27.27224],[88.03173,27.26615],[88.0305,27.26345],[88.03083,27.25815],[88.03005,27.25508],[88.03102,27.25266],[88.03072,27.25021],[88.02755,27.24953],[88.02675,27.24658],[88.02408,27.24222],[88.02468,27.23743],[88.02341,27.23811],[88.02159,27.23783],[88.0191,27.23606],[88.01964,27.23219],[88.01874,27.22522],[88.0175,27.22304],[88.01575,27.22236],[88.01203,27.21621],[88.01392,27.21239],[88.0155,27.21102],[88.01161,27.20386],[88.0153,27.19999],[88.01586,27.19634],[88.01587,27.19341],[88.01377,27.19096],[88.01284,27.18293],[88.01341,27.17961],[88.01233,27.17773],[88.01741,27.17408],[88.01922,27.17119],[88.0154,27.16898],[88.0142,27.16707],[88.01279,27.16738],[88.01084,27.16596],[88.01141,27.16331],[88.01097,27.15937],[88.00948,27.15783],[88.01016,27.15486],[88.00919,27.15294],[88.00935,27.15126],[88.00817,27.14993],[88.00853,27.14841],[88.00726,27.14345],[88.00522,27.14333],[88.00415,27.14139],[88.0023,27.14141],[88.00053,27.1404],[88.00053,27.13843],[87.99898,27.13671],[87.99966,27.13508],[87.99851,27.13382],[87.99107,27.13097],[87.99069,27.12612],[87.98867,27.12375],[87.98903,27.12102],[87.98729,27.11951],[87.98845,27.11904],[87.98918,27.11688],[87.98952,27.1121],[87.99091,27.11077],[87.99067,27.10775],[87.99148,27.10561],[87.99511,27.10364],[88.00027,27.10395],[88.00149,27.1051],[88.00327,27.10461],[88.00808,27.10104],[88.00854,27.0988],[88.01174,27.09757],[88.01249,27.09378],[88.01583,27.08859],[88.01949,27.08751],[88.02097,27.08788],[88.02079,27.0826],[88.01827,27.08011],[88.01744,27.07812],[88.01591,27.07718],[88.01612,27.07398],[88.01841,27.07043],[88.02107,27.06945],[88.02281,27.06509],[88.02286,27.06213],[88.02575,27.05794],[88.02575,27.05485],[88.02743,27.05119],[88.02995,27.04892],[88.03022,27.04705],[88.03301,27.04404],[88.03483,27.0434],[88.03749,27.03679],[88.03913,27.03618],[88.04563,27.03686],[88.04832,27.03487],[88.05772,27.03193],[88.05956,27.02927],[88.06431,27.03135],[88.06916,27.03148],[88.07586,27.03576],[88.07749,27.03551],[88.0813,27.03185],[88.08288,27.02915],[88.08356,27.02296],[88.08846,27.01553],[88.08758,27.01145],[88.08861,27.00943],[88.08816,27.0085],[88.09212,27.00468],[88.09903,27.0039],[88.10425,26.99765],[88.10669,26.9969],[88.10681,26.99589],[88.10867,26.99527],[88.10897,26.99293],[88.11013,26.9918],[88.11245,26.9911],[88.11494,26.98897],[88.1196,26.98747],[88.12888,26.9879],[88.13415,26.9867],[88.1354,26.98505],[88.13042,26.98076],[88.12242,26.96852],[88.12183,26.96547],[88.12297,26.96026],[88.12124,26.95634],[88.12032,26.95061],[88.12771,26.94162],[88.12857,26.93963],[88.13203,26.9383],[88.13483,26.93524],[88.13762,26.9335],[88.13924,26.92898],[88.14186,26.92666],[88.14272,26.92464],[88.1459,26.92118],[88.14387,26.91777],[88.14488,26.91575],[88.14199,26.91135],[88.14141,26.90907],[88.14009,26.90825],[88.13976,26.90648],[88.13867,26.90549],[88.13902,26.90201],[88.13661,26.90073],[88.13624,26.89888],[88.13879,26.89736],[88.14171,26.89414],[88.14245,26.89166],[88.14502,26.89111],[88.14635,26.88898],[88.14813,26.88886],[88.15227,26.88538],[88.15469,26.88577],[88.15727,26.88501],[88.15738,26.88326],[88.16183,26.88081],[88.16335,26.87839],[88.1644,26.87354],[88.16663,26.8716],[88.16648,26.87063],[88.16949,26.86923],[88.17169,26.8695],[88.17238,26.86609],[88.17338,26.86567],[88.17167,26.86049],[88.17436,26.85975],[88.17349,26.85865],[88.17331,26.8556],[88.17458,26.85357],[88.17284,26.85206],[88.16984,26.85162],[88.16727,26.84999],[88.1676,26.84748],[88.17053,26.84538],[88.16946,26.84269],[88.16834,26.84196],[88.16741,26.83791],[88.16856,26.83663],[88.17128,26.83606],[88.1739,26.83414],[88.1738,26.83226],[88.17183,26.82997],[88.17238,26.82615],[88.17565,26.82219],[88.17879,26.81575],[88.17789,26.80996],[88.17825,26.80496],[88.17922,26.80064],[88.18026,26.79976],[88.18116,26.79332],[88.18771,26.77315],[88.18765,26.76603],[88.18978,26.75678],[88.18967,26.74955],[88.18928,26.74675],[88.18628,26.74109],[88.18591,26.73462],[88.18236,26.72757],[88.18309,26.72172],[88.18256,26.71964],[88.18026,26.71693],[88.17746,26.71101],[88.17354,26.70827],[88.17024,26.70212],[88.16752,26.69962],[88.16865,26.69752],[88.1679,26.69599],[88.16827,26.68798],[88.16767,26.68635],[88.16844,26.68442],[88.16488,26.67887],[88.16537,26.66757],[88.16436,26.66188],[88.16368,26.64613],[88.16109,26.64278],[88.15958,26.64264],[88.15841,26.64037],[88.16093,26.63679],[88.15853,26.63618],[88.15812,26.633],[88.15493,26.63066],[88.14722,26.62978],[88.14267,26.62599],[88.14096,26.62264],[88.14123,26.62092],[88.14023,26.61802],[88.14062,26.61335],[88.1392,26.61088],[88.13909,26.60647],[88.13564,26.6059],[88.12992,26.60129],[88.13173,26.59799],[88.13209,26.59319],[88.1301,26.58988],[88.13006,26.58543],[88.12913,26.58338],[88.12728,26.58186],[88.12984,26.57968],[88.13047,26.57708],[88.12988,26.57332],[88.12857,26.57274],[88.12575,26.57769],[88.1233,26.57731],[88.1231,26.57652],[88.12517,26.57502],[88.12418,26.57301],[88.12292,26.57228],[88.12081,26.57596],[88.1176,26.57455],[88.11855,26.57092],[88.11943,26.57021],[88.11906,26.56825],[88.11462,26.57014],[88.11453,26.57225],[88.11368,26.57269],[88.11252,26.57171],[88.11138,26.56844],[88.11281,26.56646],[88.11168,26.56492],[88.11243,26.56457],[88.11334,26.56516],[88.11443,26.56674],[88.11528,26.56614],[88.11346,26.56365],[88.11063,26.56192],[88.1138,26.5595],[88.11325,26.55807],[88.11142,26.55703],[88.10907,26.55715],[88.10761,26.56048],[88.10565,26.56083],[88.10561,26.55058],[88.10782,26.55043],[88.11012,26.54811],[88.11154,26.54529],[88.10857,26.54357],[88.10663,26.54122],[88.10388,26.54079],[88.10286,26.53964],[88.10094,26.53184],[88.10089,26.52876],[88.10172,26.52601],[88.10418,26.52273],[88.10428,26.52089],[88.10124,26.51629],[88.09658,26.5115],[88.09534,26.507],[88.09693,26.50449],[88.09917,26.50423],[88.09933,26.50146],[88.10055,26.49882],[88.09979,26.49754],[88.10059,26.49378],[88.10171,26.49278],[88.10309,26.49272],[88.10333,26.49041],[88.10539,26.49028],[88.10581,26.48914],[88.1046,26.48712],[88.10104,26.48411],[88.10021,26.47981],[88.10141,26.47871],[88.10539,26.47774],[88.10728,26.47556],[88.10686,26.47324],[88.10514,26.47224],[88.10193,26.47145],[88.09953,26.47266],[88.09773,26.47264],[88.09968,26.47034],[88.10153,26.47017],[88.10388,26.46782],[88.10369,26.46629],[88.10083,26.46467],[88.09397,26.4649],[88.09198,26.46304],[88.09692,26.45265],[88.09511,26.4379],[88.08836,26.43434],[88.08463,26.43019],[88.08377,26.42627],[88.07755,26.41901],[88.06948,26.41336],[88.07055,26.40813],[88.06836,26.40767],[88.0644,26.40852],[88.06405,26.41028],[88.06328,26.41071],[88.05962,26.40956],[88.05832,26.40718],[88.05673,26.40588],[88.05531,26.40579],[88.05582,26.40351],[88.05448,26.40093],[88.05264,26.40138],[88.05145,26.39941],[88.05074,26.40014],[88.04814,26.40008],[88.04742,26.4016],[88.04658,26.40004],[88.04508,26.39995],[88.04556,26.39884],[88.04747,26.39808],[88.04693,26.39737],[88.04455,26.39788],[88.04347,26.39578],[88.04118,26.39535],[88.04016,26.39414],[88.03813,26.39403],[88.03766,26.39165],[88.03561,26.39108],[88.03553,26.39232],[88.03478,26.39231],[88.03374,26.38749],[88.03238,26.38884],[88.03124,26.38861],[88.03157,26.38504],[88.03073,26.38231],[88.02989,26.38358],[88.0266,26.38278],[88.02719,26.38051],[88.02843,26.37975],[88.02812,26.37875],[88.02877,26.37825],[88.03039,26.37879],[88.03168,26.3774],[88.03049,26.37607],[88.02858,26.37573],[88.02604,26.37085],[88.03019,26.36504],[88.00721,26.36103],[88.00591,26.36193],[88.00598,26.36102],[88.00453,26.36487],[88.00282,26.36486],[88.00254,26.36591],[88.00158,26.36571],[88.00152,26.36658],[88.0011,26.36611],[88.00012,26.36692],[87.99948,26.36654],[87.99969,26.36552],[87.99834,26.36502],[87.99549,26.36574],[87.9955,26.3674],[87.99337,26.36871],[87.99348,26.37004],[87.99287,26.36942],[87.99131,26.37064],[87.99193,26.37138],[87.99168,26.39272],[87.96573,26.39731],[87.95295,26.4059],[87.93198,26.41819],[87.92692,26.41753],[87.92636,26.41822],[87.92588,26.42742],[87.92358,26.4287],[87.9168,26.43019],[87.91598,26.43164],[87.91621,26.4342],[87.91712,26.43531],[87.92246,26.43731],[87.92528,26.44042],[87.92556,26.445],[87.92338,26.44679],[87.89838,26.44894],[87.90944,26.45781],[87.90886,26.46082],[87.906,26.46508],[87.90001,26.47743],[87.88812,26.48695],[87.88569,26.47644],[87.86749,26.47009],[87.86321,26.46798],[87.86337,26.46596],[87.86252,26.46435],[87.86066,26.46378],[87.85798,26.4641],[87.85822,26.46125],[87.85941,26.45975],[87.85852,26.45938],[87.85817,26.45667],[87.85932,26.45485],[87.862,26.45318],[87.86162,26.45174],[87.86066,26.45131],[87.86145,26.44918],[87.85094,26.44532],[87.84865,26.43689],[87.82914,26.44024],[87.82819,26.44105],[87.82953,26.44984],[87.82295,26.45367],[87.81601,26.46006],[87.7928,26.469],[87.79091,26.46618],[87.78768,26.467],[87.78647,26.46557],[87.78481,26.46551],[87.78727,26.4621],[87.78925,26.46245],[87.78982,26.46188],[87.79013,26.45964],[87.78688,26.45947],[87.78628,26.46007],[87.78512,26.45939],[87.78498,26.45762],[87.78275,26.45809],[87.78013,26.45512],[87.78031,26.45396],[87.78107,26.45378],[87.78051,26.45235],[87.7797,26.45211],[87.77793,26.45366],[87.77621,26.45318],[87.77568,26.45231],[87.77691,26.451],[87.77667,26.45028],[87.77402,26.45031],[87.77249,26.44892],[87.77342,26.44755],[87.77502,26.44728],[87.77576,26.44768],[87.77556,26.44927],[87.77754,26.44905],[87.77763,26.44819],[87.7766,26.44732],[87.77561,26.44056],[87.77474,26.4399],[87.77281,26.44029],[87.77405,26.43823],[87.77454,26.43466],[87.77815,26.43481],[87.7779,26.43391],[87.77556,26.43264],[87.77693,26.43079],[87.77648,26.42925],[87.77518,26.42856],[87.7747,26.42688],[87.76935,26.42159],[87.76222,26.42044],[87.75773,26.41434],[87.7582,26.41168],[87.75996,26.40899],[87.75333,26.4081],[87.75301,26.41084],[87.75129,26.41088],[87.7494,26.41637],[87.74802,26.41731],[87.74588,26.41791],[87.73908,26.41775],[87.73369,26.40762],[87.7229,26.41261],[87.72427,26.41683],[87.7226,26.41699],[87.72039,26.42083],[87.71883,26.42088],[87.71847,26.42228],[87.71526,26.42189],[87.71244,26.42691],[87.71035,26.42681],[87.70823,26.42787],[87.69802,26.42858],[87.69214,26.4357],[87.67741,26.43562],[87.67794,26.41593],[87.65001,26.40601],[87.65171,26.39358],[87.6274,26.39384],[87.61202,26.39029],[87.60764,26.38185],[87.60579,26.38052],[87.58727,26.38175],[87.58718,26.38509],[87.58848,26.3891],[87.58764,26.39294],[87.57351,26.39599],[87.55283,26.40582],[87.54751,26.41848],[87.53378,26.42182],[87.51608,26.43087],[87.49402,26.43591],[87.46649,26.44028],[87.46391,26.43986],[87.44461,26.43302],[87.44321,26.43312],[87.42744,26.4225],[87.4189,26.42275],[87.38843,26.41913],[87.37585,26.407],[87.3686,26.40815],[87.35672,26.38942],[87.35582,26.38651],[87.35333,26.37212],[87.35822,26.3611],[87.34783,26.35176],[87.34094,26.34776],[87.3356,26.35231],[87.32182,26.36031],[87.31327,26.36773],[87.31223,26.3716],[87.30149,26.36623],[87.28936,26.37376],[87.28299,26.37274],[87.27339,26.3727],[87.26584,26.37396],[87.26427,26.38768],[87.26565,26.39063],[87.26608,26.40566],[87.26069,26.40942],[87.25614,26.41111],[87.2498,26.40936],[87.24919,26.4109],[87.24794,26.41137],[87.24757,26.414],[87.24684,26.41427],[87.2292,26.41368],[87.22862,26.41249],[87.22614,26.41087],[87.22642,26.40904],[87.2248,26.40845],[87.22376,26.40882],[87.22374,26.40581],[87.22241,26.40591],[87.22197,26.40485],[87.22088,26.40497],[87.22018,26.40341],[87.2188,26.40349],[87.21704,26.40689],[87.21132,26.40899],[87.21198,26.41087],[87.2112,26.41178],[87.21195,26.4129],[87.21129,26.41329],[87.18685,26.41426],[87.18857,26.4055],[87.17162,26.40335],[87.16166,26.40423],[87.13919,26.41477],[87.0915,26.45041],[87.08769,26.47026],[87.08002,26.52306],[87.07677,26.53494],[87.07266,26.54277],[87.07206,26.5587],[87.07302,26.57818],[87.07116,26.58602],[87.04462,26.58731],[87.04226,26.56832],[87.02652,26.54848],[87.01517,26.53198],[86.99012,26.52315],[86.9793,26.52516],[86.97485,26.52017],[86.96588,26.52242],[86.96576,26.52373],[86.9612,26.52398],[86.95934,26.52054],[86.94588,26.5207],[86.94388,26.51734],[86.93679,26.51786],[86.93184,26.51593],[86.93038,26.50851],[86.92769,26.50143],[86.92922,26.48903],[86.8941,26.48796],[86.8904,26.48257],[86.89316,26.47681],[86.89244,26.46877],[86.89536,26.4681],[86.8941,26.46197],[86.88474,26.46136],[86.8796,26.45767],[86.87657,26.45729],[86.87313,26.45445],[86.8705,26.45533],[86.8676,26.45466],[86.86306,26.45833],[86.85927,26.45475],[86.85662,26.44864],[86.84606,26.44888],[86.84546,26.44339],[86.843,26.44031],[86.83541,26.44129],[86.8334,26.43887],[86.79131,26.45051],[86.7689,26.45928],[86.76543,26.45936],[86.76321,26.45744],[86.76286,26.45519],[86.76475,26.45502],[86.76332,26.45378],[86.7646,26.45111],[86.76336,26.45038],[86.76029,26.45205],[86.76016,26.44818],[86.75897,26.44866],[86.75337,26.44701],[86.75235,26.44465],[86.75366,26.44364],[86.75341,26.44196],[86.74967,26.44189],[86.7473,26.43668],[86.74576,26.43552],[86.74557,26.43642],[86.7438,26.43573],[86.74454,26.43394],[86.74614,26.43326],[86.74586,26.43104],[86.74734,26.42879],[86.74279,26.42705],[86.74096,26.42466],[86.73916,26.42595],[86.73759,26.42558],[86.73702,26.4232],[86.73306,26.4246],[86.73088,26.42244],[86.72955,26.42319],[86.73064,26.42636],[86.72891,26.427],[86.7269,26.42469],[86.71993,26.43495],[86.69981,26.4374],[86.69984,26.4396],[86.69805,26.44334],[86.69603,26.44386],[86.69529,26.44555],[86.69638,26.44884],[86.69404,26.44951],[86.69388,26.45122],[86.68713,26.45176],[86.63902,26.4634],[86.6382,26.46584],[86.63389,26.46659],[86.63286,26.46472],[86.6312,26.46767],[86.62614,26.46869],[86.62611,26.47122],[86.62746,26.47481],[86.62728,26.47933],[86.62209,26.48095],[86.62194,26.4839],[86.61608,26.4843],[86.61427,26.48725],[86.61157,26.48617],[86.60887,26.4868],[86.58759,26.49376],[86.57959,26.49435],[86.57008,26.49652],[86.56857,26.4994],[86.5648,26.50029],[86.56503,26.50201],[86.56425,26.50226],[86.56395,26.5036],[86.56333,26.50351],[86.56399,26.5052],[86.56224,26.50816],[86.56162,26.50803],[86.56149,26.50982],[86.55494,26.51556],[86.55345,26.51822],[86.55426,26.51882],[86.55499,26.51741],[86.55566,26.51743],[86.5554,26.52132],[86.55454,26.52198],[86.55525,26.52388],[86.55431,26.52436],[86.55269,26.52379],[86.55115,26.52502],[86.55093,26.53029],[86.54739,26.53188],[86.54645,26.53442],[86.54476,26.53509],[86.54178,26.5387],[86.53066,26.54107],[86.52851,26.54281],[86.52136,26.54372],[86.51695,26.54077],[86.51564,26.53911],[86.49774,26.54236],[86.4914,26.54694],[86.45589,26.56762],[86.42906,26.57329],[86.39489,26.58515],[86.39719,26.59309],[86.35673,26.6041],[86.34133,26.6061],[86.33885,26.60976],[86.34205,26.61275],[86.34409,26.61672],[86.33306,26.61912],[86.30616,26.62017],[86.29285,26.61308],[86.27594,26.61731],[86.25301,26.6149],[86.25241,26.61554],[86.25333,26.61649],[86.25242,26.61719],[86.25055,26.61447],[86.24956,26.61426],[86.24921,26.61272],[86.24777,26.61234],[86.24905,26.60958],[86.24842,26.60877],[86.24646,26.60868],[86.24627,26.60757],[86.24532,26.60802],[86.24516,26.6094],[86.24394,26.60882],[86.24412,26.60625],[86.24252,26.60576],[86.24294,26.60279],[86.24152,26.60367],[86.23997,26.60338],[86.23964,26.6014],[86.23754,26.60183],[86.23722,26.59946],[86.23481,26.59834],[86.23419,26.59077],[86.23325,26.59229],[86.23103,26.5932],[86.2305,26.59143],[86.22955,26.59221],[86.22762,26.59109],[86.22399,26.59086],[86.22363,26.59146],[86.21729,26.58857],[86.21331,26.59062],[86.21282,26.59268],[86.20966,26.59231],[86.20764,26.59337],[86.20536,26.59666],[86.20166,26.59472],[86.20161,26.59689],[86.20086,26.59724],[86.19782,26.59317],[86.19584,26.59404],[86.19542,26.59619],[86.19668,26.59797],[86.19512,26.59846],[86.19664,26.60117],[86.19509,26.60611],[86.19548,26.60762],[86.19514,26.60855],[86.19181,26.60987],[86.19011,26.61182],[86.19115,26.61281],[86.1935,26.61124],[86.19418,26.61253],[86.19251,26.61476],[86.18653,26.61517],[86.18295,26.61393],[86.17601,26.61554],[86.17413,26.61389],[86.17241,26.6164],[86.17081,26.61694],[86.16794,26.61389],[86.16339,26.61418],[86.1614,26.61554],[86.15664,26.61289],[86.15617,26.61092],[86.15506,26.60986],[86.14943,26.61005],[86.14831,26.60872],[86.14548,26.60867],[86.14389,26.60599],[86.14235,26.60525],[86.1358,26.6064],[86.13894,26.61565],[86.13961,26.61674],[86.14086,26.6169],[86.13874,26.62894],[86.11904,26.62999],[86.10257,26.6365],[86.07525,26.64925],[86.07279,26.65121],[86.06916,26.6575],[86.05471,26.65993],[86.02688,26.66676],[86.02707,26.66563],[86.02586,26.66442],[86.02242,26.66404],[86.01865,26.66115],[86.01342,26.66065],[86.01269,26.6596],[86.01173,26.65997],[86.01155,26.65924],[86.01284,26.65823],[86.01145,26.65681],[86.01113,26.65451],[86.00957,26.65565],[86.00781,26.65505],[86.00499,26.6567],[86.00438,26.65531],[86.00264,26.65636],[86.0003,26.65487],[85.99503,26.6559],[85.99429,26.6549],[85.99065,26.65662],[85.9811,26.65705],[85.97944,26.6582],[85.97693,26.65775],[85.97507,26.65849],[85.97515,26.65751],[85.97391,26.65711],[85.97291,26.65466],[85.96947,26.65531],[85.9699,26.65355],[85.96767,26.65304],[85.96748,26.65147],[85.96681,26.65219],[85.96538,26.65175],[85.96496,26.65284],[85.96353,26.65223],[85.96262,26.65006],[85.95991,26.65096],[85.95981,26.64934],[85.95884,26.64865],[85.95608,26.64897],[85.95525,26.64513],[85.95323,26.6436],[85.95337,26.63818],[85.95223,26.63734],[85.95546,26.62989],[85.95237,26.62661],[85.95112,26.62378],[85.95045,26.62367],[85.94935,26.6252],[85.94873,26.6249],[85.94882,26.62269],[85.9474,26.62305],[85.94549,26.6209],[85.94611,26.61863],[85.94564,26.61745],[85.94742,26.61646],[85.9461,26.61455],[85.94778,26.61531],[85.94875,26.61487],[85.94668,26.61276],[85.94109,26.61357],[85.93886,26.61475],[85.93808,26.6166],[85.93697,26.61668],[85.93426,26.61576],[85.93181,26.61316],[85.9314,26.61616],[85.92988,26.61573],[85.92886,26.61688],[85.92787,26.6166],[85.92774,26.61572],[85.92927,26.6142],[85.92889,26.61307],[85.92774,26.6138],[85.92651,26.61342],[85.92694,26.61095],[85.92633,26.60943],[85.92458,26.61011],[85.92191,26.60913],[85.92032,26.61041],[85.91902,26.60915],[85.91363,26.60883],[85.91349,26.60729],[85.91241,26.60642],[85.91318,26.60528],[85.91285,26.6045],[85.90949,26.60477],[85.90584,26.60312],[85.90531,26.60163],[85.90229,26.60132],[85.90258,26.60007],[85.90008,26.60033],[85.90138,26.59689],[85.9011,26.59546],[85.89969,26.59428],[85.89688,26.59467],[85.89572,26.59358],[85.8952,26.59494],[85.89347,26.59517],[85.89129,26.59443],[85.89083,26.59357],[85.8923,26.59012],[85.89182,26.58916],[85.88883,26.5891],[85.88959,26.58762],[85.88852,26.58684],[85.88822,26.58355],[85.88514,26.58222],[85.88197,26.5843],[85.8786,26.58379],[85.87856,26.58311],[85.87936,26.58293],[85.8791,26.58189],[85.87537,26.58113],[85.87283,26.57835],[85.87057,26.57956],[85.8689,26.57776],[85.86912,26.57618],[85.86751,26.57442],[85.8584,26.56875],[85.85828,26.5711],[85.85622,26.57191],[85.85317,26.57049],[85.85207,26.56837],[85.85036,26.5684],[85.84902,26.56879],[85.84841,26.57712],[85.8578,26.58994],[85.85087,26.60861],[85.83106,26.6113],[85.83035,26.60168],[85.81732,26.60292],[85.80332,26.61492],[85.80148,26.62433],[85.7695,26.62991],[85.75924,26.63648],[85.74854,26.63888],[85.73713,26.64917],[85.73663,26.65083],[85.73542,26.65158],[85.73516,26.65076],[85.73423,26.65067],[85.73531,26.65257],[85.73387,26.65264],[85.7341,26.65353],[85.73229,26.65388],[85.73226,26.65581],[85.73362,26.65591],[85.73488,26.6575],[85.73644,26.66431],[85.73002,26.66582],[85.73055,26.66776],[85.72903,26.66733],[85.7255,26.67054],[85.72658,26.67399],[85.7235,26.6743],[85.72482,26.67864],[85.72397,26.68239],[85.72531,26.68476],[85.72451,26.68652],[85.72382,26.68606],[85.72324,26.68696],[85.7243,26.69251],[85.72502,26.69299],[85.72393,26.69429],[85.72516,26.69537],[85.72522,26.69721],[85.72315,26.69986],[85.72465,26.70034],[85.72422,26.70292],[85.72626,26.70685],[85.72488,26.70709],[85.7247,26.71014],[85.72599,26.71135],[85.72792,26.71762],[85.72582,26.71924],[85.72551,26.72124],[85.72806,26.72429],[85.72792,26.72508],[85.72935,26.72523],[85.7285,26.72879],[85.73132,26.73065],[85.73103,26.73154],[85.73011,26.73123],[85.73066,26.73293],[85.72923,26.7335],[85.73045,26.73618],[85.73189,26.73728],[85.73378,26.73756],[85.72866,26.74992],[85.73504,26.77977],[85.73441,26.79598],[85.72873,26.80263],[85.72876,26.80818],[85.72092,26.82044],[85.70404,26.83223],[85.68023,26.84338],[85.64223,26.85323],[85.63441,26.87219],[85.62387,26.87388],[85.60632,26.85701],[85.5893,26.84955],[85.58691,26.85061],[85.58707,26.85279],[85.58495,26.85648],[85.58156,26.85848],[85.58035,26.85808],[85.58002,26.85703],[85.57816,26.85655],[85.57827,26.85911],[85.57537,26.86106],[85.57199,26.85735],[85.56576,26.84111],[85.5576,26.84427],[85.55347,26.83455],[85.5431,26.8383],[85.51962,26.8145],[85.50751,26.8167],[85.49786,26.81229],[85.49827,26.81046],[85.4965,26.80981],[85.49792,26.80789],[85.49656,26.8041],[85.49682,26.80293],[85.49654,26.80237],[85.49477,26.80255],[85.49627,26.80004],[85.49538,26.79731],[85.47952,26.80247],[85.47862,26.80016],[85.47855,26.79422],[85.4773,26.79277],[85.47326,26.79027],[85.46964,26.78926],[85.46638,26.78927],[85.46472,26.78796],[85.46486,26.78897],[85.4639,26.7887],[85.45751,26.78468],[85.45809,26.78373],[85.4554,26.7831],[85.45424,26.78185],[85.45284,26.78263],[85.45163,26.78145],[85.43237,26.79024],[85.43024,26.78741],[85.42617,26.7861],[85.42227,26.78728],[85.41736,26.79081],[85.40756,26.79142],[85.4023,26.7828],[85.3978,26.77886],[85.39243,26.77565],[85.38431,26.77442],[85.37705,26.7628],[85.37523,26.76122],[85.37392,26.76099],[85.37061,26.75852],[85.36424,26.76007],[85.36144,26.76291],[85.35557,26.7604],[85.3444,26.7509],[85.33964,26.74545],[85.33573,26.74225],[85.33407,26.74191],[85.3241,26.74559],[85.32313,26.74512],[85.31927,26.74936],[85.31532,26.74954],[85.30672,26.75214],[85.27218,26.7542],[85.26056,26.75551],[85.25749,26.75614],[85.24892,26.76017],[85.24031,26.76196],[85.23249,26.76256],[85.21846,26.75891],[85.21201,26.75818],[85.20592,26.76144],[85.20094,26.76874],[85.19705,26.76993],[85.19147,26.78208],[85.19378,26.7829],[85.19453,26.78454],[85.19266,26.79074],[85.18884,26.79154],[85.18642,26.79099],[85.1857,26.79212],[85.18656,26.79509],[85.18515,26.79557],[85.18304,26.79482],[85.18031,26.7959],[85.17924,26.79844],[85.18234,26.80079],[85.1765,26.81026],[85.17714,26.81526],[85.18493,26.82248],[85.18681,26.8258],[85.18877,26.82707],[85.19116,26.83139],[85.19265,26.83881],[85.19084,26.84918],[85.1931,26.86393],[85.19194,26.86874],[85.19074,26.8699],[85.18455,26.87007],[85.1657,26.86869],[85.15399,26.87069],[85.13985,26.87119],[85.136,26.86939],[85.13494,26.86789],[85.12517,26.87027],[85.12404,26.87148],[85.11104,26.87244],[85.11008,26.87131],[85.10505,26.87175],[85.10474,26.87093],[85.09923,26.87123],[85.09584,26.86722],[85.09099,26.86776],[85.09011,26.86856],[85.0897,26.86786],[85.0887,26.86808],[85.08816,26.86701],[85.0864,26.8671],[85.08566,26.86439],[85.08932,26.86046],[85.08908,26.85965],[85.08704,26.85865],[85.08776,26.85736],[85.08729,26.85651],[85.08484,26.85527],[85.08535,26.85421],[85.08715,26.85379],[85.08731,26.85281],[85.08371,26.8542],[85.08375,26.8566],[85.08075,26.85524],[85.07728,26.85874],[85.07677,26.85776],[85.07825,26.85627],[85.07708,26.85599],[85.07671,26.85662],[85.0762,26.85572],[85.07378,26.85587],[85.07054,26.85394],[85.06878,26.85452],[85.06652,26.85369],[85.06588,26.85045],[85.06386,26.8495],[85.06229,26.85019],[85.06295,26.85084],[85.06178,26.85278],[85.06221,26.85456],[85.06126,26.8553],[85.05991,26.85369],[85.05897,26.85405],[85.05851,26.85531],[85.05726,26.85469],[85.05691,26.85128],[85.05858,26.85055],[85.05731,26.84918],[85.02409,26.8544],[85.02282,26.85544],[85.02337,26.85686],[85.02711,26.85754],[85.02752,26.85853],[85.02946,26.85899],[85.02996,26.85993],[85.02989,26.86167],[85.02822,26.86218],[85.02762,26.86333],[85.02714,26.86687],[85.02771,26.86764],[85.03085,26.86799],[85.02788,26.87094],[85.02884,26.87273],[85.02899,26.87558],[85.03163,26.87454],[85.03548,26.87444],[85.03757,26.87521],[85.03784,26.87617],[85.03696,26.87734],[85.03812,26.87757],[85.04056,26.87419],[85.04174,26.87418],[85.04251,26.87446],[85.04201,26.8773],[85.04361,26.87949],[85.04465,26.87972],[85.04702,26.87806],[85.05328,26.8807],[85.05274,26.88165],[85.04959,26.88208],[85.04876,26.88464],[85.05096,26.88287],[85.05372,26.88406],[85.05635,26.88073],[85.06004,26.88372],[85.06084,26.88576],[85.06031,26.88604],[85.05923,26.88461],[85.05703,26.88503],[85.05515,26.88667],[85.05154,26.88704],[85.05319,26.88894],[85.04952,26.8898],[85.03197,26.89173],[85.02236,26.89171],[85.01922,26.89323],[85.00415,26.89505],[84.99283,26.90305],[84.9931,26.90567],[84.9958,26.90671],[84.99743,26.90521],[85.00109,26.9042],[85.00167,26.90328],[85.00238,26.90357],[85.00163,26.90571],[85.00053,26.90606],[85.00033,26.9087],[85.00127,26.91],[84.99992,26.91192],[84.96916,26.91644],[84.96872,26.91679],[84.97166,26.9225],[84.96993,26.92461],[84.97168,26.92711],[84.97036,26.92889],[84.97263,26.92952],[84.97448,26.93179],[84.97664,26.93143],[84.97728,26.93207],[84.97729,26.93395],[84.97836,26.93465],[84.97864,26.93655],[84.97499,26.93914],[84.97591,26.93995],[84.9784,26.94011],[84.96783,26.95492],[84.96608,26.9564],[84.96626,26.95827],[84.96449,26.9581],[84.96306,26.95901],[84.9625,26.96052],[84.95732,26.96091],[84.95579,26.95991],[84.95347,26.96007],[84.9372,26.96651],[84.9293,26.96877],[84.92751,26.96787],[84.92453,26.9682],[84.92365,26.96761],[84.91742,26.96909],[84.90932,26.96809],[84.90163,26.97032],[84.90063,26.96979],[84.899,26.97012],[84.89662,26.97315],[84.89156,26.97221],[84.89197,26.96965],[84.88999,26.97175],[84.88826,26.97753],[84.87742,26.98002],[84.86918,26.98287],[84.86883,26.98399],[84.86637,26.98355],[84.8643,26.9846],[84.86185,26.98736],[84.85936,26.98757],[84.85833,26.98952],[84.85712,26.98875],[84.85792,26.98678],[84.85624,26.98538],[84.85541,26.98552],[84.85533,26.9887],[84.8576,26.99029],[84.85525,26.99152],[84.85464,26.99343],[84.85515,26.99379],[84.85707,26.99167],[84.85787,26.99431],[84.85709,26.99566],[84.85797,26.9961],[84.85539,26.99631],[84.85739,26.99726],[84.85719,26.99854],[84.85489,26.998],[84.85343,26.99921],[84.85281,26.99887],[84.85303,26.99778],[84.8518,26.99866],[84.8502,26.99809],[84.85109,27.0007],[84.8524,27.00115],[84.85232,27.00217],[84.85083,27.00284],[84.85218,27.0056],[84.85452,27.00633],[84.8541,27.00837],[84.83784,27.01446],[84.83286,27.01695],[84.8297,27.0195],[84.82539,27.02098],[84.81945,27.02163],[84.81759,27.01998],[84.81251,27.01849],[84.80822,27.01629],[84.80683,27.01485],[84.80678,27.01363],[84.80843,27.01353],[84.80989,27.01508],[84.81003,27.01274],[84.80925,27.01118],[84.80835,27.01121],[84.8077,27.01223],[84.80654,27.01149],[84.80612,27.00955],[84.80725,27.00821],[84.80712,27.00713],[84.80164,27.00524],[84.80027,27.00087],[84.79956,27.00116],[84.79862,27.00381],[84.79708,27.00416],[84.79704,27.00326],[84.7959,27.00305],[84.79625,27.00071],[84.79462,26.99926],[84.79384,26.996],[84.79324,26.99588],[84.79058,26.99718],[84.79121,26.99967],[84.78977,26.99916],[84.78945,26.99738],[84.78844,26.99703],[84.78827,26.99878],[84.78618,26.99862],[84.78765,27.00331],[84.78673,27.00537],[84.78853,27.00596],[84.78776,27.00761],[84.78903,27.00867],[84.78874,27.00955],[84.78729,27.0087],[84.78556,27.01102],[84.78567,27.00779],[84.78435,27.00753],[84.78219,27.01183],[84.78252,27.01426],[84.77331,27.01773],[84.77179,27.01776],[84.76823,27.01489],[84.76443,27.01318],[84.76388,27.01049],[84.76204,27.00889],[84.76101,27.00574],[84.75753,27.00276],[84.73299,27.01424],[84.72921,27.01497],[84.72782,27.01351],[84.72126,27.01415],[84.71931,27.01537],[84.71886,27.01751],[84.71711,27.01737],[84.71647,27.01981],[84.71454,27.01959],[84.7147,27.02074],[84.71318,27.02184],[84.71178,27.02122],[84.7095,27.02143],[84.70254,27.02669],[84.68007,27.03219],[84.6433,27.04617],[84.64265,27.04867],[84.64444,27.04896],[84.64317,27.05092],[84.64613,27.05122],[84.6463,27.05209],[84.64517,27.05416],[84.64545,27.05516],[84.64437,27.05634],[84.64566,27.05863],[84.64398,27.05856],[84.64276,27.05978],[84.64448,27.06176],[84.64403,27.06281],[84.64531,27.06386],[84.64311,27.06602],[84.64458,27.06663],[84.64572,27.07006],[84.64737,27.07116],[84.6462,27.0758],[84.64729,27.07636],[84.64834,27.07483],[84.64921,27.07701],[84.65086,27.07711],[84.65182,27.07846],[84.65287,27.07754],[84.65323,27.07867],[84.65223,27.08019],[84.65281,27.08071],[84.65567,27.07924],[84.65836,27.07976],[84.65879,27.08054],[84.65825,27.08116],[84.6539,27.08209],[84.65474,27.08406],[84.65528,27.08432],[84.65743,27.08274],[84.65861,27.08461],[84.66141,27.08534],[84.66258,27.08653],[84.66396,27.08598],[84.66467,27.0864],[84.66293,27.08931],[84.66602,27.08769],[84.66652,27.09054],[84.66871,27.08972],[84.67031,27.09113],[84.66941,27.09203],[84.6684,27.09185],[84.66798,27.09273],[84.66373,27.09248],[84.66433,27.09459],[84.66712,27.09339],[84.66684,27.09436],[84.66901,27.09541],[84.66955,27.09829],[84.67367,27.09596],[84.6745,27.09656],[84.67424,27.0994],[84.67513,27.10078],[84.67275,27.10578],[84.67403,27.10898],[84.6728,27.1092],[84.66983,27.10702],[84.66883,27.10924],[84.67116,27.112],[84.67118,27.11346],[84.67673,27.11517],[84.67685,27.11931],[84.6754,27.12082],[84.67532,27.12308],[84.6756,27.12384],[84.67773,27.12462],[84.67724,27.12549],[84.67845,27.1261],[84.67763,27.12677],[84.67887,27.12754],[84.67787,27.12956],[84.67927,27.13262],[84.67873,27.13312],[84.67764,27.13257],[84.67735,27.1336],[84.67965,27.13558],[84.6838,27.14293],[84.68313,27.14485],[84.68351,27.15013],[84.68228,27.15009],[84.68077,27.15114],[84.68068,27.15238],[84.68293,27.15279],[84.68228,27.1537],[84.6865,27.1581],[84.6865,27.15895],[84.68428,27.16069],[84.6816,27.15921],[84.67733,27.16201],[84.67683,27.16328],[84.67764,27.16648],[84.68041,27.16724],[84.68038,27.16994],[84.67565,27.17022],[84.67541,27.17136],[84.68355,27.17761],[84.68365,27.17825],[84.68135,27.17955],[84.68162,27.1802],[84.68551,27.18043],[84.68335,27.18228],[84.68441,27.18279],[84.68353,27.18446],[84.68154,27.1836],[84.68128,27.18627],[84.67962,27.18552],[84.67961,27.18657],[84.68147,27.18753],[84.68266,27.19024],[84.68256,27.19299],[84.6837,27.19668],[84.683,27.1985],[84.68073,27.20087],[84.68315,27.20334],[84.68404,27.20569],[84.68583,27.20625],[84.68565,27.20875],[84.68709,27.20949],[84.68441,27.21306],[84.68612,27.21329],[84.68735,27.2153],[84.69088,27.21493],[84.68907,27.21942],[84.68933,27.22291],[84.68831,27.22407],[84.68665,27.22435],[84.68469,27.22716],[84.68522,27.22955],[84.68455,27.23141],[84.6834,27.23226],[84.68203,27.23671],[84.68054,27.238],[84.67847,27.24303],[84.64748,27.29887],[84.63535,27.31843],[84.62269,27.33592],[84.61955,27.33753],[84.61667,27.33827],[84.61221,27.33687],[84.60869,27.33747],[84.60673,27.33653],[84.60222,27.33877],[84.58665,27.34154],[84.58408,27.34298],[84.58079,27.34318],[84.56524,27.34804],[84.56195,27.34771],[84.55496,27.34914],[84.5476,27.34901],[84.53839,27.35086],[84.53385,27.35037],[84.53127,27.35135],[84.52731,27.35122],[84.52564,27.35232],[84.52278,27.3524],[84.52016,27.3534],[84.51321,27.35311],[84.5107,27.35452],[84.50409,27.35458],[84.50204,27.35594],[84.48623,27.35891],[84.47727,27.36303],[84.4756,27.36295],[84.47282,27.35918],[84.47292,27.35774],[84.47207,27.35673],[84.46988,27.35613],[84.46602,27.35807],[84.46432,27.36097],[84.46181,27.36046],[84.4587,27.36187],[84.45745,27.36335],[84.44815,27.36423],[84.44605,27.36507],[84.44499,27.36574],[84.44377,27.36944],[84.44098,27.37119],[84.43611,27.37043],[84.43078,27.37222],[84.42765,27.37209],[84.42342,27.37307],[84.42026,27.37074],[84.41728,27.37075],[84.41582,27.37188],[84.41307,27.37174],[84.41037,27.36948],[84.40586,27.3717],[84.39894,27.37045],[84.39666,27.37154],[84.39123,27.36914],[84.38944,27.37168],[84.3864,27.37383],[84.37736,27.37637],[84.37209,27.37665],[84.36681,27.37451],[84.36431,27.37458],[84.36235,27.37559],[84.36,27.37457],[84.35609,27.37566],[84.35343,27.37498],[84.34704,27.37555],[84.33854,27.37831],[84.33243,27.37829],[84.32724,27.38123],[84.32394,27.38132],[84.31691,27.38303],[84.31273,27.38635],[84.30575,27.38826],[84.30025,27.39112],[84.29894,27.3899],[84.29744,27.38971],[84.29571,27.38602],[84.29396,27.38492],[84.28999,27.38705],[84.28484,27.39255],[84.28295,27.39686],[84.28105,27.39744],[84.27746,27.39609],[84.27627,27.3967],[84.27518,27.40155],[84.27808,27.40465],[84.27895,27.40753],[84.27767,27.41038],[84.27846,27.41491],[84.27761,27.41716],[84.2732,27.42258],[84.27231,27.42612],[84.27267,27.42925],[84.26929,27.43116],[84.26631,27.43458],[84.26233,27.43552],[84.25996,27.4376],[84.2586,27.43975],[84.25867,27.44293],[84.25975,27.44599],[84.25464,27.45016],[84.25408,27.45283],[84.2508,27.45376],[84.24647,27.45321],[84.24422,27.45519],[84.24214,27.45482],[84.23946,27.45279],[84.23362,27.45443],[84.23187,27.45636],[84.23091,27.45639],[84.22789,27.45264],[84.22644,27.45153],[84.22337,27.45077],[84.22024,27.44806],[84.22105,27.44289],[84.21931,27.44093],[84.21562,27.4423],[84.20954,27.44211],[84.20781,27.44284],[84.20631,27.44587],[84.20816,27.45347],[84.20728,27.45445],[84.20769,27.45687],[84.20413,27.45921],[84.20597,27.46273],[84.2088,27.46514],[84.2088,27.46591],[84.20723,27.4669],[84.20576,27.46957],[84.19887,27.47227],[84.19534,27.47225],[84.19415,27.47321],[84.1908,27.46953],[84.18806,27.47253],[84.18391,27.47245],[84.18236,27.47411],[84.1812,27.47398],[84.17961,27.47494],[84.17761,27.47413],[84.17599,27.47431],[84.17316,27.47616],[84.17132,27.47629],[84.17139,27.4788],[84.16802,27.47967],[84.16699,27.48192],[84.16418,27.48408],[84.15936,27.48487],[84.1578,27.48426],[84.15399,27.48454],[84.1521,27.48638],[84.14891,27.48629],[84.149,27.48891],[84.14566,27.49358],[84.14569,27.49524],[84.14469,27.49665],[84.14976,27.50095],[84.14863,27.50291],[84.14927,27.50444],[84.14886,27.50595],[84.14969,27.50688],[84.14933,27.50923],[84.15041,27.50984],[84.15006,27.51226],[84.15086,27.51658],[84.14943,27.51646],[84.14555,27.5187],[84.144,27.51718],[84.14269,27.51706],[84.14196,27.51781],[84.13786,27.51734],[84.13695,27.51589],[84.13336,27.51467],[84.13027,27.51204],[84.12363,27.51115],[84.1178,27.51338],[84.11732,27.51883],[84.11057,27.51982],[84.1094,27.52038],[84.10891,27.52161],[84.10562,27.52117],[84.10342,27.51894],[84.10041,27.51744],[84.0986,27.51733],[84.09723,27.51632],[84.09953,27.51241],[84.0997,27.50873],[84.09845,27.50794],[84.09887,27.50552],[84.09751,27.50467],[84.09853,27.501],[84.09616,27.49403],[84.09592,27.49065],[84.09473,27.48924],[84.09105,27.48897],[84.09111,27.48698],[84.08387,27.4833],[84.08089,27.48371],[84.08005,27.48447],[84.07775,27.48434],[84.07317,27.48062],[84.07146,27.4809],[84.07113,27.48203],[84.07029,27.48158],[84.06785,27.47679],[84.06822,27.47339],[84.06699,27.47224],[84.06682,27.4701],[84.063,27.46827],[84.06065,27.46222],[84.05819,27.46217],[84.05862,27.45915],[84.0612,27.45726],[84.06117,27.45588],[84.05822,27.45401],[84.05828,27.45236],[84.05426,27.44962],[84.05186,27.44343],[84.03959,27.44338],[84.03731,27.44296],[84.03622,27.44141],[84.03179,27.44165],[84.0309,27.43882],[84.0281,27.43983],[84.02572,27.4387],[84.02558,27.43774],[84.0274,27.43549],[84.02688,27.43337],[84.02522,27.43451],[84.02416,27.43284],[84.0233,27.43269],[84.02099,27.43366],[84.01888,27.43634],[84.01752,27.43476],[84.01563,27.43468],[84.01393,27.43735],[84.00876,27.43765],[84.00851,27.44048],[84.00529,27.43977],[84.00591,27.44105],[84.00495,27.44248],[84.00364,27.44137],[84.00314,27.44244],[84.00238,27.44243],[84.0012,27.4405],[83.99946,27.44225],[83.99793,27.4414],[83.99724,27.44193],[83.99766,27.44283],[83.99682,27.44583],[83.99574,27.44641],[83.99199,27.44445],[83.98379,27.44374],[83.97764,27.43902],[83.97714,27.43946],[83.97811,27.44239],[83.97454,27.44318],[83.97122,27.44268],[83.97004,27.44385],[83.97016,27.44531],[83.96779,27.44684],[83.96018,27.44438],[83.95753,27.44238],[83.95227,27.44297],[83.9482,27.44223],[83.94594,27.44294],[83.94221,27.44858],[83.93991,27.44772],[83.9316,27.44838],[83.92302,27.44395],[83.91639,27.43949],[83.90426,27.43757],[83.89715,27.43803],[83.87885,27.4345],[83.87387,27.43459],[83.86293,27.42803],[83.85997,27.42028],[83.86024,27.41685],[83.86459,27.4001],[83.86603,27.3804],[83.8649,27.37118],[83.86078,27.36447],[83.85578,27.35187],[83.82938,27.37044],[83.62945,27.46305],[83.61453,27.46922],[83.38891,27.47976],[83.38896,27.47902],[83.39177,27.47803],[83.39215,27.47614],[83.38871,27.4732],[83.38851,27.47057],[83.39032,27.47111],[83.39349,27.46948],[83.3953,27.46972],[83.39506,27.46684],[83.39776,27.46547],[83.39945,27.4657],[83.40101,27.46735],[83.4024,27.46618],[83.39966,27.46374],[83.39995,27.45938],[83.40178,27.45704],[83.3987,27.44917],[83.39611,27.44699],[83.39486,27.44641],[83.39108,27.44655],[83.38985,27.44483],[83.38385,27.44269],[83.38378,27.44121],[83.38543,27.4407],[83.38623,27.4395],[83.38591,27.43801],[83.38447,27.43769],[83.38404,27.43668],[83.38659,27.43301],[83.39155,27.42978],[83.3915,27.42822],[83.39315,27.42473],[83.39457,27.42413],[83.39555,27.42254],[83.40089,27.421],[83.40084,27.42015],[83.39928,27.42018],[83.39941,27.41915],[83.40175,27.41966],[83.40549,27.41865],[83.40707,27.41535],[83.40754,27.41491],[83.40882,27.41546],[83.40939,27.41474],[83.4094,27.41248],[83.4062,27.41183],[83.40642,27.40899],[83.40538,27.40534],[83.40405,27.4042],[83.40249,27.40092],[83.40036,27.39983],[83.39962,27.39854],[83.39703,27.39779],[83.39607,27.39573],[83.39236,27.39572],[83.38843,27.39183],[83.38455,27.39031],[83.38474,27.38612],[83.38791,27.3835],[83.3863,27.38028],[83.38783,27.37557],[83.38256,27.37079],[83.37741,27.3697],[83.37451,27.37],[83.37273,27.36728],[83.37221,27.36411],[83.37368,27.36169],[83.37376,27.35725],[83.3701,27.35812],[83.36797,27.35569],[83.36388,27.35542],[83.36133,27.35245],[83.35792,27.35093],[83.35916,27.34824],[83.35918,27.34311],[83.35636,27.3445],[83.3542,27.34405],[83.35072,27.34228],[83.35246,27.34096],[83.35252,27.34002],[83.34935,27.33991],[83.34684,27.33845],[83.34389,27.33823],[83.34391,27.33647],[83.34257,27.33465],[83.3405,27.33472],[83.33764,27.33275],[83.33515,27.33381],[83.33163,27.33276],[83.32931,27.3344],[83.32699,27.33415],[83.32623,27.33522],[83.32493,27.33546],[83.3244,27.33685],[83.32183,27.3366],[83.31812,27.33745],[83.31775,27.33669],[83.31873,27.33617],[83.31554,27.33345],[83.31571,27.33226],[83.31764,27.33128],[83.31719,27.33016],[83.31571,27.33152],[83.31102,27.3323],[83.30809,27.33367],[83.30474,27.33149],[83.30021,27.33472],[83.29439,27.33349],[83.29438,27.33493],[83.2916,27.33498],[83.2925,27.33629],[83.27247,27.35267],[83.26531,27.36549],[83.2722,27.38345],[83.24013,27.40641],[83.22577,27.41174],[83.21847,27.41661],[83.21113,27.42351],[83.19591,27.44642],[83.1879,27.45438],[83.17612,27.45526],[83.16516,27.45748],[83.07888,27.45299],[83.06686,27.45118],[83.03463,27.44878],[83.01887,27.45398],[82.96623,27.46422],[82.95414,27.46778],[82.94465,27.477],[82.93961,27.49109],[82.92935,27.50124],[82.91329,27.50138],[82.87946,27.49859],[82.86592,27.49859],[82.84794,27.49948],[82.83256,27.502],[82.80166,27.49642],[82.78505,27.50006],[82.73557,27.50235],[82.7351,27.50809],[82.73767,27.50855],[82.73654,27.50952],[82.73743,27.51225],[82.73658,27.51303],[82.73755,27.51364],[82.73632,27.51498],[82.7367,27.51784],[82.73887,27.51858],[82.74088,27.51804],[82.7411,27.51692],[82.74313,27.51655],[82.74194,27.52081],[82.74304,27.5212],[82.74303,27.52053],[82.74481,27.51977],[82.7464,27.52073],[82.74708,27.51934],[82.74968,27.52252],[82.74748,27.52284],[82.74763,27.52389],[82.74927,27.52467],[82.7479,27.52694],[82.74635,27.52568],[82.74705,27.52769],[82.74516,27.5285],[82.74719,27.53009],[82.74712,27.53141],[82.74615,27.53022],[82.74431,27.52962],[82.74552,27.53118],[82.74503,27.53217],[82.74442,27.53238],[82.7439,27.53141],[82.7433,27.53237],[82.74206,27.53172],[82.74274,27.53347],[82.74448,27.53386],[82.74386,27.53581],[82.74159,27.53547],[82.74061,27.53665],[82.74081,27.53722],[82.74187,27.53688],[82.74227,27.53887],[82.74131,27.53949],[82.74325,27.54111],[82.74182,27.54101],[82.74118,27.54248],[82.74263,27.54301],[82.7407,27.54447],[82.74191,27.54553],[82.74177,27.54626],[82.73912,27.54507],[82.73781,27.54637],[82.73843,27.54803],[82.74073,27.54907],[82.74093,27.54991],[82.73852,27.55024],[82.73819,27.55183],[82.7408,27.55172],[82.74156,27.55376],[82.74376,27.5529],[82.74886,27.55607],[82.74867,27.55678],[82.74377,27.55854],[82.74238,27.56044],[82.74424,27.56266],[82.74816,27.56273],[82.74748,27.57388],[82.751,27.57632],[82.75347,27.58487],[82.75565,27.58889],[82.75604,27.59244],[82.75519,27.59397],[82.75395,27.59441],[82.74706,27.59356],[82.74466,27.59519],[82.74361,27.59651],[82.74375,27.59787],[82.74519,27.59896],[82.74841,27.59957],[82.74852,27.6006],[82.74649,27.60235],[82.74235,27.60277],[82.73928,27.60428],[82.73833,27.60671],[82.73595,27.60877],[82.73502,27.61101],[82.73825,27.61497],[82.73608,27.61672],[82.73372,27.61681],[82.73243,27.61829],[82.73632,27.61983],[82.73679,27.62205],[82.73956,27.62375],[82.74043,27.62534],[82.73619,27.62548],[82.73283,27.62846],[82.73283,27.62951],[82.73393,27.63032],[82.73564,27.62954],[82.73738,27.62968],[82.74002,27.6318],[82.73628,27.63296],[82.73356,27.63213],[82.73276,27.63058],[82.73121,27.63153],[82.73132,27.63319],[82.73589,27.63488],[82.73847,27.63741],[82.73528,27.64184],[82.73632,27.64365],[82.73598,27.64608],[82.73382,27.64636],[82.73239,27.64506],[82.73187,27.64322],[82.7299,27.64302],[82.73023,27.64512],[82.73249,27.64624],[82.73099,27.64896],[82.73205,27.65169],[82.73167,27.65385],[82.72889,27.65152],[82.72762,27.65148],[82.72802,27.65415],[82.72714,27.65601],[82.72736,27.65751],[82.72461,27.65907],[82.72122,27.65504],[82.71961,27.65494],[82.7183,27.65659],[82.72,27.65886],[82.72224,27.65982],[82.72252,27.6607],[82.72161,27.66224],[82.71995,27.66161],[82.71379,27.66222],[82.71237,27.66297],[82.71339,27.66429],[82.71561,27.66414],[82.71847,27.66728],[82.71813,27.6685],[82.71339,27.66893],[82.71286,27.66954],[82.71388,27.67205],[82.71304,27.67514],[82.71379,27.67772],[82.71494,27.67819],[82.71746,27.67721],[82.71929,27.67866],[82.71754,27.68055],[82.7185,27.68569],[82.71585,27.68723],[82.71814,27.68944],[82.7151,27.69204],[82.70811,27.69588],[82.70748,27.69842],[82.70821,27.6992],[82.70434,27.70392],[82.70506,27.70549],[82.70463,27.7087],[82.70725,27.71261],[82.70883,27.72043],[82.70845,27.72261],[82.70777,27.72293],[82.70782,27.72174],[82.70521,27.71675],[82.70213,27.71631],[82.69937,27.72228],[82.69526,27.7182],[82.68909,27.71521],[82.68069,27.714],[82.67095,27.71446],[82.66602,27.71595],[82.66376,27.72249],[82.65512,27.71351],[82.63794,27.70928],[82.62875,27.71126],[82.62315,27.70537],[82.61891,27.70252],[82.60502,27.70612],[82.60031,27.70436],[82.59374,27.6969],[82.58525,27.69907],[82.57845,27.69648],[82.56312,27.69245],[82.5545,27.68858],[82.54959,27.68887],[82.54404,27.68725],[82.54131,27.68569],[82.53885,27.68771],[82.53074,27.68651],[82.52476,27.68886],[82.51657,27.69055],[82.50078,27.6851],[82.49237,27.68439],[82.49008,27.68142],[82.48411,27.68078],[82.48219,27.68292],[82.4732,27.67644],[82.4488,27.67949],[82.42803,27.68908],[82.41318,27.69884],[82.40224,27.7033],[82.38229,27.72058],[82.36798,27.74271],[82.33684,27.75454],[82.30337,27.77287],[82.25262,27.81035],[82.23014,27.82101],[82.20914,27.8428],[82.19898,27.84729],[82.17845,27.85474],[82.1541,27.86665],[82.14897,27.85837],[82.1211,27.86587],[82.11448,27.87704],[82.10055,27.886],[82.09091,27.89459],[82.08991,27.8997],[82.08037,27.90878],[82.07002,27.92371],[82.06225,27.92174],[82.04454,27.9247],[82.02525,27.92511],[81.99126,27.92921],[81.97875,27.9286],[81.96828,27.92905],[81.96168,27.92345],[81.95942,27.91651],[81.95095,27.91035],[81.94755,27.90333],[81.93832,27.89386],[81.93807,27.88787],[81.93,27.88274],[81.92536,27.87562],[81.92589,27.86007],[81.90004,27.85363],[81.89822,27.85471],[81.89279,27.85599],[81.88496,27.85697],[81.88024,27.86172],[81.87757,27.8662],[81.86612,27.87495],[81.85586,27.88101],[81.84534,27.88875],[81.83958,27.89144],[81.83397,27.8973],[81.83008,27.89933],[81.82505,27.90068],[81.82433,27.90201],[81.82109,27.90368],[81.81344,27.90446],[81.80846,27.90311],[81.80497,27.90339],[81.74273,27.95364],[81.69846,27.9882],[81.69313,27.98958],[81.6438,27.99368],[81.6391,27.99736],[81.63611,27.9975],[81.62748,28.00187],[81.62658,28.00097],[81.62479,28.00134],[81.61881,28.00901],[81.59667,28.02102],[81.58332,28.02623],[81.5602,28.04183],[81.54762,28.04925],[81.49717,28.07242],[81.47832,28.08253],[81.47979,28.11028],[81.48381,28.11837],[81.47273,28.1255],[81.46804,28.12695],[81.44991,28.14088],[81.45006,28.15065],[81.44591,28.15596],[81.44698,28.15787],[81.44685,28.16024],[81.42673,28.17063],[81.4173,28.17386],[81.41287,28.17459],[81.39417,28.17361],[81.37472,28.17721],[81.37336,28.17548],[81.37398,28.17313],[81.37242,28.17294],[81.37201,28.17169],[81.36974,28.17057],[81.36683,28.16534],[81.36758,28.16436],[81.36691,28.16279],[81.36837,28.16098],[81.37707,28.1587],[81.37833,28.15548],[81.37744,28.15468],[81.37778,28.15275],[81.37658,28.15162],[81.37664,28.14971],[81.37509,28.14866],[81.37122,28.1424],[81.36778,28.14141],[81.36567,28.14179],[81.34227,28.13957],[81.33441,28.1402],[81.32061,28.13383],[81.31793,28.13357],[81.31599,28.13601],[81.31566,28.13803],[81.31841,28.1454],[81.32805,28.14824],[81.32041,28.16026],[81.31282,28.15629],[81.31074,28.15589],[81.31014,28.16013],[81.30292,28.16259],[81.30192,28.16333],[81.30117,28.16557],[81.30168,28.16786],[81.30387,28.1687],[81.3135,28.16788],[81.32091,28.16877],[81.32198,28.16961],[81.32467,28.17501],[81.3183,28.18239],[81.32056,28.19724],[81.29919,28.2201],[81.29192,28.22283],[81.28553,28.2291],[81.25519,28.26244],[81.23268,28.28918],[81.23451,28.32463],[81.22053,28.34365],[81.21334,28.35826],[81.2106,28.36056],[81.18805,28.36459],[81.1729,28.36808],[81.12755,28.375],[81.08137,28.38434],[81.05733,28.40163],[81.04835,28.4093],[81.04524,28.41099],[81.03582,28.41372],[81.03364,28.3991],[81.02862,28.40451],[81.02604,28.40543],[81.02015,28.41047],[81.01763,28.41608],[81.03356,28.42831],[81.03266,28.43314],[81.03098,28.43692],[81.02937,28.43845],[81.01918,28.4318],[81.01318,28.43848],[81.01786,28.45189],[80.9999,28.45391],[80.98878,28.44155],[80.97778,28.4422],[80.97888,28.4341],[80.96687,28.43686],[80.96772,28.44274],[80.96479,28.4445],[80.97961,28.45554],[80.96825,28.45666],[80.96436,28.45021],[80.96199,28.44903],[80.95463,28.4475],[80.95225,28.44793],[80.95177,28.45498],[80.94252,28.4555],[80.93737,28.45656],[80.93361,28.45861],[80.93356,28.4594],[80.94352,28.46481],[80.94535,28.46717],[80.94402,28.4682],[80.94084,28.4678],[80.93329,28.46395],[80.93106,28.45764],[80.92768,28.45766],[80.92316,28.45984],[80.91898,28.45994],[80.91926,28.46428],[80.91416,28.46838],[80.91574,28.45807],[80.91202,28.46021],[80.90556,28.46614],[80.9029,28.47805],[80.90148,28.48604],[80.90624,28.48959],[80.90865,28.49762],[80.9,28.50091],[80.89614,28.50696],[80.89104,28.50724],[80.88159,28.50908],[80.87617,28.51087],[80.8617,28.5045],[80.86504,28.4902],[80.86023,28.49444],[80.8554,28.49726],[80.8455,28.49551],[80.84255,28.50235],[80.83913,28.50518],[80.83523,28.50718],[80.82813,28.51312],[80.81576,28.52125],[80.80833,28.52086],[80.80647,28.52196],[80.79227,28.52287],[80.7878,28.52502],[80.78563,28.52855],[80.78947,28.54336],[80.78532,28.54588],[80.77028,28.54972],[80.76822,28.56568],[80.73853,28.57441],[80.73853,28.5662],[80.72444,28.57533],[80.71467,28.56839],[80.70439,28.57874],[80.69013,28.58716],[80.69566,28.60335],[80.67754,28.60452],[80.67962,28.62044],[80.67077,28.62791],[80.66761,28.64175],[80.65249,28.6347],[80.65056,28.63444],[80.6415,28.64313],[80.63349,28.63744],[80.61155,28.63915],[80.61126,28.64124],[80.60631,28.65243],[80.5902,28.64775],[80.59759,28.65609],[80.58014,28.661],[80.59032,28.67973],[80.56784,28.68826],[80.55308,28.69161],[80.53965,28.69075],[80.50642,28.67129],[80.50359,28.66486],[80.51102,28.6269],[80.51719,28.60782],[80.52158,28.57682],[80.52563,28.5733],[80.5298,28.57493],[80.53072,28.57246],[80.52272,28.55271],[80.5184,28.5507],[80.50842,28.56661],[80.50623,28.56894],[80.50113,28.57062],[80.49959,28.5697],[80.49862,28.57018],[80.49911,28.57261],[80.49488,28.57637],[80.48583,28.58139],[80.48114,28.58569],[80.47438,28.58319],[80.47051,28.58292],[80.46958,28.58392],[80.47121,28.58509],[80.47096,28.58985],[80.47219,28.59065],[80.47214,28.59141],[80.46917,28.595],[80.46212,28.61299],[80.4608,28.61416],[80.46253,28.61558],[80.46342,28.61537],[80.4633,28.6171],[80.46059,28.61737],[80.46035,28.61819],[80.46205,28.61888],[80.46205,28.62025],[80.46054,28.62196],[80.45648,28.62338],[80.4515,28.629],[80.4426,28.62869],[80.44099,28.62976],[80.43729,28.63571],[80.43136,28.6375],[80.42751,28.63779],[80.42401,28.63714],[80.41504,28.63945],[80.40445,28.63489],[80.38822,28.63101],[80.38587,28.62956],[80.38333,28.63085],[80.37915,28.63019],[80.37687,28.62879],[80.37513,28.62893],[80.37331,28.63085],[80.37205,28.62904],[80.3714,28.62908],[80.37063,28.63023],[80.37104,28.63328],[80.36925,28.63479],[80.367,28.63501],[80.36566,28.63609],[80.36416,28.63457],[80.36309,28.63448],[80.36058,28.63607],[80.35809,28.63863],[80.3569,28.64156],[80.35891,28.64422],[80.36082,28.64498],[80.36027,28.64609],[80.35581,28.64673],[80.35334,28.65021],[80.34545,28.65541],[80.33495,28.66217],[80.32574,28.66649],[80.32537,28.6708],[80.32092,28.681],[80.32258,28.68701],[80.32074,28.69417],[80.31591,28.70056],[80.30725,28.70492],[80.29877,28.70654],[80.29631,28.70997],[80.2934,28.71137],[80.29167,28.71169],[80.2808,28.70967],[80.27775,28.70988],[80.27517,28.71104],[80.26717,28.72071],[80.25626,28.72932],[80.26165,28.73273],[80.26349,28.73532],[80.26528,28.7415],[80.26497,28.74358],[80.264,28.74602],[80.25919,28.75171],[80.25059,28.75779],[80.24437,28.75525],[80.23657,28.75706],[80.23461,28.75879],[80.21929,28.75656],[80.21592,28.75543],[80.19994,28.76588],[80.1697,28.78371],[80.15781,28.79512],[80.15188,28.79771],[80.14898,28.80379],[80.14559,28.80746],[80.13249,28.81832],[80.11804,28.8289],[80.07477,28.82442],[80.06481,28.83756],[80.0598,28.89992],[80.05708,28.90848],[80.05862,28.91238],[80.05867,28.91661],[80.07749,28.94701],[80.09631,28.97496],[80.10031,28.98591],[80.11752,28.98131],[80.1208,28.98943],[80.12061,28.99227],[80.12212,28.99327],[80.12667,29.00612],[80.13521,29.00735],[80.13625,29.00963],[80.12481,29.01301],[80.13131,29.03049],[80.12643,29.03169],[80.12685,29.03412],[80.13195,29.04659],[80.13596,29.05935],[80.12999,29.06158],[80.12894,29.0627],[80.14516,29.10468],[80.15782,29.11287],[80.1651,29.11663],[80.16691,29.12229],[80.16623,29.125],[80.16968,29.12717],[80.17464,29.1266],[80.17701,29.12775],[80.17865,29.1291],[80.17914,29.13181],[80.18108,29.13545],[80.18375,29.13737],[80.18629,29.13678],[80.19477,29.13137],[80.20321,29.12958],[80.20594,29.12487],[80.20882,29.12213],[80.21376,29.12213],[80.22122,29.12015],[80.2244,29.12027],[80.23151,29.11628],[80.23372,29.11619],[80.23561,29.11752],[80.2398,29.12349],[80.24277,29.12613],[80.25006,29.12827],[80.25126,29.13193],[80.25155,29.13608],[80.25423,29.13868],[80.25717,29.13981],[80.26804,29.13847],[80.27169,29.1387],[80.27268,29.14475],[80.26691,29.15143],[80.25869,29.1644],[80.25793,29.16708],[80.25941,29.17175],[80.26014,29.17801],[80.25846,29.18369],[80.25858,29.18637],[80.25178,29.19457],[80.24144,29.20117],[80.24091,29.20227],[80.24387,29.20944],[80.24403,29.21256],[80.24728,29.21501],[80.24802,29.21671],[80.24719,29.22037],[80.24812,29.22171],[80.25259,29.22198],[80.25595,29.22014],[80.25861,29.20848],[80.26193,29.20589],[80.26655,29.2058],[80.26933,29.20758],[80.27148,29.20784],[80.27595,29.20747],[80.28434,29.19677],[80.28914,29.19509],[80.29268,29.19654],[80.29773,29.20526],[80.29783,29.20686],[80.29383,29.2113],[80.29461,29.21587],[80.29639,29.21919],[80.29625,29.22171],[80.29024,29.23146],[80.29349,29.23449],[80.29563,29.23814],[80.29825,29.23872],[80.30093,29.24223],[80.30036,29.24606],[80.29908,29.24817],[80.29882,29.25177],[80.30012,29.25567],[80.29887,29.25919],[80.2994,29.26208],[80.30228,29.26598],[80.30449,29.27672],[80.30454,29.28528],[80.30537,29.28776],[80.30714,29.29003],[80.31047,29.29062],[80.3182,29.30202],[80.31859,29.30335],[80.31547,29.30881],[80.31681,29.31444],[80.30911,29.32231],[80.30008,29.32391],[80.29644,29.32372],[80.29088,29.3309],[80.29018,29.33325],[80.29119,29.33603],[80.2892,29.33779],[80.28648,29.33888],[80.28271,29.34247],[80.27939,29.34767],[80.2798,29.35942],[80.27163,29.36285],[80.27103,29.36449],[80.27207,29.3674],[80.27119,29.37334],[80.27569,29.37716],[80.27911,29.37827],[80.2778,29.3807],[80.27498,29.38265],[80.27289,29.38647],[80.27304,29.38802],[80.2755,29.39078],[80.27564,29.39205],[80.27217,29.39515],[80.26332,29.39747],[80.25706,29.40131],[80.25454,29.40367],[80.24634,29.40732],[80.24212,29.41123],[80.24199,29.41219],[80.24534,29.41472],[80.24581,29.41677],[80.24444,29.41974],[80.24407,29.42364],[80.2474,29.43225],[80.24695,29.43777],[80.24249,29.44255],[80.24285,29.44403],[80.24542,29.44661],[80.2555,29.44799],[80.25764,29.45148],[80.26594,29.44859],[80.2674,29.44865],[80.27018,29.45022],[80.27424,29.44956],[80.27473,29.45179],[80.27222,29.45372],[80.26969,29.45363],[80.26921,29.45538],[80.27163,29.45715],[80.2758,29.4585],[80.27934,29.4585],[80.28059,29.45757],[80.27924,29.45376],[80.27951,29.45232],[80.28156,29.45127],[80.28761,29.45145],[80.29386,29.45349],[80.29803,29.45159],[80.30034,29.45122],[80.30177,29.45175],[80.30274,29.4544],[80.30242,29.45553],[80.29371,29.46399],[80.29076,29.46935],[80.28731,29.47352],[80.28685,29.47672],[80.28791,29.47779],[80.29209,29.47844],[80.29366,29.47949],[80.29663,29.48511],[80.29653,29.48836],[80.29904,29.49041],[80.30094,29.49041],[80.30434,29.48606],[80.3131,29.48442],[80.31464,29.49059],[80.31291,29.49684],[80.31438,29.49954],[80.32918,29.50568],[80.33199,29.51297],[80.33463,29.51308],[80.33933,29.50994],[80.34137,29.50992],[80.34977,29.51886],[80.34841,29.52435],[80.35564,29.52781],[80.35769,29.53105],[80.35786,29.53314],[80.35657,29.53448],[80.35192,29.53611],[80.34904,29.54016],[80.3436,29.53992],[80.34176,29.5405],[80.34141,29.54241],[80.34587,29.54862],[80.34244,29.55197],[80.34257,29.55287],[80.34871,29.55536],[80.35704,29.55511],[80.36317,29.55628],[80.36443,29.55753],[80.36264,29.55962],[80.36213,29.56232],[80.36394,29.5641],[80.36586,29.56321],[80.37092,29.56291],[80.37893,29.56081],[80.37945,29.56207],[80.37857,29.57121],[80.38497,29.57145],[80.38881,29.57263],[80.39053,29.57615],[80.39122,29.58128],[80.39639,29.58444],[80.39831,29.58716],[80.40215,29.5883],[80.40819,29.59707],[80.40882,29.60492],[80.40787,29.60749],[80.40801,29.60949],[80.40573,29.61283],[80.40825,29.61512],[80.40796,29.61985],[80.41059,29.62504],[80.41252,29.62606],[80.41843,29.62664],[80.42095,29.6299],[80.42105,29.63148],[80.41941,29.63393],[80.42017,29.6391],[80.41658,29.64102],[80.41413,29.64385],[80.4144,29.64785],[80.41647,29.65098],[80.41441,29.65408],[80.4102,29.65356],[80.40703,29.65899],[80.40479,29.65967],[80.39878,29.65913],[80.39789,29.66215],[80.39702,29.6628],[80.39015,29.66452],[80.38928,29.66731],[80.39021,29.67127],[80.38465,29.67411],[80.38359,29.67841],[80.38486,29.68501],[80.38025,29.68882],[80.3796,29.70115],[80.3771,29.70242],[80.37486,29.70819],[80.37407,29.71294],[80.37209,29.71559],[80.3728,29.71686],[80.37601,29.7186],[80.37614,29.72008],[80.37427,29.72128],[80.3687,29.72166],[80.36746,29.72256],[80.36578,29.72623],[80.36625,29.72993],[80.3697,29.73394],[80.3641,29.73992],[80.36517,29.74185],[80.36487,29.74502],[80.36556,29.7478],[80.36857,29.75081],[80.37175,29.74937],[80.37572,29.75002],[80.37781,29.74962],[80.38086,29.75066],[80.38562,29.75042],[80.38652,29.75164],[80.38534,29.75395],[80.38485,29.75748],[80.38671,29.75969],[80.39101,29.76059],[80.39442,29.75823],[80.39702,29.75877],[80.39774,29.75973],[80.39605,29.76549],[80.3985,29.76706],[80.39971,29.77317],[80.40276,29.77667],[80.40394,29.77664],[80.40514,29.77912],[80.40351,29.78159],[80.40473,29.78324],[80.40729,29.78408],[80.40617,29.78936],[80.4076,29.79138],[80.40778,29.79341],[80.40655,29.79428],[80.40675,29.79484],[80.40861,29.79472],[80.41017,29.79242],[80.41389,29.7918],[80.41405,29.79383],[80.41593,29.79576],[80.42145,29.79594],[80.43024,29.79886],[80.43065,29.80142],[80.43291,29.80249],[80.43501,29.80617],[80.43648,29.80619],[80.4391,29.80217],[80.44317,29.79928],[80.44654,29.79874],[80.44973,29.79948],[80.4528,29.80178],[80.45577,29.80263],[80.46006,29.80185],[80.46423,29.80234],[80.47113,29.79938],[80.47666,29.7979],[80.48015,29.79526],[80.48285,29.79642],[80.49312,29.79518],[80.49409,29.79583],[80.49441,29.79868],[80.49233,29.8017],[80.49474,29.80207],[80.49532,29.80461],[80.49896,29.80685],[80.50009,29.80883],[80.49761,29.81084],[80.50172,29.81776],[80.50509,29.8195],[80.50714,29.8231],[80.52136,29.82694],[80.52393,29.82893],[80.52326,29.83162],[80.52393,29.83245],[80.52811,29.83349],[80.53163,29.83863],[80.53603,29.83866],[80.53608,29.84151],[80.53852,29.84734],[80.54342,29.84629],[80.54632,29.8478],[80.54858,29.85042],[80.55163,29.84978],[80.55289,29.85071],[80.55332,29.8528],[80.55127,29.85607],[80.5544,29.85922],[80.55431,29.86141],[80.56125,29.86646],[80.56116,29.86703],[80.55764,29.86839],[80.55664,29.87003],[80.55985,29.87465],[80.56249,29.87572],[80.56574,29.87897],[80.5686,29.88759],[80.57223,29.89446],[80.57135,29.90094],[80.56906,29.90872],[80.57401,29.92344],[80.57784,29.92762],[80.57836,29.93063],[80.58167,29.93724],[80.58514,29.94046],[80.59064,29.94896],[80.60127,29.95789],[80.60464,29.95935],[80.60951,29.95891],[80.61331,29.96093],[80.61497,29.96104],[80.6192,29.9637],[80.6233,29.96427],[80.62444,29.96366],[80.62695,29.96468],[80.63152,29.96521],[80.63753,29.96298],[80.63918,29.96196],[80.64042,29.95956],[80.6422,29.95943],[80.64827,29.95582],[80.65631,29.9551],[80.65883,29.95636],[80.66161,29.95624],[80.66471,29.95725],[80.6666,29.95673],[80.66841,29.95746],[80.67406,29.95711],[80.67798,29.95893],[80.67913,29.9605],[80.68271,29.96281],[80.68362,29.9666],[80.68741,29.97005],[80.68846,29.97238],[80.6912,29.97532],[80.69372,29.97721],[80.69592,29.97772],[80.69708,29.97962],[80.70038,29.98],[80.70389,29.98407],[80.71273,29.98997],[80.72019,30.00089],[80.72447,29.99963],[80.72934,30.00024],[80.73834,29.99908],[80.74053,30.00057],[80.74202,30.00294],[80.74623,30.00527],[80.74955,30.00967],[80.7539,30.02008],[80.75731,30.02366],[80.75786,30.02805],[80.75519,30.03123],[80.75621,30.03506],[80.7556,30.03875],[80.75586,30.03998],[80.75797,30.04158],[80.75906,30.04372],[80.75809,30.04495],[80.76055,30.04801],[80.76072,30.04937],[80.77298,30.05415],[80.77646,30.05444],[80.77932,30.05654],[80.78198,30.06066],[80.78351,30.06153],[80.78632,30.06711],[80.78906,30.06948],[80.78897,30.0723],[80.7898,30.07335],[80.79109,30.07316],[80.79452,30.07766],[80.79971,30.08134],[80.80098,30.08484],[80.8051,30.08956],[80.80932,30.09072],[80.8113,30.09243],[80.81364,30.0929],[80.8141,30.09536],[80.8167,30.09705],[80.81953,30.09697],[80.82053,30.09954],[80.82449,30.09942],[80.82607,30.10002],[80.8277,30.09769],[80.8292,30.09704],[80.83322,30.09784],[80.83595,30.09701],[80.83932,30.0987],[80.84236,30.10108],[80.84543,30.10226],[80.84543,30.10699],[80.84395,30.10749],[80.84165,30.11027],[80.84263,30.11346],[80.84466,30.11623],[80.84689,30.11765],[80.85183,30.11849],[80.85692,30.12128],[80.8597,30.12203],[80.86258,30.12147],[80.86843,30.12598],[80.87398,30.12673],[80.87629,30.12791],[80.87852,30.13246],[80.87641,30.13653],[80.87611,30.14121],[80.8738,30.14466],[80.87157,30.15124],[80.87172,30.16058],[80.87059,30.16216],[80.86696,30.16456],[80.86602,30.16619],[80.86385,30.16728],[80.86252,30.1693],[80.86541,30.17213],[80.86705,30.17501],[80.87415,30.17759],[80.87549,30.179],[80.88018,30.18094],[80.88563,30.18801],[80.88405,30.1913],[80.88391,30.19469],[80.88693,30.19676],[80.89109,30.20375],[80.89432,30.20617],[80.89688,30.21236],[80.90203,30.21397],[80.9037,30.21734],[80.90636,30.21972],[80.90981,30.21798],[80.91092,30.21521],[80.9142,30.21106],[80.91475,30.19692],[80.91675,30.19533],[80.91722,30.19373],[80.91629,30.1871],[80.92024,30.18184],[80.92824,30.17534],[80.9351,30.17793],[80.94,30.17767],[80.94942,30.18294],[80.96519,30.18587],[80.97033,30.18838],[80.97075,30.19005],[80.98858,30.18592],[80.99573,30.18627],[80.99957,30.1903],[81.00727,30.19132],[81.0135,30.19392],[81.02164,30.19558],[81.02887,30.19501],[81.03514,30.19791],[81.03553,30.19883],[81.03411,30.20073],[81.03445,30.20163],[81.03838,30.20222],[81.04406,30.20504],[81.04479,30.21051],[81.04274,30.21154],[81.03973,30.21528],[81.03667,30.21615],[81.03475,30.2182],[81.02979,30.21953],[81.02996,30.22564],[81.02663,30.22654],[81.02633,30.22722],[81.02727,30.23107],[81.02975,30.23575],[81.02988,30.23721],[81.02833,30.2387],[81.02813,30.24012],[81.03086,30.24709],[81.02813,30.24833],[81.02219,30.24914],[81.01971,30.25183],[81.01236,30.25371],[81.00958,30.25589],[81.00851,30.26008],[81.00462,30.26363],[80.99339,30.26734],[80.98514,30.26875],[80.98172,30.2705],[80.95096,30.27008],[80.9466,30.26927],[80.94399,30.26768],[80.93852,30.26619],[80.93656,30.26345],[80.92942,30.26585],[80.9269,30.26717],[80.92579,30.26884],[80.92553,30.27273],[80.93045,30.27606],[80.93036,30.27845],[80.92835,30.28029],[80.92716,30.2832],[80.91459,30.28683],[80.91169,30.29174],[80.909,30.29383],[80.90705,30.29695],[80.90702,30.29821],[80.90904,30.3017],[80.90708,30.30368],[80.89967,30.30231],[80.88939,30.30179],[80.88542,30.29987],[80.87898,30.30143],[80.87361,30.30117],[80.8726,30.30583],[80.8609,30.31425],[80.84665,30.31685],[80.84128,30.31663],[80.83334,30.31324],[80.82908,30.31519],[80.82551,30.31493],[80.82235,30.31773],[80.82046,30.32131],[80.81838,30.32271],[80.81318,30.32342],[80.8016,30.32303],[80.80092,30.32505],[80.80196,30.33292],[80.79633,30.33637],[80.7879,30.34001],[80.78456,30.34543],[80.78428,30.34847],[80.78626,30.35388],[80.77792,30.3553],[80.77522,30.36194],[80.77018,30.36659],[80.76761,30.36776],[80.7653,30.37241],[80.76409,30.37322],[80.76074,30.37251],[80.75918,30.37592],[80.7504,30.37986],[80.75069,30.38389],[80.74968,30.38666],[80.7476,30.38783],[80.74542,30.38799],[80.74129,30.39147],[80.73931,30.39498],[80.73547,30.39807],[80.73414,30.40061],[80.73049,30.40074],[80.72854,30.40178],[80.71778,30.41073],[80.71612,30.41333],[80.7073,30.41739],[80.70363,30.41743],[80.69972,30.41356],[80.69312,30.413],[80.69146,30.41437],[80.68844,30.41502],[80.68769,30.41544],[80.68752,30.41821],[80.68632,30.42026],[80.6844,30.42146],[80.67913,30.42195],[80.67773,30.42322],[80.67855,30.42767],[80.67757,30.4292],[80.67077,30.4321],[80.66817,30.43389],[80.66798,30.43496],[80.66472,30.43798],[80.65991,30.44013],[80.65832,30.44218],[80.64677,30.4466],[80.64596,30.4482],[80.64124,30.45093],[80.63691,30.45038],[80.63207,30.45539],[80.62712,30.45776],[80.62387,30.46287],[80.61681,30.45952],[80.61362,30.45929],[80.60816,30.46531],[80.60663,30.47149],[80.59886,30.47146],[80.59687,30.46797],[80.59368,30.46869],[80.58191,30.46804],[80.57755,30.46433],[80.57615,30.46394],[80.57508,30.46475],[80.56516,30.46381],[80.56555,30.46004],[80.55992,30.45568],[80.55979,30.45444],[80.55891,30.45383],[80.55553,30.45226],[80.55325,30.45265],[80.55286,30.45096],[80.5487,30.44869],[80.54114,30.44882],[80.53842,30.4519],[80.535,30.45307],[80.5326,30.45551],[80.52778,30.45854],[80.52443,30.46722],[80.52069,30.46956],[80.51828,30.47243],[80.51363,30.47262],[80.50723,30.47568],[80.50505,30.47961],[80.49961,30.48622],[80.49916,30.48794],[80.49704,30.48794],[80.49408,30.48628],[80.48852,30.48462],[80.48341,30.49022],[80.47867,30.49038],[80.47457,30.48927],[80.47018,30.49145],[80.4651,30.49071],[80.45242,30.4965],[80.44598,30.49689],[80.44445,30.49767],[80.44272,30.50238],[80.4396,30.50466],[80.43066,30.50837],[80.42864,30.51286],[80.42418,30.51448],[80.41943,30.51504],[80.41605,30.51735],[80.4154,30.52008],[80.4183,30.52359],[80.41042,30.52466],[80.40932,30.5232],[80.40717,30.52255],[80.40584,30.52118],[80.40109,30.52005],[80.39793,30.51826],[80.38931,30.51829],[80.38562,30.51723],[80.37917,30.51949],[80.37702,30.52375],[80.37373,30.52505],[80.36781,30.52587],[80.36456,30.52753],[80.35971,30.52366],[80.35594,30.52411],[80.35111,30.52157],[80.34548,30.52033],[80.3407,30.52307],[80.33855,30.52537],[80.33513,30.5309],[80.33507,30.53536],[80.33039,30.53891],[80.32642,30.53926],[80.32261,30.54317],[80.31913,30.54544],[80.32076,30.54746],[80.32069,30.54876],[80.3175,30.55585],[80.31741,30.56167],[80.31539,30.56454],[80.31308,30.56454],[80.30999,30.56581],[80.30638,30.56564],[80.3017,30.56759],[80.30004,30.56688],[80.29838,30.56717],[80.29392,30.56893],[80.28729,30.56877],[80.28329,30.56984],[80.27093,30.56678],[80.26647,30.56815],[80.26413,30.5675],[80.26224,30.56818],[80.25452,30.56457],[80.25185,30.56574],[80.24938,30.56981],[80.24378,30.5727],[80.23985,30.57667],[80.23656,30.57862],[80.2322,30.57794],[80.22781,30.5796],[80.22459,30.57865],[80.22127,30.57865],[80.21835,30.58015],[80.21477,30.58295],[80.21138,30.58451],[80.20793,30.58832],[80.21212,30.59948],[80.21437,30.60315],[80.21424,30.60823],[80.21632,30.60992],[80.21573,30.61346],[80.21362,30.61535],[80.21443,30.62156],[80.21167,30.62638],[80.21921,30.63366],[80.21941,30.64277],[80.2146,30.64436],[80.21251,30.64693],[80.20858,30.64954],[80.20721,30.6497],[80.20516,30.65159],[80.20435,30.65373],[80.20051,30.65578],[80.19921,30.65913],[80.19593,30.6617],[80.19544,30.66333],[80.19358,30.66388],[80.19257,30.66603],[80.19388,30.66909],[80.1968,30.67266],[80.19547,30.67442],[80.19566,30.67751],[80.19807,30.68164],[80.19781,30.68616],[80.20214,30.68678],[80.20367,30.68811],[80.20695,30.68746],[80.20942,30.68841],[80.21203,30.68668],[80.21515,30.6874],[80.21752,30.68691],[80.22188,30.68837],[80.22361,30.69026],[80.22595,30.68886],[80.23297,30.69049],[80.23379,30.69729],[80.2331,30.7088],[80.24049,30.71231],[80.24309,30.7156],[80.24436,30.71576],[80.24758,30.71846],[80.24878,30.72041],[80.24719,30.72409],[80.2493,30.73271],[80.24846,30.7356],[80.2481,30.74357],[80.24436,30.74468],[80.24065,30.7493],[80.24055,30.75601],[80.23864,30.76232],[80.2337,30.76159],[80.22896,30.75815],[80.22463,30.75649],[80.22306,30.7542],[80.21953,30.75275],[80.21885,30.75154],[80.21254,30.75268],[80.20912,30.75616],[80.20799,30.75964],[80.20519,30.7599],[80.2047,30.76114],[80.19719,30.76566],[80.19719,30.77308],[80.19972,30.77448],[80.20047,30.77587],[80.19933,30.77607],[80.19566,30.77971],[80.19159,30.78791],[80.18704,30.78973],[80.18551,30.79123],[80.18535,30.79376],[80.18343,30.79519],[80.18356,30.79776],[80.18014,30.80108],[80.17936,30.80603],[80.17279,30.80902],[80.17091,30.8071],[80.16668,30.80629],[80.16427,30.80616],[80.15988,30.80791],[80.15822,30.80694],[80.15646,30.80473],[80.15636,30.79897],[80.15275,30.79428],[80.15523,30.79276],[80.15425,30.78957],[80.15084,30.79015],[80.14908,30.79136],[80.14277,30.7921],[80.14049,30.79071],[80.13984,30.78817],[80.13412,30.78677],[80.13122,30.78697],[80.12921,30.78583],[80.12696,30.78],[80.12329,30.78013],[80.12215,30.77932],[80.11964,30.77909],[80.11658,30.78095],[80.11239,30.77968],[80.10657,30.78322],[80.10432,30.78742],[80.10052,30.79051],[80.09629,30.79292],[80.08786,30.79572],[80.08484,30.80186],[80.0835,30.80648],[80.08058,30.80977],[80.07401,30.82057],[80.07017,30.82245],[80.05729,30.83371],[80.05712,30.83507],[80.0556,30.83615],[80.054,30.83881],[80.04929,30.84122],[80.04772,30.83946],[80.04219,30.83693],[80.03901,30.83826],[80.03517,30.84138],[80.03364,30.84051],[80.03192,30.84083],[80.02889,30.84343],[80.02583,30.84916],[80.02162,30.85073],[80.0159,30.85559],[80.00912,30.86411],[80.00817,30.86625],[80.00689,30.86551],[80.00305,30.86642],[79.99664,30.86586],[79.99499,30.86762],[79.99512,30.86961],[79.99336,30.87348],[79.98871,30.87692],[79.98548,30.87718],[79.98386,30.87856],[79.98054,30.87806],[79.96896,30.88061],[79.96451,30.88353],[79.96152,30.88854],[79.9502,30.88314],[79.94808,30.88275],[79.94203,30.88422],[79.93979,30.88399],[79.93403,30.87921],[79.93097,30.88054],[79.92886,30.88259],[79.92648,30.88965],[79.91702,30.9011],[79.91292,30.9078],[79.91188,30.91105],[79.9084,30.91469],[79.90505,30.91453],[79.90095,30.91629],[79.89584,30.91665],[79.89444,30.91736],[79.89028,30.91694],[79.88878,30.91765],[79.88661,30.93001],[79.88859,30.93737],[79.88692,30.93909],[79.88378,30.9398],[79.88422,30.94388],[79.8817,30.94866],[79.8829,30.95129],[79.88215,30.95512],[79.88101,30.95655],[79.87984,30.95652],[79.8784,30.95788],[79.87794,30.96257],[79.87639,30.96577],[79.86604,30.97178],[79.85572,30.97588],[79.85051,30.97296],[79.84452,30.9739],[79.83773,30.97114],[79.83293,30.97246],[79.83188,30.9734],[79.8264,30.97209],[79.81659,30.97168],[79.81413,30.97326],[79.81255,30.97686],[79.80909,30.97881],[79.80822,30.98029],[79.80371,30.9779],[79.79991,30.97767],[79.79739,30.97854],[79.79447,30.98079],[79.79302,30.98563],[79.79208,30.98617],[79.78627,30.98681],[79.77564,30.98654],[79.77426,30.98836],[79.76741,30.99209],[79.76492,30.99595],[79.76297,30.9975],[79.76253,30.99989],[79.75799,31.00043],[79.75231,31.0058],[79.74818,31.00211],[79.74666,30.99683],[79.74216,30.99047],[79.73876,30.98257],[79.73493,30.97952],[79.72569,30.9779],[79.71658,30.97467],[79.71073,30.97679],[79.70758,30.97604],[79.70353,30.9741],[79.70073,30.97073],[79.69742,30.97136],[79.69548,30.97284],[79.68703,30.97536],[79.67458,30.98244],[79.66556,30.9829],[79.66361,30.97878],[79.66299,30.97187],[79.66578,30.96725],[79.66316,30.96445],[79.66099,30.96479],[79.65642,30.96257],[79.64905,30.96045],[79.64523,30.95771],[79.641,30.95668],[79.63512,30.95309],[79.62581,30.95109],[79.62016,30.95092],[79.6177,30.94875],[79.61471,30.94385],[79.60827,30.94229],[79.60091,30.93881],[79.59783,30.94109],[79.59324,30.94288],[79.58772,30.94734],[79.56852,30.9502],[79.56506,30.95575],[79.5584,30.95624],[79.55263,30.95797],[79.55045,30.96512],[79.54797,30.96708],[79.54593,30.97043],[79.54141,30.97274],[79.53936,30.97592],[79.53825,30.98035],[79.5315,30.98479],[79.53007,30.98883],[79.52271,30.99033],[79.5217,30.99264],[79.51604,30.99746],[79.51688,31.00022],[79.51926,31.00364],[79.51952,31.00552],[79.51688,31.00917],[79.51636,31.01252],[79.50908,31.01512],[79.50761,31.02101],[79.5094,31.02328],[79.50989,31.02553],[79.50687,31.03239],[79.50225,31.03272],[79.49821,31.0308],[79.48846,31.0318],[79.48348,31.03398],[79.47857,31.03304],[79.47144,31.03476],[79.46419,31.0318],[79.45287,31.03028],[79.43882,31.02371],[79.43192,31.02253],[79.42747,31.02292],[79.42438,31.0295],[79.42353,31.03434],[79.41946,31.04264],[79.41969,31.04592],[79.41858,31.049],[79.42089,31.05305],[79.41957,31.06292],[79.41767,31.06672],[79.41238,31.07234],[79.41375,31.07394],[79.41663,31.08134],[79.41725,31.08576],[79.41587,31.09808],[79.41385,31.10657],[79.41276,31.10802],[79.40778,31.1135],[79.40295,31.11525],[79.39585,31.11614],[79.39367,31.11737],[79.39001,31.1174],[79.38737,31.11575],[79.38251,31.11578],[79.37667,31.11347],[79.37488,31.11595],[79.3677,31.11819],[79.36499,31.12384],[79.35208,31.12245],[79.34954,31.12493],[79.34207,31.12697],[79.33861,31.13279],[79.33035,31.13249],[79.3257,31.13543],[79.32124,31.13857],[79.31823,31.14345],[79.31235,31.14828],[79.30945,31.15488],[79.30862,31.16452],[79.30555,31.16726],[79.30473,31.16958],[79.30885,31.17288],[79.30839,31.17654],[79.30578,31.1811],[79.30657,31.18705],[79.30482,31.18999],[79.30621,31.19643],[79.30492,31.19824],[79.30347,31.20415],[79.30469,31.20706],[79.30281,31.2135],[79.30027,31.21508],[79.30086,31.21905],[79.29627,31.22123],[79.29336,31.22436],[79.28884,31.22644],[79.28963,31.22846],[79.28798,31.23097],[79.28626,31.23615],[79.2827,31.2389],[79.2793,31.2382],[79.27266,31.2388],[79.26628,31.23827],[79.2606,31.23979],[79.25899,31.24154],[79.25608,31.24259],[79.25268,31.24666],[79.24957,31.2489],[79.24439,31.25075],[79.23907,31.25544],[79.23052,31.2597],[79.22808,31.25957],[79.22633,31.26059],[79.22827,31.26531],[79.2322,31.26895],[79.23488,31.27027],[79.236,31.26954],[79.23782,31.2701],[79.24221,31.27261],[79.24657,31.27694],[79.24706,31.2781],[79.24657,31.28051],[79.24921,31.28467],[79.24891,31.28744],[79.25007,31.29365],[79.24654,31.29669],[79.24023,31.29794],[79.23659,31.30125],[79.22897,31.30369],[79.22589,31.31112],[79.22345,31.31214],[79.22025,31.3165],[79.22226,31.31931],[79.22391,31.32638],[79.22824,31.33018],[79.22996,31.33027],[79.23399,31.33255],[79.2365,31.335],[79.2321,31.33635],[79.22444,31.34556],[79.21586,31.34883],[79.21341,31.35399],[79.20592,31.3528],[79.19756,31.35517],[79.19228,31.35488],[79.18125,31.36059],[79.17626,31.36039],[79.17061,31.36313],[79.16866,31.37439],[79.17725,31.38549],[79.17566,31.38863],[79.1715,31.39362],[79.17091,31.39906],[79.16536,31.39745],[79.15466,31.40907],[79.15294,31.41188],[79.15126,31.41756],[79.14373,31.42426],[79.14234,31.43209],[79.12874,31.43886],[79.11893,31.44038],[79.1151,31.44285],[79.10912,31.4449],[79.10747,31.44619],[79.10615,31.44979],[79.10096,31.4523],[79.09911,31.45468],[79.09294,31.45207],[79.08604,31.45042],[79.08101,31.45307],[79.07896,31.45756],[79.07517,31.45902],[79.07282,31.45486],[79.06863,31.45017],[79.06982,31.4429],[79.06892,31.44082],[79.06516,31.4353],[79.06219,31.43379],[79.06077,31.42956],[79.05446,31.42949],[79.04974,31.42563],[79.04478,31.43329],[79.04165,31.43243],[79.03712,31.43322],[79.03276,31.43098],[79.02589,31.43009],[79.02411,31.42867],[79.02375,31.42599],[79.02137,31.42682],[79.01889,31.42672],[79.01628,31.41807],[79.01579,31.4113],[79.01668,31.40727],[79.01609,31.40416],[79.01708,31.39386],[79.01803,31.39099],[79.01569,31.38663],[79.01153,31.38415],[79.01011,31.38217],[79.01156,31.37111],[79.01401,31.3681],[79.01424,31.36609],[79.01896,31.3579],[79.01813,31.35479],[79.01869,31.34901],[79.01328,31.34716],[79.00727,31.34396],[79.00047,31.34185],[78.99422,31.34426],[78.98765,31.34795],[78.98653,31.34997],[78.9892,31.35222],[78.9892,31.35621],[78.9825,31.36024],[78.97936,31.36394],[78.97573,31.36001],[78.96973,31.35698],[78.95879,31.36097],[78.95228,31.36493],[78.94482,31.36625],[78.94386,31.36566],[78.94353,31.3607],[78.94218,31.35895],[78.94241,31.35449],[78.94158,31.35066],[78.93792,31.34462],[78.93623,31.34356],[78.93366,31.34317],[78.93217,31.34194],[78.93105,31.33815],[78.92982,31.33689],[78.9294,31.33408],[78.9253,31.32725],[78.92269,31.32636],[78.92207,31.32513],[78.91757,31.32177],[78.91714,31.31866],[78.91794,31.31708],[78.91714,31.31493],[78.91275,31.30991],[78.90991,31.30866],[78.90602,31.30928],[78.90248,31.30634],[78.90027,31.30549],[78.89749,31.30265],[78.89743,31.30172],[78.90043,31.29938],[78.90185,31.29571],[78.89951,31.28973],[78.89264,31.28745],[78.88339,31.28619],[78.88235,31.28696],[78.88082,31.29386],[78.87698,31.30239],[78.87596,31.3037],[78.86824,31.3075],[78.86334,31.31412],[78.86158,31.3153],[78.8539,31.31244],[78.8514,31.30891],[78.85199,31.30352],[78.85424,31.30266],[78.85668,31.29972],[78.85602,31.2956],[78.85341,31.29441],[78.84215,31.29609],[78.83938,31.29523],[78.83891,31.29398],[78.83277,31.29424],[78.81798,31.2987],[78.81636,31.30052],[78.81474,31.30105],[78.81481,31.30501],[78.81137,31.30702],[78.80546,31.3058],[78.80077,31.30597],[78.79569,31.30405],[78.79281,31.30405],[78.78878,31.30715],[78.78574,31.30778],[78.78396,31.30933],[78.78079,31.31016],[78.77818,31.31234],[78.77917,31.31577],[78.77805,31.3199],[78.77561,31.32185],[78.77055,31.32337],[78.76844,31.32631],[78.769,31.32925],[78.77267,31.32997],[78.77402,31.33156],[78.77382,31.33334],[78.7728,31.33364],[78.77075,31.33632],[78.76718,31.33793],[78.76329,31.34107],[78.76567,31.34454],[78.7689,31.34599],[78.76953,31.34903],[78.76837,31.35088],[78.76428,31.35316],[78.76131,31.35639],[78.76045,31.3561],[78.75553,31.35834],[78.75424,31.36108],[78.75074,31.3634],[78.74952,31.36779],[78.75087,31.36941],[78.75487,31.3705],[78.75714,31.37284],[78.75734,31.37651],[78.75434,31.37941],[78.75411,31.38347],[78.75302,31.38493],[78.75672,31.38955],[78.75744,31.39236],[78.75959,31.39361],[78.76078,31.39536],[78.76154,31.40068],[78.76527,31.4024],[78.76884,31.4062],[78.77006,31.41042],[78.77217,31.41234],[78.7723,31.41521],[78.77577,31.41894],[78.77835,31.42026],[78.77944,31.42373],[78.78254,31.42865],[78.78621,31.42991],[78.78882,31.43499],[78.79331,31.43582],[78.79611,31.43757],[78.7973,31.43972],[78.79674,31.44407],[78.7939,31.44467],[78.7867,31.44933],[78.77957,31.45058],[78.77528,31.45421],[78.77392,31.46022],[78.77098,31.46429],[78.77092,31.46633],[78.76778,31.47307],[78.76316,31.47492],[78.76253,31.47773],[78.75754,31.48288],[78.75279,31.48275],[78.74958,31.48423],[78.74912,31.48512],[78.74437,31.48354],[78.74186,31.48146],[78.73991,31.48113],[78.73426,31.48357],[78.73,31.4838],[78.7268,31.48308],[78.72584,31.4838],[78.72508,31.48526],[78.72729,31.49018],[78.72389,31.49374],[78.72333,31.49675],[78.72399,31.49893],[78.72184,31.50121],[78.72029,31.50814],[78.72217,31.51336],[78.72564,31.51544],[78.72726,31.51835],[78.73092,31.53258],[78.73528,31.53648],[78.73849,31.53641],[78.7402,31.53724],[78.7443,31.54219],[78.74621,31.54097],[78.75308,31.5408],[78.75814,31.54245],[78.76035,31.54529],[78.76164,31.5486],[78.7694,31.54391],[78.77521,31.54358],[78.77686,31.54589],[78.77739,31.55002],[78.78013,31.55586],[78.78307,31.55623],[78.78895,31.5595],[78.80014,31.56369],[78.80341,31.56557],[78.80658,31.57323],[78.80645,31.57723],[78.81319,31.57644],[78.8224,31.57865],[78.82224,31.58241],[78.82326,31.58509],[78.82623,31.58697],[78.82745,31.59011],[78.83181,31.5948],[78.83294,31.59797],[78.8407,31.59744],[78.84156,31.60002],[78.84367,31.602],[78.84661,31.60685],[78.84664,31.60916],[78.84618,31.61072],[78.84476,31.61191],[78.84162,31.62191],[78.83967,31.62294],[78.8372,31.62277],[78.83373,31.62403],[78.83039,31.62396],[78.82838,31.62505],[78.82858,31.62644],[78.82745,31.62938],[78.82534,31.6304],[78.82488,31.63185],[78.82346,31.63195],[78.81903,31.63724],[78.81755,31.63809],[78.81266,31.6378],[78.80843,31.63912],[78.80688,31.64202],[78.80189,31.64757],[78.80146,31.65064],[78.79968,31.65309],[78.79985,31.65546],[78.79826,31.65893],[78.79965,31.6621],[78.79806,31.66884],[78.79823,31.67115],[78.80084,31.67746],[78.79876,31.68155],[78.7979,31.68218],[78.79582,31.68195],[78.79004,31.67967],[78.78809,31.67792],[78.78112,31.67772],[78.77557,31.67637],[78.77359,31.6767],[78.76778,31.67465],[78.76035,31.67511],[78.75113,31.68017],[78.74886,31.68476],[78.75368,31.68895],[78.75298,31.69176],[78.75364,31.69533],[78.75206,31.69764],[78.74754,31.70163],[78.74503,31.70563],[78.74506,31.70989],[78.74337,31.71474],[78.74285,31.7189],[78.73885,31.72036],[78.737,31.72307],[78.73433,31.72383],[78.73439,31.72574],[78.733,31.72739],[78.73274,31.7302],[78.73,31.7332],[78.73119,31.73466],[78.72723,31.74321],[78.72944,31.74546],[78.72627,31.74826],[78.72435,31.75193],[78.7258,31.75272],[78.72617,31.75431],[78.72547,31.75807],[78.72207,31.76118],[78.71953,31.76134],[78.7187,31.76517],[78.71626,31.76788],[78.70998,31.7708],[78.70571,31.774],[78.70458,31.77983],[78.70699,31.78519],[78.70365,31.79414],[78.70454,31.80172],[78.7022,31.80709],[78.70501,31.81104],[78.71477,31.81846],[78.71568,31.8208],[78.71796,31.82307],[78.72396,31.82737],[78.7342,31.83209],[78.73915,31.84234],[78.74156,31.86102],[78.749,31.87339],[78.7484,31.87542],[78.74502,31.87888],[78.74128,31.88547],[78.74676,31.89195],[78.74275,31.90223],[78.75016,31.908],[78.74962,31.91022],[78.7513,31.91369],[78.7559,31.9161],[78.7604,31.92412],[78.76163,31.92448],[78.76293,31.9235],[78.76448,31.92374],[78.76586,31.92443],[78.76938,31.92858],[78.76988,31.93146],[78.76817,31.93639],[78.76954,31.94203],[78.76791,31.94556],[78.7634,31.94769],[78.7633,31.94905],[78.76545,31.9568],[78.76477,31.95874],[78.76655,31.96115],[78.76781,31.96225],[78.77152,31.96314],[78.77582,31.96323],[78.77912,31.96665],[78.7733,31.97404],[78.77505,31.97564],[78.77525,31.98933],[78.77887,31.99357],[78.77134,31.99558],[78.76967,31.99693],[78.76822,31.99891],[78.76686,32.00357],[78.75838,32.00304],[78.75458,32.00202],[78.75,32.00339],[78.74731,32.00227],[78.7398,32.00142],[78.7382,32.00186],[78.73438,32.00495],[78.7333,32.00789],[78.73426,32.01322],[78.72756,32.01692],[78.72519,32.02145],[78.72459,32.02627],[78.72089,32.02981],[78.72194,32.03976],[78.71857,32.04209],[78.71676,32.04466],[78.71423,32.04538],[78.71271,32.04663],[78.71094,32.05094],[78.71094,32.05417],[78.70954,32.0545],[78.70743,32.05675],[78.70574,32.06444],[78.7018,32.06721],[78.69514,32.06819],[78.69153,32.07049],[78.68654,32.07459],[78.68484,32.07868],[78.68264,32.0801],[78.68731,32.08601]],[[68.89476,24.25681],[68.8975,24.26376],[68.90678,24.27983],[68.91275,24.28419],[68.93982,24.2987],[68.94246,24.30131],[68.94538,24.30253],[68.9628,24.27968],[68.96732,24.27214],[68.97312,24.26054],[68.97981,24.23997],[68.98485,24.22767],[68.99378,24.22447],[69.00342,24.22306],[69.0128,24.22424],[69.02105,24.22833],[69.03203,24.23615],[69.03406,24.23965],[69.08363,24.26555],[69.08807,24.26943],[69.09382,24.27125],[69.09482,24.27444],[69.19416,24.23639],[69.31276,24.28143],[69.36678,24.26986],[69.38088,24.2693],[69.40483,24.27111],[69.44448,24.28048],[69.45427,24.27747],[69.46982,24.27111],[69.48489,24.26818],[69.49398,24.26782],[69.50359,24.26833],[69.51294,24.27],[69.53109,24.27408],[69.54432,24.27833],[69.55874,24.28041],[69.56728,24.28277],[69.57599,24.28652],[69.59429,24.29238],[69.73152,24.17104],[70.02502,24.17103],[70.03863,24.1762],[70.05091,24.18953],[70.06654,24.19897],[70.10992,24.295],[70.12104,24.29858],[70.13934,24.30286],[70.15451,24.30374],[70.16598,24.30347],[70.20022,24.31494],[70.21436,24.3213],[70.2313,24.32374],[70.23694,24.32308],[70.25388,24.32541],[70.25888,24.33072],[70.2849,24.3408],[70.31207,24.3488],[70.32687,24.35208],[70.34634,24.35169],[70.35065,24.35374],[70.35403,24.35421],[70.36317,24.35055],[70.36865,24.35091],[70.37656,24.35546],[70.38836,24.35874],[70.39205,24.3606],[70.39831,24.36708],[70.41166,24.3754],[70.43955,24.3836],[70.47224,24.38881],[70.49341,24.39693],[70.50746,24.40096],[70.51537,24.40415],[70.53495,24.4079],[70.54773,24.41332],[70.5487,24.41193],[70.54967,24.41446],[70.55801,24.41985],[70.56578,24.42165],[70.57314,24.42234],[70.6025,24.40815],[70.59896,24.40596],[70.59905,24.40452],[70.58046,24.36315],[70.56367,24.35622],[70.56211,24.354],[70.56253,24.35086],[70.57444,24.32034],[70.58201,24.30421],[70.57938,24.29542],[70.58466,24.29041],[70.58504,24.27799],[70.5745,24.26421],[70.57301,24.25833],[70.57197,24.25716],[70.57134,24.25175],[70.58184,24.24799],[70.583,24.24417],[70.58619,24.24687],[70.64438,24.2248],[70.66818,24.21949],[70.69521,24.21986],[70.69722,24.21942],[70.69655,24.21777],[70.69962,24.21889],[70.714,24.21571],[70.71862,24.21573],[70.74058,24.21914],[70.75819,24.21834],[70.775,24.22026],[70.80537,24.22083],[70.82647,24.22691],[70.8362,24.23158],[70.85156,24.2449],[70.86018,24.24611],[70.8663,24.24527],[70.87658,24.24583],[70.88899,24.25303],[70.90668,24.2594],[70.90859,24.26151],[70.90866,24.26326],[70.88233,24.27325],[70.87519,24.28069],[70.87436,24.28305],[70.87394,24.29485],[70.87658,24.29846],[70.88199,24.30027],[70.87825,24.3018],[70.88668,24.3057],[70.91356,24.32042],[70.91663,24.32106],[70.91807,24.3234],[70.92196,24.32597],[70.92407,24.32638],[70.92308,24.32822],[70.94692,24.34852],[70.95487,24.34919],[70.96311,24.35415],[70.986,24.36528],[71.0034,24.35087],[71.02019,24.34726],[71.04053,24.35346],[71.04204,24.35105],[71.04196,24.3539],[71.04677,24.35621],[71.0494,24.35607],[71.05775,24.36214],[71.06608,24.37624],[71.07967,24.39128],[71.08428,24.39452],[71.10679,24.39642],[71.11189,24.39811],[71.11965,24.40245],[71.1219,24.40572],[71.12577,24.42009],[71.10315,24.43572],[71.0758,24.43711],[71.06651,24.43693],[71.04481,24.43439],[71.03738,24.43209],[71.01501,24.44259],[71.00873,24.44485],[71.00402,24.44578],[70.9985,24.44437],[70.99635,24.46587],[70.99862,24.47246],[70.99612,24.47494],[70.99792,24.47707],[70.99994,24.48608],[71.00102,24.49901],[71.00498,24.52321],[71.00279,24.53014],[70.99527,24.53799],[70.98746,24.54352],[70.99265,24.56399],[70.98977,24.58404],[70.98629,24.59557],[70.99916,24.62252],[71.00287,24.62477],[71.00723,24.62897],[71.00888,24.63541],[71.04695,24.64828],[71.04973,24.64863],[71.05408,24.65116],[71.0566,24.65159],[71.05803,24.65313],[71.06258,24.65526],[71.06662,24.65933],[71.0746,24.66205],[71.08571,24.67232],[71.08679,24.67506],[71.0934,24.68421],[71.09476,24.69101],[71.06554,24.71739],[71.03726,24.7809],[71.02668,24.80883],[71.01816,24.8192],[71.0078,24.83835],[70.99091,24.86517],[70.95549,24.91236],[70.94402,24.92553],[70.93771,24.93861],[70.91986,24.99565],[70.91607,25.01043],[70.90886,25.04141],[70.88849,25.1481],[70.84219,25.19063],[70.75167,25.27771],[70.73679,25.33244],[70.6987,25.36479],[70.66482,25.39689],[70.672,25.42032],[70.67287,25.4578],[70.67143,25.46096],[70.67418,25.47857],[70.67856,25.52554],[70.66723,25.53127],[70.66947,25.59288],[70.67151,25.61101],[70.67026,25.6325],[70.67363,25.64464],[70.67402,25.6758],[70.66015,25.70202],[70.65104,25.7094],[70.64481,25.71276],[70.60861,25.71485],[70.59386,25.71052],[70.55265,25.69219],[70.53017,25.68337],[70.50151,25.68474],[70.44883,25.68189],[70.38702,25.67374],[70.35798,25.68024],[70.29542,25.70319],[70.26942,25.71398],[70.26345,25.72108],[70.25239,25.75609],[70.22247,25.7931],[70.19715,25.81546],[70.17438,25.82836],[70.16984,25.83504],[70.16903,25.83812],[70.15841,25.85428],[70.10103,25.93888],[70.09885,25.95068],[70.09356,25.99809],[70.09594,26.00153],[70.09382,26.01869],[70.09168,26.02058],[70.08775,26.05071],[70.08534,26.08191],[70.09579,26.09889],[70.14247,26.15887],[70.1683,26.21813],[70.17515,26.25148],[70.16356,26.29486],[70.17908,26.34266],[70.18535,26.37424],[70.17697,26.42405],[70.18029,26.45505],[70.18454,26.48029],[70.18442,26.48465],[70.18187,26.50146],[70.17947,26.50573],[70.17839,26.52211],[70.17428,26.55133],[70.15487,26.56387],[70.13802,26.57199],[70.12889,26.57981],[70.11745,26.5869],[70.07106,26.59672],[70.05628,26.60052],[70.01198,26.59273],[69.93463,26.58145],[69.88616,26.57873],[69.82317,26.58896],[69.79193,26.59824],[69.75379,26.62966],[69.7255,26.65188],[69.7225,26.65337],[69.70726,26.66051],[69.69418,26.66528],[69.5103,26.74354],[69.48626,26.79806],[69.48444,26.80487],[69.48535,26.81428],[69.48846,26.83019],[69.49769,26.86692],[69.51377,27.00198],[69.51338,27.00993],[69.58683,27.18325],[69.60052,27.19412],[69.62796,27.211],[69.64479,27.22514],[69.70277,27.28425],[69.71445,27.29302],[69.76023,27.32107],[69.78245,27.34188],[69.79366,27.35078],[69.81456,27.36546],[69.84963,27.39306],[69.86289,27.40215],[69.8759,27.4156],[69.89087,27.43348],[69.90766,27.45742],[69.93375,27.49774],[69.96618,27.5235],[69.99743,27.545],[70.02593,27.56287],[70.0723,27.66311],[70.0955,27.72025],[70.11347,27.76185],[70.12333,27.78787],[70.13255,27.80598],[70.1455,27.82058],[70.1555,27.82874],[70.19776,27.86719],[70.20657,27.87916],[70.227,27.90138],[70.29624,27.93602],[70.31111,27.94957],[70.37223,28.01182],[70.43946,28.02022],[70.48899,28.03454],[70.50571,28.03698],[70.52174,28.0325],[70.5543,28.02632],[70.5895,28.01046],[70.59862,27.99312],[70.67741,27.92183],[70.67904,27.88437],[70.67851,27.87234],[70.68435,27.8282],[70.69818,27.81115],[70.7325,27.76035],[70.73985,27.74191],[70.75069,27.73362],[70.75944,27.72122],[70.872,27.70555],[70.90624,27.7095],[70.95139,27.72884],[70.96317,27.7293],[70.98283,27.74222],[71.01943,27.75768],[71.06197,27.77408],[71.08998,27.7874],[71.1361,27.80674],[71.15046,27.81373],[71.20557,27.83534],[71.22041,27.83776],[71.38307,27.87253],[71.44728,27.8742],[71.48135,27.87344],[71.53173,27.87598],[71.66649,27.87781],[71.87936,27.95633],[71.89206,27.95974],[71.89871,27.95974],[71.89873,27.96341],[71.91128,28.03462],[71.92733,28.1217],[72.00432,28.21854],[72.09747,28.28798],[72.13226,28.31295],[72.15105,28.33455],[72.2062,28.39387],[72.23249,28.4733],[72.2802,28.60711],[72.29931,28.66971],[72.35468,28.73344],[72.40385,28.78295],[72.41238,28.78676],[72.4795,28.81192],[72.7331,28.94801],[72.94578,29.02787],[73.0044,29.153],[73.08449,29.23622],[73.17528,29.39056],[73.18005,29.39701],[73.18326,29.40401],[73.28228,29.57202],[73.28397,29.58083],[73.29255,29.60428],[73.33274,29.73113],[73.39699,29.94593],[73.5971,30.01894],[73.80663,30.06797],[73.81965,30.08483],[73.82619,30.09089],[73.91958,30.15766],[73.97269,30.19825],[73.96775,30.22543],[73.96727,30.23524],[73.96423,30.24835],[73.96412,30.25657],[73.95975,30.27007],[73.95647,30.27604],[73.9401,30.30031],[73.93095,30.32014],[73.9149,30.33459],[73.90265,30.3491],[73.87983,30.35976],[73.88412,30.36702],[73.88524,30.36646],[73.8906,30.36968],[73.89236,30.369],[73.8928,30.37009],[73.89928,30.37289],[73.90087,30.37281],[73.91287,30.38244],[73.91384,30.38238],[73.91639,30.3856],[73.91921,30.39466],[73.92237,30.39804],[73.92495,30.39924],[73.93278,30.40028],[73.93617,30.40169],[73.93947,30.40451],[73.94476,30.4126],[73.94932,30.41727],[73.96438,30.42419],[73.96629,30.43221],[73.97382,30.44395],[73.97348,30.4445],[73.97212,30.44413],[73.9707,30.44164],[73.96811,30.44011],[73.9601,30.44087],[73.94975,30.43701],[73.937,30.43647],[73.92651,30.43891],[73.93724,30.44496],[73.93766,30.45213],[73.92804,30.46583],[73.93189,30.46721],[73.93102,30.47574],[73.93466,30.49016],[73.94322,30.48524],[73.94779,30.48387],[73.9459,30.46819],[73.94755,30.46822],[73.94691,30.46386],[73.95019,30.46004],[73.95413,30.45819],[73.96418,30.45643],[73.96498,30.46212],[73.96981,30.47522],[73.96968,30.47825],[73.96373,30.48479],[73.97601,30.49405],[73.98203,30.50397],[73.99277,30.5142],[74.01998,30.51415],[74.01099,30.52106],[74.01193,30.53362],[74.02388,30.52602],[74.03107,30.52687],[74.03805,30.53166],[74.03926,30.54255],[74.04766,30.53972],[74.04986,30.53754],[74.05173,30.53226],[74.05162,30.52735],[74.05349,30.52337],[74.0574,30.51865],[74.06356,30.51917],[74.07155,30.52356],[74.07234,30.52289],[74.07842,30.53063],[74.08001,30.53159],[74.09092,30.54939],[74.07994,30.54833],[74.07349,30.55464],[74.10197,30.57916],[74.09783,30.58415],[74.09632,30.58729],[74.09865,30.59056],[74.09528,30.60114],[74.10136,30.60321],[74.10248,30.60696],[74.10193,30.61096],[74.09597,30.61143],[74.10505,30.61922],[74.11796,30.60789],[74.1211,30.62251],[74.1267,30.62408],[74.12855,30.63236],[74.12742,30.63476],[74.13776,30.62741],[74.14882,30.63145],[74.15336,30.63525],[74.1561,30.64068],[74.15858,30.64077],[74.15953,30.64153],[74.16313,30.64628],[74.1632,30.6484],[74.16932,30.64868],[74.17236,30.65192],[74.17733,30.65512],[74.18138,30.66123],[74.19339,30.66513],[74.19756,30.66887],[74.19807,30.6708],[74.20548,30.67612],[74.20912,30.68124],[74.20896,30.68242],[74.21195,30.68777],[74.21919,30.6935],[74.22145,30.69937],[74.22328,30.70965],[74.22515,30.71307],[74.22749,30.71284],[74.22656,30.71662],[74.22714,30.7186],[74.23243,30.72443],[74.24524,30.72286],[74.24536,30.72436],[74.24182,30.7259],[74.24845,30.72588],[74.25304,30.72424],[74.26098,30.72307],[74.26691,30.72612],[74.26907,30.73027],[74.2684,30.73434],[74.27132,30.73216],[74.27364,30.73402],[74.27485,30.73723],[74.28149,30.73085],[74.28651,30.73553],[74.28183,30.73953],[74.27438,30.74414],[74.27364,30.75332],[74.26078,30.76979],[74.25999,30.77222],[74.26113,30.77465],[74.26468,30.77704],[74.26736,30.7768],[74.27437,30.77343],[74.27728,30.7743],[74.28346,30.77439],[74.28669,30.77585],[74.28982,30.77505],[74.29466,30.77707],[74.2974,30.77707],[74.30017,30.77939],[74.30184,30.77935],[74.3068,30.78918],[74.30113,30.78965],[74.29828,30.79376],[74.29479,30.7944],[74.29665,30.79687],[74.29663,30.79986],[74.29929,30.80461],[74.3014,30.80385],[74.30223,30.808],[74.30931,30.81761],[74.31974,30.82732],[74.31924,30.83283],[74.32224,30.83855],[74.32011,30.84193],[74.32044,30.84655],[74.32832,30.85014],[74.33267,30.85101],[74.33445,30.85107],[74.34065,30.84905],[74.33916,30.8507],[74.33971,30.8513],[74.33885,30.85137],[74.33886,30.85254],[74.34098,30.85365],[74.34822,30.85493],[74.35428,30.85264],[74.35516,30.84844],[74.35709,30.8476],[74.35941,30.84852],[74.36342,30.84716],[74.36716,30.84901],[74.36852,30.85179],[74.36464,30.8573],[74.36957,30.85737],[74.37215,30.85819],[74.37403,30.85975],[74.37587,30.85928],[74.37597,30.85811],[74.37798,30.8583],[74.38218,30.86034],[74.36095,30.87365],[74.3618,30.87788],[74.36517,30.88144],[74.36694,30.88634],[74.36597,30.89297],[74.36757,30.89431],[74.37266,30.89551],[74.38305,30.89533],[74.39735,30.90935],[74.40881,30.90959],[74.42284,30.90776],[74.42399,30.90975],[74.42336,30.91349],[74.42441,30.9159],[74.41879,30.91916],[74.41117,30.91951],[74.41027,30.92343],[74.41476,30.92202],[74.42364,30.92075],[74.42497,30.92503],[74.42877,30.93111],[74.42362,30.9294],[74.41383,30.9296],[74.41778,30.93788],[74.41649,30.94035],[74.42867,30.94241],[74.43949,30.94206],[74.44063,30.945],[74.44188,30.94545],[74.44199,30.95168],[74.4552,30.95137],[74.45153,30.95584],[74.46692,30.95719],[74.45696,30.96385],[74.45798,30.96505],[74.46396,30.96759],[74.46673,30.96801],[74.47989,30.97424],[74.48147,30.97066],[74.48635,30.97243],[74.4899,30.97254],[74.49201,30.97442],[74.49881,30.96405],[74.50619,30.96597],[74.50877,30.96731],[74.51635,30.97956],[74.52414,30.98359],[74.54571,30.99211],[74.54579,30.99432],[74.54381,30.99499],[74.54309,30.99662],[74.54409,30.99792],[74.54195,31.00121],[74.53972,31.00877],[74.54776,31.03224],[74.55787,31.03838],[74.5589,31.03736],[74.56149,31.04878],[74.56687,31.05301],[74.56915,31.05888],[74.57415,31.05888],[74.58066,31.05682],[74.59047,31.05003],[74.59394,31.04411],[74.59626,31.04214],[74.59699,31.03762],[74.61339,31.04483],[74.61841,31.04394],[74.64605,31.04977],[74.65032,31.04896],[74.65781,31.0501],[74.6712,31.05358],[74.69618,31.07378],[74.69074,31.0814],[74.69725,31.08462],[74.70242,31.09171],[74.70139,31.09715],[74.69909,31.09983],[74.69894,31.1014],[74.69727,31.10252],[74.69806,31.10327],[74.69823,31.11238],[74.69197,31.11786],[74.68987,31.1183],[74.69002,31.12453],[74.68909,31.12794],[74.68278,31.12721],[74.67326,31.12361],[74.66643,31.12445],[74.65918,31.13382],[74.65309,31.12926],[74.6515,31.12926],[74.64669,31.12684],[74.6454,31.12423],[74.64274,31.12262],[74.64081,31.11993],[74.63635,31.11813],[74.63232,31.12162],[74.63266,31.12394],[74.63094,31.12798],[74.63249,31.1313],[74.63101,31.1327],[74.62665,31.1311],[74.62204,31.13299],[74.61873,31.13136],[74.61601,31.13196],[74.61481,31.13149],[74.61009,31.1338],[74.60481,31.13261],[74.60328,31.13367],[74.60099,31.13204],[74.59899,31.12888],[74.59695,31.12937],[74.59685,31.12656],[74.60298,31.11901],[74.60554,31.11444],[74.60852,31.11347],[74.61002,31.11174],[74.61049,31.10279],[74.60976,31.09998],[74.61056,31.09904],[74.60736,31.0948],[74.60408,31.095],[74.60423,31.09309],[74.59934,31.09304],[74.60075,31.08796],[74.59781,31.0878],[74.5967,31.08898],[74.59134,31.0886],[74.5908,31.09245],[74.58909,31.09245],[74.58649,31.09114],[74.58874,31.08766],[74.58386,31.08645],[74.58358,31.08733],[74.58076,31.08714],[74.57886,31.08566],[74.57774,31.08628],[74.57378,31.0858],[74.57129,31.08136],[74.56432,31.08235],[74.56381,31.08316],[74.56309,31.0827],[74.56219,31.08343],[74.56058,31.08259],[74.55799,31.08323],[74.5562,31.0849],[74.55383,31.08511],[74.55144,31.08646],[74.55041,31.08936],[74.55104,31.09688],[74.54916,31.10177],[74.55018,31.10364],[74.54969,31.11307],[74.54768,31.11461],[74.5485,31.12204],[74.54543,31.12246],[74.54381,31.12102],[74.53879,31.12252],[74.53891,31.12311],[74.53478,31.12437],[74.5249,31.12923],[74.52011,31.12963],[74.51205,31.13207],[74.51041,31.13196],[74.51135,31.13543],[74.51376,31.13949],[74.51368,31.14845],[74.51533,31.15107],[74.51525,31.152],[74.51293,31.15358],[74.51386,31.15579],[74.51077,31.15779],[74.51299,31.16418],[74.51176,31.16473],[74.51288,31.16668],[74.51082,31.16841],[74.51127,31.17107],[74.51036,31.17154],[74.5109,31.1726],[74.50995,31.17332],[74.51049,31.18029],[74.5117,31.18239],[74.51739,31.18376],[74.51918,31.18345],[74.51957,31.18409],[74.52153,31.19071],[74.51995,31.1943],[74.5216,31.19704],[74.52084,31.1975],[74.52147,31.20271],[74.52517,31.20359],[74.52545,31.20613],[74.52376,31.20809],[74.52609,31.21191],[74.52517,31.21241],[74.52513,31.21534],[74.52361,31.21793],[74.52464,31.22024],[74.52295,31.22087],[74.5228,31.22301],[74.52083,31.22511],[74.51721,31.2268],[74.51717,31.2284],[74.51984,31.23186],[74.51895,31.23334],[74.52321,31.23761],[74.52571,31.23763],[74.52818,31.24],[74.5327,31.2494],[74.53212,31.25228],[74.52838,31.25555],[74.52699,31.25894],[74.52381,31.26171],[74.5206,31.2689],[74.52113,31.27208],[74.52645,31.27678],[74.52883,31.28222],[74.53121,31.28444],[74.53295,31.28898],[74.53262,31.29014],[74.53466,31.29323],[74.53758,31.30099],[74.5421,31.30373],[74.54082,31.30602],[74.53648,31.30469],[74.53434,31.30487],[74.53281,31.30733],[74.52858,31.30884],[74.52637,31.31243],[74.5274,31.31242],[74.52907,31.31413],[74.53207,31.31286],[74.53296,31.31394],[74.53482,31.31346],[74.53541,31.31501],[74.53392,31.316],[74.53515,31.31729],[74.53721,31.31781],[74.5379,31.31918],[74.53762,31.32055],[74.53433,31.32205],[74.53378,31.32497],[74.53745,31.32679],[74.53682,31.33018],[74.53881,31.33064],[74.54168,31.33261],[74.54387,31.33523],[74.54878,31.33485],[74.54594,31.34073],[74.54733,31.34156],[74.54867,31.34424],[74.55125,31.35311],[74.55315,31.35637],[74.55067,31.35704],[74.55016,31.35853],[74.55174,31.3644],[74.55387,31.36649],[74.55732,31.36724],[74.56588,31.37159],[74.56926,31.37232],[74.57167,31.37146],[74.57198,31.37312],[74.57335,31.37411],[74.57848,31.3749],[74.57786,31.37593],[74.58349,31.37901],[74.58607,31.38488],[74.58708,31.39765],[74.59055,31.40086],[74.59234,31.40557],[74.5941,31.40776],[74.59412,31.41022],[74.59627,31.41349],[74.5966,31.41621],[74.60267,31.41562],[74.60285,31.41741],[74.60125,31.41993],[74.60292,31.42051],[74.60533,31.41969],[74.60715,31.42048],[74.60877,31.42204],[74.60898,31.4236],[74.61932,31.41984],[74.62238,31.43014],[74.6275,31.42941],[74.62888,31.42616],[74.63136,31.42557],[74.63366,31.41869],[74.63754,31.41832],[74.63972,31.41674],[74.64014,31.41714],[74.64254,31.41595],[74.6435,31.41609],[74.64426,31.41781],[74.64534,31.41826],[74.64552,31.42037],[74.6483,31.42377],[74.65195,31.42644],[74.65363,31.42538],[74.65467,31.42591],[74.65412,31.42772],[74.64772,31.43236],[74.64593,31.43492],[74.64294,31.43661],[74.64219,31.43919],[74.6395,31.44063],[74.63863,31.44417],[74.63983,31.44748],[74.64287,31.44993],[74.6474,31.45163],[74.65131,31.4519],[74.65322,31.4544],[74.65224,31.45721],[74.64777,31.46549],[74.64415,31.46898],[74.63865,31.47253],[74.63633,31.47767],[74.63284,31.47806],[74.63114,31.47657],[74.62955,31.47722],[74.62873,31.47638],[74.62777,31.47686],[74.62912,31.47872],[74.62795,31.48003],[74.62961,31.48216],[74.62888,31.48262],[74.62962,31.48413],[74.63106,31.483],[74.63156,31.48129],[74.63389,31.48252],[74.6351,31.48462],[74.63669,31.48474],[74.63358,31.48544],[74.63232,31.48647],[74.63107,31.48569],[74.62982,31.48641],[74.62844,31.48543],[74.62509,31.48585],[74.62595,31.48266],[74.62365,31.48332],[74.62299,31.48161],[74.62228,31.48198],[74.62236,31.48518],[74.61875,31.48505],[74.61454,31.48911],[74.61324,31.49565],[74.60983,31.49979],[74.60685,31.49973],[74.6065,31.49834],[74.60553,31.4984],[74.60417,31.49866],[74.60313,31.50046],[74.59963,31.49968],[74.5981,31.50099],[74.59481,31.50152],[74.59362,31.49613],[74.58838,31.49716],[74.58886,31.49659],[74.58742,31.49608],[74.58394,31.49656],[74.58007,31.49845],[74.57819,31.49833],[74.57536,31.50091],[74.57541,31.5015],[74.57645,31.50153],[74.57866,31.50068],[74.57883,31.49974],[74.57906,31.50057],[74.57996,31.50045],[74.58123,31.49877],[74.58156,31.50064],[74.58464,31.5002],[74.58729,31.50417],[74.58206,31.50652],[74.58044,31.50631],[74.58015,31.507],[74.58012,31.50786],[74.582,31.508],[74.5834,31.50659],[74.58412,31.50675],[74.58322,31.50849],[74.58368,31.51036],[74.58027,31.51109],[74.58278,31.51378],[74.58275,31.51641],[74.58422,31.52075],[74.58897,31.52142],[74.58936,31.52228],[74.59299,31.52342],[74.596,31.52598],[74.60383,31.52396],[74.60856,31.52656],[74.61286,31.52725],[74.61223,31.53043],[74.61428,31.53501],[74.61274,31.54071],[74.61296,31.54338],[74.61425,31.5433],[74.61498,31.54408],[74.6144,31.5511],[74.61875,31.55155],[74.61851,31.55263],[74.61704,31.55313],[74.61611,31.5575],[74.61094,31.55895],[74.61128,31.56011],[74.60671,31.56251],[74.60899,31.56671],[74.61155,31.56635],[74.61214,31.56742],[74.61353,31.56693],[74.61587,31.5681],[74.61589,31.56904],[74.61184,31.5683],[74.61158,31.56697],[74.61088,31.56707],[74.60921,31.56908],[74.60171,31.57268],[74.59213,31.57408],[74.59187,31.57653],[74.58534,31.58137],[74.58701,31.58339],[74.58518,31.58463],[74.58583,31.5851],[74.58523,31.58564],[74.58459,31.58504],[74.581,31.58713],[74.58235,31.58796],[74.58089,31.59061],[74.58153,31.59167],[74.58092,31.59426],[74.57717,31.59515],[74.57486,31.59781],[74.57494,31.59861],[74.57702,31.59845],[74.57744,31.59944],[74.57894,31.5997],[74.57572,31.60081],[74.57544,31.60397],[74.57325,31.60388],[74.57326,31.60544],[74.56749,31.607],[74.55547,31.60791],[74.55646,31.61141],[74.55467,31.61319],[74.55539,31.61368],[74.55487,31.61445],[74.55121,31.61774],[74.55164,31.62399],[74.54628,31.63324],[74.54732,31.63365],[74.54679,31.63682],[74.54804,31.64091],[74.54663,31.6457],[74.54486,31.64832],[74.54122,31.64666],[74.53913,31.64824],[74.53749,31.6532],[74.53743,31.65533],[74.54032,31.65994],[74.53115,31.66612],[74.52884,31.6664],[74.52969,31.66943],[74.53451,31.67363],[74.53411,31.67504],[74.53511,31.67763],[74.53275,31.6785],[74.532,31.68108],[74.52701,31.68361],[74.52429,31.68693],[74.51683,31.6887],[74.50199,31.69562],[74.50168,31.69741],[74.50285,31.69883],[74.50253,31.7009],[74.50341,31.70256],[74.50152,31.70384],[74.49948,31.7069],[74.4993,31.70942],[74.48663,31.71505],[74.48827,31.72035],[74.49063,31.72357],[74.50007,31.72817],[74.50303,31.72845],[74.5028,31.73281],[74.50514,31.73983],[74.5039,31.7403],[74.50891,31.74212],[74.51111,31.74056],[74.51384,31.73997],[74.53098,31.74781],[74.54738,31.74938],[74.54721,31.7521],[74.55219,31.75376],[74.55942,31.75786],[74.56173,31.76311],[74.55492,31.76691],[74.55672,31.77086],[74.5513,31.77867],[74.55227,31.78252],[74.55517,31.78618],[74.55557,31.79135],[74.5589,31.79352],[74.56717,31.79632],[74.56642,31.79791],[74.55791,31.80479],[74.56368,31.80877],[74.56536,31.80855],[74.5731,31.8161],[74.57121,31.81906],[74.57046,31.8284],[74.57066,31.83707],[74.57208,31.83905],[74.57312,31.83854],[74.57602,31.84391],[74.58339,31.8519],[74.5907,31.84854],[74.59224,31.85802],[74.59778,31.868],[74.59996,31.86861],[74.60661,31.86849],[74.60998,31.87829],[74.6081,31.87855],[74.60739,31.89008],[74.61156,31.89055],[74.61531,31.88976],[74.62215,31.88625],[74.62596,31.88336],[74.62932,31.88216],[74.63297,31.88442],[74.63625,31.88422],[74.6401,31.89056],[74.6408,31.8897],[74.64239,31.89266],[74.64435,31.89453],[74.64516,31.89433],[74.65094,31.90234],[74.65433,31.89957],[74.65754,31.90189],[74.65708,31.90363],[74.65829,31.91036],[74.66263,31.91441],[74.66334,31.91325],[74.66534,31.91463],[74.66765,31.91648],[74.66661,31.91757],[74.66783,31.91855],[74.66832,31.91792],[74.66885,31.91926],[74.66671,31.92259],[74.67344,31.92088],[74.6731,31.91951],[74.67423,31.91859],[74.67507,31.91907],[74.67709,31.92623],[74.69403,31.92672],[74.69944,31.92621],[74.70078,31.92594],[74.70086,31.92351],[74.70648,31.92116],[74.70769,31.92312],[74.71317,31.92291],[74.71906,31.92377],[74.71393,31.93216],[74.71516,31.93623],[74.72032,31.9404],[74.71994,31.94145],[74.72226,31.94291],[74.7259,31.94179],[74.72726,31.94281],[74.73096,31.94105],[74.73435,31.94532],[74.7431,31.93972],[74.74508,31.94119],[74.75369,31.94291],[74.75522,31.94418],[74.75637,31.94374],[74.75539,31.95582],[74.75977,31.95434],[74.76849,31.94773],[74.78165,31.95577],[74.7877,31.95638],[74.79468,31.9583],[74.79837,31.95762],[74.80223,31.95787],[74.80588,31.96299],[74.81069,31.96238],[74.81101,31.95944],[74.8151,31.96054],[74.81901,31.95871],[74.83124,31.98078],[74.82886,31.99918],[74.83895,32.00851],[74.84678,32.00839],[74.85313,32.0134],[74.84831,32.02049],[74.86311,32.02214],[74.8656,32.02319],[74.86382,32.02439],[74.86263,32.02951],[74.86548,32.03043],[74.86931,32.02773],[74.86879,32.02198],[74.87999,32.03187],[74.87639,32.0341],[74.87232,32.04151],[74.86878,32.04186],[74.86906,32.04282],[74.8726,32.04401],[74.87541,32.05076],[74.87943,32.05375],[74.88857,32.05263],[74.88979,32.05511],[74.89145,32.05499],[74.89427,32.05419],[74.89775,32.05183],[74.90476,32.05029],[74.90961,32.05192],[74.91274,32.05386],[74.91226,32.056],[74.9165,32.05829],[74.9177,32.05799],[74.91738,32.05909],[74.91888,32.06248],[74.92418,32.06506],[74.9246,32.06617],[74.92635,32.06655],[74.93364,32.06565],[74.93921,32.06408],[74.94807,32.06309],[74.94953,32.06225],[74.9483,32.0593],[74.95203,32.05823],[74.95294,32.06017],[74.97396,32.05346],[74.97828,32.04846],[74.97804,32.04708],[74.97187,32.04252],[74.98296,32.04018],[74.98531,32.04235],[75.00105,32.04109],[75.00297,32.04358],[75.00491,32.03752],[75.01241,32.03568],[75.01672,32.04294],[75.01784,32.0419],[75.01851,32.04308],[75.01739,32.04374],[75.0188,32.04698],[75.02162,32.04862],[75.0238,32.04762],[75.03253,32.05111],[75.03397,32.05068],[75.03394,32.04923],[75.03687,32.04437],[75.04073,32.0426],[75.05179,32.05116],[75.05062,32.05267],[75.05368,32.05435],[75.05875,32.05279],[75.06276,32.0559],[75.06518,32.05862],[75.06509,32.0596],[75.06808,32.06241],[75.06413,32.06558],[75.06871,32.06718],[75.07034,32.06708],[75.07149,32.06549],[75.06899,32.06358],[75.07303,32.05974],[75.07526,32.05899],[75.08399,32.06004],[75.09151,32.06588],[75.09004,32.06882],[75.0911,32.07182],[75.09772,32.06635],[75.10178,32.05935],[75.10488,32.05868],[75.10902,32.06483],[75.10669,32.06968],[75.10851,32.07167],[75.11312,32.07185],[75.11334,32.07312],[75.11477,32.07339],[75.11737,32.07545],[75.12073,32.07543],[75.12028,32.07872],[75.12291,32.08147],[75.14259,32.08022],[75.14481,32.08146],[75.1548,32.0812],[75.15768,32.08183],[75.16452,32.07485],[75.16617,32.07153],[75.17427,32.06767],[75.17932,32.07641],[75.18925,32.0824],[75.19592,32.08355],[75.19834,32.08279],[75.19779,32.08525],[75.19664,32.08553],[75.19735,32.08687],[75.19705,32.09314],[75.19792,32.09863],[75.20412,32.09667],[75.20374,32.09925],[75.20575,32.10259],[75.2055,32.10898],[75.20267,32.11949],[75.20341,32.12022],[75.21241,32.12005],[75.21567,32.12115],[75.22033,32.10766],[75.21781,32.10336],[75.22375,32.09814],[75.22445,32.09897],[75.22322,32.10238],[75.22623,32.10341],[75.22704,32.10676],[75.2351,32.10372],[75.22944,32.09327],[75.23136,32.09139],[75.24027,32.09103],[75.24511,32.09991],[75.24896,32.10118],[75.2569,32.10129],[75.25735,32.10219],[75.25843,32.10232],[75.26124,32.10133],[75.26215,32.10202],[75.26652,32.10738],[75.26624,32.10886],[75.26158,32.11047],[75.26277,32.11192],[75.26571,32.11202],[75.26563,32.11273],[75.27202,32.11272],[75.27487,32.11377],[75.27861,32.11689],[75.28142,32.12265],[75.28167,32.12773],[75.28344,32.13182],[75.28003,32.13383],[75.2774,32.13688],[75.28355,32.14639],[75.28228,32.14693],[75.2854,32.15163],[75.28735,32.15164],[75.28787,32.1529],[75.29947,32.15335],[75.30045,32.15594],[75.29978,32.15662],[75.30401,32.16565],[75.30679,32.16903],[75.30799,32.16861],[75.31147,32.17176],[75.31222,32.1712],[75.31377,32.17201],[75.32231,32.17933],[75.31619,32.18094],[75.31835,32.18753],[75.3136,32.18946],[75.31027,32.19464],[75.31024,32.19673],[75.31189,32.19943],[75.3201,32.20415],[75.31622,32.20804],[75.31947,32.20825],[75.32413,32.21106],[75.33133,32.21956],[75.33677,32.21952],[75.34215,32.21702],[75.35549,32.21835],[75.35738,32.21801],[75.36556,32.21975],[75.36599,32.22395],[75.3686,32.22619],[75.37153,32.22467],[75.37232,32.22578],[75.37309,32.22888],[75.37242,32.23373],[75.37422,32.24139],[75.37032,32.2423],[75.37055,32.25785],[75.37331,32.26438],[75.37301,32.26658],[75.37738,32.26813],[75.37856,32.26689],[75.3807,32.26669],[75.38148,32.26879],[75.37829,32.27024],[75.37784,32.27322],[75.37165,32.2795],[75.34385,32.27858],[75.35045,32.28996],[75.32974,32.29568],[75.32526,32.29572],[75.3208,32.29725],[75.32363,32.30207],[75.33045,32.30724],[75.33337,32.31107],[75.33498,32.3109],[75.33498,32.3116],[75.33002,32.31256],[75.33254,32.31608],[75.33638,32.31662],[75.33751,32.32058],[75.3375,32.32176],[75.33348,32.32587],[75.32655,32.32806],[75.32491,32.33979],[75.322,32.3437],[75.31623,32.34357],[75.31375,32.34429],[75.30737,32.34381],[75.29899,32.34661],[75.30014,32.35097],[75.29956,32.3533],[75.2892,32.35583],[75.28894,32.35836],[75.287,32.36096],[75.28969,32.37011],[75.2887,32.36972],[75.28641,32.37133],[75.27282,32.37633],[75.27042,32.37348],[75.26807,32.3728],[75.26743,32.37334],[75.26586,32.37306],[75.26331,32.37191],[75.25825,32.37234],[75.25775,32.37587],[75.25482,32.37836],[75.25651,32.38076],[75.25506,32.38396],[75.25688,32.38639],[75.25598,32.38715],[75.25722,32.3883],[75.25694,32.3894],[75.2513,32.39098],[75.24764,32.38847],[75.24543,32.38475],[75.2382,32.38711],[75.23185,32.39184],[75.2284,32.39227],[75.22337,32.39535],[75.22435,32.39814],[75.21753,32.40041],[75.21322,32.40272],[75.21027,32.39824],[75.20914,32.39473],[75.2008,32.39702],[75.19282,32.40101],[75.19307,32.4112],[75.19854,32.41104],[75.19986,32.41182],[75.20161,32.41528],[75.19971,32.41681],[75.20069,32.421],[75.19797,32.4218],[75.19705,32.42056],[75.19426,32.42306],[75.1927,32.42232],[75.19335,32.42422],[75.19177,32.42615],[75.18705,32.42701],[75.18613,32.42586],[75.18362,32.42512],[75.18041,32.42542],[75.17791,32.4225],[75.17818,32.42105],[75.16827,32.42283],[75.16762,32.42204],[75.16463,32.42189],[75.16229,32.41916],[75.16011,32.41887],[75.15958,32.41962],[75.15348,32.4211],[75.15204,32.41876],[75.15023,32.41892],[75.14031,32.41192],[75.13291,32.40883],[75.13283,32.41017],[75.13148,32.41118],[75.13268,32.41542],[75.12763,32.41746],[75.12751,32.42395],[75.12855,32.42606],[75.13332,32.42623],[75.13438,32.42821],[75.13253,32.42916],[75.13154,32.43115],[75.12944,32.43215],[75.13005,32.434],[75.12622,32.43511],[75.12601,32.43638],[75.12455,32.43653],[75.12253,32.44193],[75.11899,32.44367],[75.11947,32.44463],[75.11872,32.44648],[75.12086,32.45521],[75.10877,32.46024],[75.1112,32.46683],[75.11112,32.46743],[75.10963,32.46771],[75.10895,32.46947],[75.10885,32.47393],[75.10169,32.47747],[75.09963,32.47803],[75.09688,32.474],[75.09201,32.46916],[75.08703,32.47136],[75.08522,32.46909],[75.08441,32.46941],[75.08489,32.47205],[75.0777,32.47639],[75.07004,32.48002],[75.06876,32.4776],[75.06563,32.47903],[75.05593,32.4813],[75.05118,32.48479],[75.04516,32.4876],[75.043,32.48623],[75.03934,32.48895],[75.03238,32.4923],[75.02851,32.49511],[75.02653,32.49759],[75.01587,32.47749],[75.01609,32.47141],[75.01534,32.47067],[75.01989,32.46834],[75.0155,32.46439],[75.01377,32.4655],[75.01186,32.46368],[75.00834,32.46294],[75.00119,32.45621],[74.99841,32.45813],[74.99573,32.45397],[74.99203,32.45238],[74.9883,32.45347],[74.98749,32.45251],[74.98352,32.45158],[74.97105,32.45787],[74.97038,32.45928],[74.96572,32.45815],[74.96052,32.45548],[74.95822,32.45254],[74.95696,32.45318],[74.95516,32.45102],[74.95449,32.45136],[74.95164,32.44647],[74.94905,32.44698],[74.94541,32.44901],[74.94313,32.45225],[74.94316,32.45922],[74.9414,32.46371],[74.9363,32.46811],[74.93925,32.47128],[74.93583,32.47206],[74.93542,32.47151],[74.93043,32.47163],[74.91847,32.46405],[74.91852,32.4653],[74.91296,32.46663],[74.91337,32.46752],[74.91148,32.46958],[74.90544,32.473],[74.90052,32.46701],[74.88316,32.47506],[74.88127,32.47506],[74.88109,32.4765],[74.87964,32.47752],[74.87638,32.47729],[74.88001,32.48429],[74.8845,32.49043],[74.87716,32.49388],[74.86761,32.48513],[74.86575,32.48672],[74.86395,32.48664],[74.86222,32.49073],[74.85768,32.49408],[74.8543,32.49436],[74.85436,32.49258],[74.84959,32.49257],[74.84863,32.49027],[74.84624,32.49012],[74.84529,32.4907],[74.84548,32.4925],[74.84416,32.49174],[74.84221,32.49297],[74.84147,32.49261],[74.83623,32.49687],[74.83546,32.49667],[74.83479,32.49446],[74.83353,32.49586],[74.82935,32.49504],[74.8206,32.49725],[74.82003,32.49953],[74.81259,32.48005],[74.80543,32.48239],[74.80138,32.48274],[74.80057,32.47951],[74.79627,32.47692],[74.76818,32.48287],[74.76645,32.4814],[74.75531,32.48291],[74.7527,32.47846],[74.7482,32.47949],[74.7431,32.47917],[74.72951,32.48113],[74.72717,32.47584],[74.71718,32.47735],[74.71679,32.47657],[74.71402,32.47719],[74.71416,32.47795],[74.71172,32.47867],[74.71419,32.48753],[74.70987,32.49122],[74.71038,32.49286],[74.70662,32.49334],[74.70515,32.49221],[74.7023,32.49303],[74.70114,32.49078],[74.69849,32.49055],[74.69684,32.48867],[74.69479,32.48818],[74.69419,32.48671],[74.69168,32.48659],[74.688,32.48702],[74.68726,32.48947],[74.68552,32.49132],[74.68142,32.49275],[74.68547,32.49947],[74.68591,32.50331],[74.68595,32.50783],[74.68402,32.50841],[74.68435,32.50922],[74.68247,32.50995],[74.68298,32.51319],[74.6845,32.51652],[74.69012,32.52297],[74.69094,32.52902],[74.69023,32.53426],[74.67522,32.53823],[74.6653,32.543],[74.66188,32.54585],[74.66088,32.54973],[74.66114,32.55407],[74.67243,32.5524],[74.67328,32.5536],[74.67415,32.55703],[74.6731,32.56798],[74.67251,32.56878],[74.66776,32.56818],[74.66796,32.56703],[74.66641,32.56688],[74.66545,32.56514],[74.66295,32.56398],[74.66156,32.56382],[74.65958,32.56516],[74.65734,32.565],[74.65168,32.56303],[74.65184,32.5707],[74.65503,32.58094],[74.64951,32.58268],[74.64917,32.58541],[74.64844,32.58553],[74.64958,32.5894],[74.65084,32.59025],[74.65345,32.58973],[74.65508,32.59073],[74.65906,32.59674],[74.65232,32.59963],[74.65017,32.59733],[74.64591,32.59777],[74.64592,32.59855],[74.64153,32.59957],[74.64187,32.6026],[74.63901,32.60346],[74.64001,32.6085],[74.63848,32.61461],[74.64136,32.61577],[74.6433,32.61472],[74.6507,32.61431],[74.65416,32.61522],[74.65514,32.62002],[74.65486,32.62427],[74.65681,32.63069],[74.65269,32.63146],[74.65604,32.63291],[74.65454,32.63714],[74.66243,32.6354],[74.6638,32.63555],[74.66732,32.63854],[74.66958,32.63827],[74.67059,32.64368],[74.67192,32.64617],[74.67595,32.64888],[74.67731,32.65073],[74.68016,32.64985],[74.68091,32.65247],[74.68847,32.65154],[74.68882,32.65291],[74.68967,32.6527],[74.6951,32.66057],[74.69617,32.66589],[74.69259,32.66606],[74.68988,32.66694],[74.68881,32.66833],[74.68142,32.67012],[74.68111,32.67305],[74.66624,32.6756],[74.66158,32.68547],[74.65369,32.69699],[74.65767,32.70913],[74.65742,32.71586],[74.66235,32.72239],[74.66387,32.72575],[74.66274,32.72693],[74.65447,32.7291],[74.66025,32.73436],[74.66372,32.74041],[74.66545,32.74609],[74.66911,32.74914],[74.67467,32.75704],[74.67696,32.76254],[74.67757,32.77097],[74.6813,32.77634],[74.68202,32.78068],[74.68507,32.78781],[74.69077,32.7973],[74.6963,32.80415],[74.69723,32.80734],[74.69593,32.81134],[74.69773,32.81278],[74.70093,32.81375],[74.70456,32.81728],[74.70542,32.82096],[74.70525,32.84195],[74.69407,32.84071],[74.68806,32.83771],[74.68244,32.83651],[74.66764,32.82476],[74.66553,32.82391],[74.66035,32.82714],[74.65864,32.82985],[74.65255,32.82785],[74.64146,32.81932],[74.63289,32.80891],[74.63897,32.80038],[74.63959,32.7983],[74.64579,32.79402],[74.64939,32.79292],[74.65731,32.7876],[74.65864,32.78746],[74.65484,32.78291],[74.65394,32.78059],[74.65155,32.78134],[74.65124,32.78082],[74.64943,32.7814],[74.64585,32.78106],[74.63958,32.78227],[74.63203,32.776],[74.63169,32.7753],[74.63267,32.77419],[74.63054,32.76735],[74.63279,32.76366],[74.6358,32.76076],[74.63803,32.75975],[74.63808,32.75778],[74.63911,32.75756],[74.63763,32.75147],[74.63568,32.75187],[74.63546,32.7511],[74.63275,32.75178],[74.6279,32.75504],[74.62405,32.75636],[74.62441,32.75726],[74.62122,32.76046],[74.6175,32.76136],[74.61319,32.75954],[74.61304,32.75799],[74.6055,32.75795],[74.60039,32.75641],[74.59406,32.75604],[74.591,32.75165],[74.58869,32.75062],[74.58372,32.75373],[74.5823,32.75341],[74.57957,32.74942],[74.57663,32.75097],[74.57585,32.75035],[74.5748,32.75142],[74.57562,32.75273],[74.57563,32.75597],[74.57476,32.75667],[74.57139,32.7581],[74.56928,32.76009],[74.56613,32.76007],[74.55688,32.75785],[74.55559,32.75867],[74.55226,32.75388],[74.54975,32.7526],[74.54831,32.7505],[74.54802,32.74692],[74.54708,32.74558],[74.54385,32.74512],[74.54532,32.74869],[74.54272,32.75061],[74.543,32.75144],[74.54201,32.75134],[74.54119,32.74963],[74.53668,32.75007],[74.53751,32.74784],[74.5367,32.74676],[74.53325,32.74533],[74.5304,32.74555],[74.52517,32.74838],[74.52039,32.74785],[74.51863,32.74836],[74.51644,32.74511],[74.5143,32.74422],[74.50988,32.74728],[74.51056,32.74983],[74.50969,32.75164],[74.51099,32.75163],[74.51098,32.75101],[74.51315,32.75182],[74.51472,32.75419],[74.51366,32.75505],[74.51529,32.75653],[74.51405,32.75951],[74.51147,32.75966],[74.51154,32.76085],[74.50949,32.76317],[74.51117,32.76441],[74.50735,32.7665],[74.50458,32.76655],[74.50457,32.76535],[74.50267,32.76488],[74.50265,32.76576],[74.4973,32.76618],[74.49725,32.76548],[74.48467,32.76523],[74.48502,32.76862],[74.47522,32.77599],[74.46592,32.7762],[74.45397,32.77938],[74.43611,32.775],[74.42763,32.77012],[74.41982,32.77126],[74.40861,32.77167],[74.40722,32.77278],[74.40472,32.78028],[74.39924,32.78692],[74.39724,32.80097],[74.38808,32.80222],[74.37895,32.80162],[74.35647,32.77524],[74.35103,32.77834],[74.34663,32.77609],[74.32754,32.78296],[74.32626,32.7895],[74.31801,32.80341],[74.31469,32.82042],[74.28738,32.83323],[74.28065,32.83402],[74.27141,32.83886],[74.26157,32.83663],[74.2534,32.84628],[74.23698,32.84752],[74.21042,32.85716],[74.18349,32.8657],[74.16748,32.8744],[74.15628,32.88667],[74.15302,32.88916],[74.14763,32.89096],[74.1349,32.89919],[74.12722,32.89988],[74.11319,32.90398],[74.11006,32.90602],[74.07991,32.91011],[74.07055,32.91499],[74.06781,32.91928],[74.06341,32.92084],[74.05909,32.92142],[74.06091,32.92874],[74.06051,32.93445],[74.05761,32.93635],[74.05128,32.93676],[74.03845,32.93076],[74.03733,32.92945],[74.01689,32.93601],[74.01388,32.9398],[74.00814,32.94318],[74.00553,32.94284],[74.00111,32.94092],[74.00067,32.93964],[73.99744,32.93701],[73.99692,32.93777],[73.99254,32.93685],[73.99268,32.93492],[73.99057,32.93485],[73.98715,32.93233],[73.973,32.92994],[73.97205,32.92868],[73.96981,32.9284],[73.96701,32.9292],[73.96529,32.93319],[73.96385,32.93399],[73.96011,32.93258],[73.95848,32.93271],[73.95647,32.9356],[73.95491,32.93613],[73.95426,32.93386],[73.95211,32.93115],[73.94693,32.9306],[73.94553,32.93111],[73.9432,32.93435],[73.94047,32.93292],[73.93755,32.9325],[73.93564,32.93088],[73.93037,32.93345],[73.92713,32.9337],[73.92561,32.93311],[73.92493,32.93182],[73.92519,32.92856],[73.92294,32.92752],[73.91722,32.929],[73.91108,32.9271],[73.90975,32.92812],[73.91112,32.93054],[73.91089,32.93176],[73.90896,32.93197],[73.90612,32.93041],[73.90269,32.93118],[73.89547,32.92598],[73.89131,32.92458],[73.88167,32.9273],[73.87742,32.92625],[73.87437,32.92644],[73.87323,32.92693],[73.87268,32.92924],[73.86793,32.93174],[73.86352,32.92897],[73.8598,32.93212],[73.85802,32.93161],[73.85489,32.92836],[73.84701,32.93088],[73.84411,32.92632],[73.84281,32.92631],[73.84179,32.9273],[73.84085,32.92634],[73.83794,32.92562],[73.83701,32.92595],[73.83606,32.92857],[73.83183,32.92794],[73.82996,32.9319],[73.8261,32.93391],[73.82057,32.93358],[73.8165,32.93136],[73.81388,32.92826],[73.81105,32.92968],[73.80873,32.93223],[73.80727,32.93669],[73.8076,32.94237],[73.80427,32.94453],[73.80068,32.94382],[73.79853,32.94261],[73.79492,32.93719],[73.79331,32.93604],[73.79093,32.93722],[73.78833,32.9416],[73.77971,32.94314],[73.77298,32.94652],[73.77103,32.94623],[73.76821,32.9445],[73.76589,32.94194],[73.76378,32.94111],[73.76168,32.9414],[73.75417,32.9466],[73.75826,32.94785],[73.76397,32.94803],[73.77032,32.94979],[73.77933,32.95482],[73.78257,32.95894],[73.78435,32.96326],[73.78427,32.96661],[73.77484,32.98113],[73.77369,32.98214],[73.76713,32.98424],[73.76193,32.99009],[73.7603,32.99451],[73.76157,33.01076],[73.76087,33.0167],[73.7543,33.02169],[73.74735,33.03254],[73.74553,33.03731],[73.74555,33.03901],[73.75129,33.04828],[73.74973,33.05313],[73.73911,33.06221],[73.73468,33.06403],[73.7229,33.06336],[73.70301,33.07282],[73.69975,33.07366],[73.6919,33.07111],[73.681,33.07059],[73.67523,33.07156],[73.66958,33.07433],[73.6554,33.07809],[73.64491,33.09283],[73.63765,33.10006],[73.63542,33.10613],[73.6363,33.10789],[73.63791,33.1215],[73.63506,33.12908],[73.63006,33.13551],[73.63036,33.13843],[73.63147,33.14027],[73.63363,33.14163],[73.63758,33.15395],[73.66293,33.15866],[73.66716,33.17394],[73.67555,33.19545],[73.67496,33.19988],[73.67138,33.20474],[73.66846,33.20664],[73.65694,33.21089],[73.65147,33.21459],[73.64572,33.21452],[73.63862,33.20899],[73.63661,33.2101],[73.63035,33.22209],[73.63099,33.22362],[73.63361,33.22441],[73.63726,33.22378],[73.63908,33.22421],[73.63885,33.2268],[73.63603,33.23177],[73.62601,33.2338],[73.62065,33.23747],[73.61553,33.24807],[73.61561,33.25071],[73.61751,33.25379],[73.61733,33.25697],[73.60964,33.27175],[73.60721,33.28285],[73.60817,33.28613],[73.61242,33.29064],[73.6124,33.29182],[73.60792,33.29643],[73.60162,33.29889],[73.59847,33.30189],[73.59779,33.30575],[73.59965,33.31456],[73.59539,33.32214],[73.59567,33.32402],[73.59994,33.32568],[73.60196,33.32779],[73.60173,33.33137],[73.59835,33.33714],[73.59534,33.33987],[73.59084,33.33805],[73.58526,33.32988],[73.58183,33.32676],[73.57961,33.32703],[73.57869,33.32857],[73.57934,33.33153],[73.57878,33.3331],[73.57296,33.33649],[73.57164,33.33909],[73.57243,33.34251],[73.5811,33.3503],[73.58526,33.35605],[73.58311,33.35729],[73.57482,33.35565],[73.57132,33.35688],[73.56977,33.35819],[73.56834,33.36165],[73.56633,33.36933],[73.56634,33.37184],[73.56755,33.37365],[73.57387,33.3783],[73.57068,33.38354],[73.57398,33.39255],[73.58193,33.39599],[73.58241,33.39996],[73.58103,33.40209],[73.58119,33.40372],[73.58209,33.40441],[73.5855,33.40473],[73.59025,33.40705],[73.59,33.41247],[73.59079,33.41343],[73.59851,33.41507],[73.60182,33.41856],[73.60277,33.42294],[73.6004,33.42551],[73.59345,33.42242],[73.58947,33.42268],[73.58624,33.42575],[73.58828,33.42636],[73.59177,33.4258],[73.59438,33.42819],[73.59677,33.43291],[73.59534,33.4366],[73.59589,33.43802],[73.59971,33.43943],[73.60489,33.43733],[73.61104,33.43872],[73.61383,33.44093],[73.61858,33.44942],[73.62332,33.44967],[73.62908,33.44777],[73.63145,33.44866],[73.63348,33.45603],[73.63325,33.46089],[73.63179,33.46235],[73.62132,33.46399],[73.61994,33.46484],[73.61989,33.46788],[73.6215,33.47388],[73.61989,33.47765],[73.61687,33.47817],[73.61554,33.47704],[73.61328,33.47187],[73.61079,33.47174],[73.60965,33.47294],[73.61089,33.48261],[73.61018,33.48358],[73.60542,33.48528],[73.60584,33.49117],[73.60243,33.49734],[73.60557,33.50239],[73.60739,33.50255],[73.60957,33.50153],[73.6129,33.49831],[73.61614,33.49706],[73.61824,33.49778],[73.61249,33.50677],[73.61033,33.51177],[73.6136,33.51557],[73.61886,33.51471],[73.62013,33.51561],[73.62143,33.51857],[73.62644,33.52106],[73.62828,33.5251],[73.63545,33.52573],[73.63899,33.52451],[73.63976,33.52519],[73.63877,33.53374],[73.63734,33.53487],[73.6282,33.53473],[73.62444,33.53777],[73.62298,33.54115],[73.62257,33.54388],[73.62375,33.54787],[73.62708,33.54932],[73.62532,33.55317],[73.62556,33.56304],[73.62918,33.56951],[73.62495,33.57331],[73.62236,33.57777],[73.61884,33.58088],[73.61363,33.58444],[73.60753,33.58563],[73.60603,33.58747],[73.60549,33.59105],[73.60719,33.59473],[73.61021,33.59707],[73.61116,33.60043],[73.60942,33.6041],[73.6059,33.60501],[73.60189,33.59977],[73.5983,33.59952],[73.59635,33.60077],[73.59376,33.60689],[73.59021,33.61203],[73.58607,33.61561],[73.5829,33.61732],[73.57683,33.61545],[73.57369,33.61713],[73.56833,33.61777],[73.5677,33.61929],[73.57264,33.62927],[73.57791,33.6371],[73.57819,33.63947],[73.56857,33.65841],[73.56708,33.66288],[73.56702,33.66688],[73.57237,33.67554],[73.58127,33.68345],[73.58392,33.68771],[73.58968,33.6904],[73.60016,33.70164],[73.60594,33.71959],[73.60675,33.72595],[73.60113,33.73341],[73.59868,33.74173],[73.59826,33.74964],[73.57577,33.76298],[73.55961,33.78134],[73.5781,33.84235],[73.58915,33.86097],[73.58785,33.87288],[73.59378,33.8768],[73.59247,33.88453],[73.59385,33.88827],[73.58516,33.90459],[73.56945,33.91529],[73.56342,33.92168],[73.5616,33.9261],[73.55886,33.92914],[73.55066,33.93551],[73.54617,33.94077],[73.53834,33.95784],[73.53577,33.96752],[73.53238,33.97113],[73.53186,33.97351],[73.53331,33.97728],[73.52727,33.9895],[73.51369,34.00131],[73.50929,34.03676],[73.49862,34.07162],[73.50047,34.09461],[73.49533,34.10094],[73.4969,34.10726],[73.49651,34.11266],[73.49085,34.12645],[73.49108,34.1272],[73.49677,34.12974],[73.49765,34.13171],[73.49664,34.13352],[73.49283,34.13612],[73.49099,34.13916],[73.49084,34.14006],[73.49404,34.14284],[73.49425,34.14425],[73.49231,34.14846],[73.49228,34.15178],[73.49025,34.15547],[73.49269,34.15946],[73.49018,34.16511],[73.49043,34.16804],[73.49265,34.1727],[73.49033,34.18301],[73.49276,34.18837],[73.49371,34.1888],[73.49544,34.1941],[73.49521,34.19702],[73.49236,34.20184],[73.49636,34.20448],[73.49682,34.20887],[73.49259,34.21753],[73.48718,34.22276],[73.48067,34.23228],[73.47693,34.24338],[73.47413,34.24802],[73.47295,34.25323],[73.47276,34.25769],[73.47414,34.26246],[73.47979,34.26838],[73.48336,34.27032],[73.48601,34.27385],[73.48487,34.27708],[73.48161,34.28018],[73.48128,34.28235],[73.4823,34.28658],[73.47742,34.28984],[73.47348,34.28907],[73.47341,34.28382],[73.47208,34.28025],[73.46829,34.27837],[73.46565,34.27903],[73.46391,34.27841],[73.46399,34.27555],[73.46304,34.27355],[73.45729,34.27346],[73.45336,34.2779],[73.45506,34.27973],[73.45952,34.27852],[73.45782,34.28241],[73.4593,34.2896],[73.4588,34.29045],[73.4573,34.2899],[73.45178,34.29286],[73.45289,34.29474],[73.45217,34.29592],[73.44862,34.29694],[73.44472,34.30055],[73.44257,34.30131],[73.44248,34.30254],[73.44415,34.30419],[73.44709,34.30505],[73.44795,34.30625],[73.44483,34.31217],[73.44533,34.31365],[73.44367,34.32091],[73.43445,34.3231],[73.43415,34.32518],[73.43153,34.32532],[73.43025,34.32679],[73.43008,34.32945],[73.42597,34.33002],[73.42606,34.33102],[73.42795,34.33211],[73.42759,34.33457],[73.42252,34.33683],[73.42517,34.33811],[73.4261,34.34063],[73.42893,34.34171],[73.42942,34.3439],[73.42078,34.34396],[73.41808,34.34317],[73.41691,34.34396],[73.41779,34.34557],[73.41613,34.34769],[73.41164,34.35005],[73.41067,34.34742],[73.40897,34.3458],[73.40614,34.34624],[73.40487,34.34811],[73.40439,34.35145],[73.40297,34.35304],[73.4042,34.35596],[73.40262,34.35721],[73.40318,34.36111],[73.39657,34.36567],[73.39492,34.3691],[73.39491,34.37141],[73.39034,34.3753],[73.39459,34.37797],[73.39833,34.38234],[73.40082,34.40471],[73.40694,34.42444],[73.42053,34.45083],[73.42776,34.4686],[73.43082,34.47416],[73.43414,34.48999],[73.43803,34.51777],[73.43831,34.52805],[73.44136,34.55],[73.44275,34.55499],[73.44832,34.56305],[73.45555,34.56833],[73.46471,34.57194],[73.47638,34.57277],[73.51944,34.5725],[73.52609,34.57361],[73.54526,34.57888],[73.54942,34.58138],[73.55443,34.58194],[73.55971,34.58444],[73.58167,34.58777],[73.5872,34.58694],[73.59248,34.58472],[73.60081,34.57972],[73.61443,34.56806],[73.62498,34.56388],[73.63136,34.56388],[73.63721,34.56499],[73.6411,34.56694],[73.64999,34.57749],[73.65443,34.58694],[73.66804,34.62555],[73.67249,34.63499],[73.67442,34.64583],[73.67415,34.6611],[73.67137,34.66888],[73.66609,34.67666],[73.66304,34.67972],[73.6611,34.68416],[73.6636,34.69444],[73.67276,34.70332],[73.6822,34.70805],[73.69331,34.71555],[73.69803,34.71777],[73.7,34.7211],[73.7036,34.72471],[73.71111,34.73611],[73.71193,34.74138],[73.715,34.74638],[73.71582,34.75194],[73.72054,34.76721],[73.72638,34.77527],[73.73221,34.7811],[73.7397,34.78722],[73.74748,34.79222],[73.7561,34.79639],[73.76027,34.79944],[73.77054,34.80166],[73.77638,34.80222],[73.78831,34.80193],[73.79942,34.8036],[73.81248,34.81027],[73.82193,34.81972],[73.82944,34.82527],[73.83388,34.82694],[73.84554,34.82861],[73.86638,34.82555],[73.88611,34.82444],[73.89833,34.82472],[73.90776,34.82666],[73.91249,34.82888],[73.92387,34.83694],[73.9297,34.84332],[73.93387,34.84583],[73.93719,34.84943],[73.9472,34.85305],[73.95166,34.85361],[73.96666,34.85833],[73.97554,34.86194],[73.98637,34.87054],[73.99414,34.88249],[74.00444,34.90527],[74.01027,34.91332],[74.02304,34.92583],[74.03387,34.93443],[74.05165,34.95555],[74.05493,34.96707],[74.05587,34.96788],[74.05961,34.96842],[74.06099,34.97368],[74.05998,34.97638],[74.06308,34.98353],[74.0625,34.98461],[74.0601,34.98518],[74.05775,34.98817],[74.05819,34.99043],[74.06239,34.99366],[74.06394,34.99784],[74.06899,34.99819],[74.0729,35.0001],[74.0779,34.99822],[74.08247,34.99932],[74.0848,34.99875],[74.08682,34.99916],[74.09184,35.00326],[74.09443,35.00355],[74.09504,35.00631],[74.10232,35.0105],[74.10542,35.01107],[74.10853,35.01456],[74.1079,35.01681],[74.10338,35.02112],[74.10364,35.02531],[74.09952,35.02746],[74.09916,35.03148],[74.09673,35.03274],[74.09031,35.03128],[74.08638,35.03249],[74.08506,35.03403],[74.07958,35.0354],[74.07605,35.04159],[74.07591,35.04395],[74.07358,35.04551],[74.07305,35.04965],[74.07387,35.05235],[74.07346,35.05857],[74.0746,35.06049],[74.07832,35.0634],[74.07818,35.06772],[74.08099,35.07493],[74.0817,35.08203],[74.08024,35.08423],[74.08042,35.0897],[74.11646,35.11709],[74.11376,35.12001],[74.10564,35.12431],[74.10714,35.12952],[74.11266,35.13693],[74.11248,35.14472],[74.10706,35.14711],[74.10165,35.14374],[74.10021,35.13986],[74.09764,35.13819],[74.09354,35.13803],[74.09045,35.14081],[74.08998,35.14367],[74.07255,35.15149],[74.07041,35.1504],[74.06672,35.15072],[74.06545,35.14621],[74.06165,35.14528],[74.05845,35.14612],[74.05056,35.14508],[74.04725,35.14543],[74.04393,35.14759],[74.0415,35.14801],[74.03785,35.1475],[74.03114,35.14488],[74.02882,35.14613],[74.02474,35.15236],[74.02054,35.15585],[74.01749,35.16203],[74.00708,35.16454],[74.00502,35.16673],[74.00442,35.18008],[74.00152,35.1821],[73.99674,35.17887],[73.99114,35.17928],[73.98075,35.18171],[73.97377,35.1776],[73.96769,35.17496],[73.96381,35.17422],[73.96147,35.1708],[73.96138,35.16858],[73.95965,35.16726],[73.95696,35.1663],[73.95357,35.16617],[73.95191,35.16715],[73.94928,35.17218],[73.94699,35.17988],[73.94379,35.18229],[73.94145,35.18553],[73.94224,35.18883],[73.93835,35.1902],[73.92895,35.19646],[73.92756,35.19992],[73.92429,35.20155],[73.92451,35.20418],[73.92273,35.20926],[73.92024,35.211],[73.91198,35.21091],[73.90374,35.20888],[73.89844,35.20965],[73.89346,35.21193],[73.8888,35.20926],[73.88485,35.20853],[73.88086,35.20916],[73.86686,35.20261],[73.86055,35.20592],[73.85772,35.20583],[73.85508,35.20895],[73.85409,35.21446],[73.84982,35.21611],[73.84656,35.21888],[73.84699,35.22161],[73.84516,35.22361],[73.84077,35.22312],[73.83233,35.22424],[73.82228,35.23188],[73.81071,35.23665],[73.80831,35.23866],[73.80516,35.23784],[73.79988,35.23815],[73.79398,35.2347],[73.79153,35.23442],[73.78829,35.23539],[73.78469,35.23537],[73.78229,35.23073],[73.7798,35.22985],[73.77246,35.2204],[73.76752,35.22002],[73.76368,35.21821],[73.75722,35.21937],[73.74574,35.21767],[73.74484,35.222],[73.74568,35.22815],[73.74203,35.22943],[73.74308,35.23358],[73.73657,35.23413],[73.73593,35.23621],[73.73704,35.23901],[73.73529,35.24358],[73.7358,35.24716],[73.73473,35.25023],[73.73243,35.2528],[73.73091,35.25948],[73.72814,35.26367],[73.7278,35.26696],[73.72599,35.26887],[73.72258,35.27029],[73.72069,35.27257],[73.71992,35.27595],[73.71194,35.27703],[73.70924,35.27951],[73.70804,35.2824],[73.70295,35.28503],[73.70353,35.28748],[73.70525,35.28969],[73.70581,35.29426],[73.70724,35.29569],[73.70634,35.30033],[73.70186,35.30855],[73.69126,35.31828],[73.68409,35.32689],[73.68557,35.32862],[73.68666,35.33307],[73.69239,35.33743],[73.69329,35.34102],[73.69117,35.34561],[73.69139,35.35093],[73.69791,35.35539],[73.698,35.35887],[73.69587,35.36115],[73.69486,35.36472],[73.69849,35.36598],[73.6995,35.36928],[73.70145,35.37088],[73.70877,35.38363],[73.70621,35.38659],[73.70566,35.39394],[73.70667,35.39593],[73.71397,35.3994],[73.71532,35.40141],[73.71611,35.4063],[73.71978,35.41673],[73.72096,35.41786],[73.72571,35.41753],[73.73369,35.42012],[73.73915,35.42639],[73.74196,35.42736],[73.74913,35.43677],[73.75297,35.44352],[73.75012,35.44626],[73.7481,35.45743],[73.74988,35.45871],[73.7528,35.46339],[73.7581,35.46453],[73.7622,35.46785],[73.76705,35.46899],[73.77097,35.47103],[73.77417,35.47433],[73.77659,35.47898],[73.7865,35.4884],[73.78995,35.49514],[73.78997,35.50529],[73.78843,35.51177],[73.78956,35.51369],[73.78978,35.5179],[73.78386,35.51947],[73.78105,35.51914],[73.77493,35.51627],[73.77221,35.5164],[73.76466,35.51928],[73.76036,35.51983],[73.74837,35.51826],[73.74017,35.51833],[73.73773,35.5216],[73.73764,35.52635],[73.73609,35.52916],[73.72805,35.53199],[73.72468,35.5312],[73.7141,35.53267],[73.70747,35.53218],[73.67378,35.52521],[73.66586,35.52516],[73.65488,35.52892],[73.65327,35.53096],[73.64906,35.53347],[73.64417,35.53337],[73.63591,35.53536],[73.63087,35.53894],[73.62745,35.54322],[73.62333,35.54632],[73.61816,35.5476],[73.61426,35.54739],[73.60836,35.5435],[73.59469,35.53929],[73.57686,35.53791],[73.57085,35.53564],[73.556,35.52654],[73.55072,35.52729],[73.53341,35.53735],[73.52542,35.54351],[73.52437,35.54364],[73.5216,35.54182],[73.51684,35.53443],[73.51072,35.53201],[73.50517,35.53126],[73.49849,35.5311],[73.49337,35.5318],[73.48991,35.53363],[73.48558,35.53969],[73.48247,35.54096],[73.47446,35.54014],[73.47292,35.53917],[73.47223,35.53714],[73.46914,35.53524],[73.46433,35.53381],[73.45966,35.53401],[73.44624,35.53091],[73.44197,35.52925],[73.43813,35.52871],[73.43442,35.52916],[73.42253,35.52662],[73.41202,35.52054],[73.40187,35.51615],[73.3979,35.5231],[73.39896,35.52774],[73.3986,35.53484],[73.40006,35.53868],[73.3983,35.5435],[73.40004,35.55529],[73.39716,35.5567],[73.39639,35.56641],[73.39723,35.57082],[73.39669,35.5762],[73.39877,35.58146],[73.39868,35.58389],[73.36126,35.59678],[73.35561,35.60638],[73.35574,35.61134],[73.35308,35.61313],[73.3519,35.62138],[73.34493,35.63464],[73.33778,35.63743],[73.33575,35.64026],[73.33392,35.6458],[73.33049,35.65082],[73.33203,35.6581],[73.3233,35.6608],[73.31815,35.65824],[73.31442,35.65726],[73.3091,35.6563],[73.30558,35.65707],[73.29901,35.65981],[73.29376,35.6604],[73.29249,35.66284],[73.28065,35.6709],[73.27839,35.66898],[73.27125,35.6665],[73.26657,35.66675],[73.25792,35.66485],[73.25043,35.66277],[73.24181,35.65855],[73.23653,35.65782],[73.23569,35.65999],[73.22631,35.66787],[73.22187,35.66807],[73.21565,35.666],[73.21518,35.66692],[73.20155,35.66984],[73.20031,35.67116],[73.1946,35.67322],[73.18947,35.67726],[73.18348,35.68591],[73.17728,35.69072],[73.16912,35.69511],[73.16404,35.69964],[73.15522,35.70345],[73.14387,35.71412],[73.13966,35.71525],[73.12904,35.71407],[73.12713,35.71825],[73.1237,35.72151],[73.12067,35.72318],[73.11994,35.73231],[73.12215,35.73579],[73.12226,35.75323],[73.12424,35.75726],[73.12941,35.76003],[73.14471,35.76057],[73.15002,35.75855],[73.15566,35.75822],[73.16208,35.76023],[73.16197,35.76213],[73.16702,35.77071],[73.16522,35.77298],[73.16709,35.77587],[73.16514,35.77903],[73.1688,35.78696],[73.18292,35.79554],[73.19391,35.79951],[73.19404,35.80955],[73.19745,35.81136],[73.19846,35.81484],[73.20157,35.81741],[73.19779,35.82062],[73.19683,35.82471],[73.19125,35.82923],[73.18626,35.83971],[73.18163,35.8426],[73.17543,35.85321],[73.17187,35.85483],[73.16448,35.85471],[73.15712,35.84928],[73.15661,35.84276],[73.14858,35.83735],[73.147,35.83672],[73.1385,35.83829],[73.13582,35.83912],[73.13183,35.84298],[73.12393,35.8432],[73.11999,35.84485],[73.11719,35.84692],[73.11597,35.85038],[73.11134,35.8524],[73.10226,35.8588],[73.08619,35.87283],[73.07376,35.86183],[73.07077,35.85659],[73.06653,35.85635],[73.05974,35.85786],[73.05048,35.85875],[73.04787,35.8524],[73.04749,35.84792],[73.03927,35.84646],[73.03546,35.84383],[73.03274,35.8434],[73.02546,35.8392],[73.01413,35.83882],[73.01284,35.8319],[73.0063,35.82489],[73.00166,35.82453],[72.99305,35.82615],[72.98848,35.83003],[72.98809,35.83323],[72.98719,35.83402],[72.98163,35.83242],[72.97184,35.8354],[72.96987,35.83487],[72.96423,35.83609],[72.95513,35.83242],[72.95097,35.83219],[72.94932,35.83294],[72.93701,35.82991],[72.93319,35.82866],[72.93181,35.82613],[72.92795,35.8269],[72.91868,35.82151],[72.91754,35.8186],[72.91222,35.81369],[72.90036,35.81319],[72.89456,35.81649],[72.89319,35.82323],[72.89177,35.82486],[72.89038,35.8342],[72.88774,35.83841],[72.88207,35.84295],[72.8828,35.84824],[72.8804,35.85384],[72.87791,35.85406],[72.87546,35.8558],[72.86163,35.85868],[72.85914,35.8615],[72.84781,35.86772],[72.84327,35.86741],[72.84153,35.87117],[72.82434,35.88381],[72.82157,35.87334],[72.82241,35.86849],[72.81966,35.86419],[72.81921,35.86155],[72.82245,35.85786],[72.8217,35.85547],[72.81623,35.85253],[72.81151,35.84816],[72.8117,35.83956],[72.80447,35.83717],[72.80389,35.82912],[72.80197,35.82624],[72.79862,35.82472],[72.79534,35.82776],[72.78386,35.82379],[72.77512,35.82674],[72.77358,35.82657],[72.77088,35.82398],[72.76034,35.81752],[72.74195,35.81373],[72.73753,35.81549],[72.73338,35.82129],[72.72986,35.82432],[72.7296,35.82655],[72.73379,35.83489],[72.7316,35.83657],[72.72632,35.83713],[72.72246,35.84002],[72.72209,35.84195],[72.72381,35.84353],[72.72733,35.85162],[72.72316,35.85405],[72.71606,35.85334],[72.70776,35.85501],[72.70598,35.85334],[72.70276,35.85235],[72.69789,35.85964],[72.69394,35.85541],[72.6904,35.85437],[72.68776,35.85077],[72.68497,35.85068],[72.68192,35.84607],[72.68139,35.8432],[72.67855,35.83967],[72.67231,35.83809],[72.65778,35.83946],[72.65452,35.84131],[72.64248,35.84388],[72.62706,35.84514],[72.62997,35.85197],[72.62081,35.8554],[72.61735,35.85597],[72.61509,35.85555],[72.61181,35.8568],[72.60559,35.86141],[72.59067,35.85988],[72.58396,35.85623],[72.58132,35.85663],[72.58022,35.85983],[72.57572,35.86524],[72.5734,35.87395],[72.5701,35.8755],[72.56008,35.87515],[72.5551,35.87416],[72.55286,35.87725],[72.54768,35.87828],[72.54071,35.87835],[72.53485,35.87701],[72.53082,35.88014],[72.52541,35.88062],[72.5256,35.88624],[72.52917,35.88867],[72.52708,35.89257],[72.51878,35.89163],[72.51071,35.8961],[72.50983,35.89929],[72.51073,35.90325],[72.50895,35.90775],[72.50974,35.91248],[72.50583,35.91836],[72.51909,35.92617],[72.51896,35.93268],[72.52044,35.93645],[72.53003,35.94566],[72.53571,35.94694],[72.5371,35.95668],[72.54127,35.96084],[72.54783,35.9625],[72.5527,35.96573],[72.55159,35.9677],[72.54895,35.96966],[72.54358,35.97192],[72.54352,35.97579],[72.54642,35.97685],[72.55081,35.98025],[72.56212,35.9825],[72.56534,35.9854],[72.56691,35.9883],[72.56358,35.99397],[72.57096,36.00036],[72.57077,36.00885],[72.58062,36.01375],[72.58452,36.01796],[72.58409,36.02218],[72.5863,36.02412],[72.58315,36.02843],[72.57953,36.03647],[72.56895,36.04313],[72.56653,36.04551],[72.56269,36.0466],[72.55644,36.04518],[72.54016,36.04778],[72.53146,36.05251],[72.51997,36.06855],[72.51868,36.07835],[72.52031,36.08759],[72.51894,36.09595],[72.51954,36.10066],[72.52351,36.10276],[72.52432,36.10873],[72.52647,36.11179],[72.52965,36.1138],[72.53124,36.11813],[72.53508,36.12292],[72.54143,36.12493],[72.54327,36.12815],[72.54935,36.13042],[72.55829,36.13548],[72.55422,36.14581],[72.54875,36.15],[72.55058,36.1532],[72.54918,36.15845],[72.54955,36.16242],[72.54779,36.16661],[72.54523,36.16859],[72.53888,36.1711],[72.53632,36.17289],[72.53688,36.17492],[72.54119,36.17792],[72.54237,36.1823],[72.54379,36.18406],[72.5451,36.19172],[72.54894,36.19274],[72.54999,36.19626],[72.55029,36.19849],[72.54585,36.20199],[72.5454,36.20516],[72.55862,36.21238],[72.56505,36.21367],[72.56553,36.21677],[72.57035,36.22261],[72.57063,36.2252],[72.56967,36.22827],[72.57123,36.23145],[72.5731,36.23306],[72.57316,36.23548],[72.57149,36.23853],[72.57276,36.23917],[72.57954,36.24821],[72.57816,36.25158],[72.58422,36.25686],[72.58625,36.25765],[72.59728,36.26062],[72.60213,36.26064],[72.60743,36.26583],[72.60959,36.26922],[72.6208,36.26855],[72.62468,36.26766],[72.63043,36.2645],[72.63436,36.26486],[72.64294,36.26391],[72.65118,36.26097],[72.65567,36.26069],[72.66076,36.25632],[72.66419,36.25516],[72.67512,36.2531],[72.68022,36.25659],[72.67392,36.26255],[72.67691,36.2644],[72.68636,36.27328],[72.69267,36.27451],[72.7018,36.27436],[72.70701,36.27311],[72.7112,36.27604],[72.714,36.28312],[72.71962,36.28487],[72.72081,36.28909],[72.72676,36.2912],[72.73045,36.29628],[72.73509,36.29906],[72.74972,36.29945],[72.75412,36.29753],[72.75745,36.29734],[72.76031,36.30376],[72.76292,36.30568],[72.7698,36.30788],[72.77256,36.31172],[72.77303,36.31421],[72.78219,36.32063],[72.78588,36.32169],[72.79088,36.32638],[72.79647,36.32667],[72.80182,36.32839],[72.80277,36.33367],[72.80539,36.33683],[72.80539,36.34325],[72.81086,36.34804],[72.81217,36.35082],[72.81538,36.35388],[72.81955,36.35503],[72.823,36.35915],[72.83085,36.36001],[72.83465,36.36365],[72.84667,36.36423],[72.84964,36.36346],[72.85464,36.36432],[72.85583,36.37323],[72.8607,36.37649],[72.86142,36.37955],[72.86427,36.38137],[72.86594,36.38377],[72.87153,36.38472],[72.87462,36.38712],[72.87569,36.39066],[72.86915,36.40244],[72.86713,36.41134],[72.87141,36.41393],[72.87474,36.41833],[72.88271,36.42599],[72.88235,36.43173],[72.87855,36.43853],[72.89841,36.45565],[72.90472,36.45938],[72.91685,36.45422],[72.92649,36.45307],[72.93338,36.45594],[72.93802,36.45642],[72.94124,36.46005],[72.94742,36.46034],[72.96634,36.45671],[72.96871,36.45498],[72.97288,36.45451],[72.98061,36.45795],[72.98239,36.46015],[72.98323,36.46493],[72.9862,36.46809],[72.98608,36.46981],[72.9837,36.47364],[72.98477,36.47928],[72.97657,36.4855],[72.97395,36.49028],[72.97478,36.49468],[72.97894,36.49803],[72.9862,36.49917],[72.98668,36.50137],[72.9799,36.51237],[72.98358,36.51438],[72.99429,36.51457],[73.00297,36.51868],[73.00809,36.51916],[73.01725,36.52241],[73.02117,36.52614],[73.03212,36.52958],[73.0345,36.5312],[73.04544,36.529],[73.04889,36.52967],[73.05115,36.53225],[73.05139,36.53655],[73.04972,36.53952],[73.0521,36.54258],[73.0527,36.54544],[73.04996,36.55041],[73.05198,36.55376],[73.05222,36.55853],[73.05626,36.5615],[73.0565,36.56551],[73.05864,36.5679],[73.06757,36.56771],[73.07649,36.57134],[73.07577,36.58576],[73.07815,36.59187],[73.08029,36.59397],[73.08862,36.59741],[73.09695,36.60677],[73.09635,36.60925],[73.091,36.61441],[73.07601,36.62138],[73.0728,36.62529],[73.07066,36.63436],[73.07542,36.64047],[73.07482,36.64229],[73.07113,36.6461],[73.07042,36.65116],[73.07423,36.6588],[73.06899,36.67921],[73.07173,36.68255],[73.07946,36.68284],[73.09124,36.68198],[73.09968,36.68313],[73.10266,36.68456],[73.1086,36.68561],[73.11598,36.69133],[73.12787,36.69877],[73.13977,36.7022],[73.14798,36.7064],[73.1569,36.7084],[73.16998,36.71622],[73.17439,36.71965],[73.17391,36.72652],[73.19354,36.72347],[73.21376,36.71746],[73.22589,36.71202],[73.23244,36.71212],[73.23351,36.70878],[73.23779,36.70707],[73.24695,36.70621],[73.25623,36.70659],[73.26503,36.70583],[73.27633,36.70592],[73.29501,36.70325],[73.30821,36.70306],[73.30976,36.70459],[73.30916,36.70878],[73.31642,36.71164],[73.32534,36.71202],[73.32926,36.71584],[73.33486,36.71775],[73.34485,36.71765],[73.34699,36.72433],[73.35032,36.72795],[73.34853,36.73071],[73.34366,36.73224],[73.34318,36.73691],[73.35496,36.73681],[73.36245,36.73929],[73.37078,36.73348],[73.3822,36.73395],[73.38743,36.73195],[73.39445,36.73443],[73.41515,36.73262],[73.44358,36.72118],[73.44572,36.72604],[73.45797,36.73605],[73.46535,36.73681],[73.4707,36.73415],[73.47249,36.72966],[73.49592,36.71441],[73.50008,36.71346],[73.51352,36.72242],[73.51781,36.72614],[73.52304,36.72661],[73.52364,36.72194],[73.51971,36.71717],[73.52494,36.71355],[73.53482,36.71393],[73.54505,36.71632],[73.55004,36.7188],[73.55409,36.71622],[73.56313,36.71622],[73.57526,36.72385],[73.57954,36.72433],[73.58632,36.71021],[73.59477,36.69991],[73.59489,36.69486],[73.60203,36.69495],[73.61178,36.69801],[73.6169,36.69495],[73.62261,36.69457],[73.63248,36.69772],[73.63985,36.6981],[73.64854,36.69162],[73.65353,36.69104],[73.66222,36.69362],[73.67483,36.69009],[73.69005,36.69076],[73.69303,36.6939],[73.69731,36.70106],[73.70504,36.70668],[73.70909,36.71365],[73.71456,36.7146],[73.72443,36.71441],[73.73121,36.71117],[73.74037,36.70926],[73.74465,36.70659],[73.74953,36.7085],[73.75453,36.70907],[73.76547,36.70554],[73.78117,36.70611],[73.78843,36.70163],[73.79473,36.70134],[73.79901,36.69972],[73.80258,36.70087],[73.80556,36.70535],[73.80972,36.70745],[73.81638,36.7085],[73.82411,36.71155],[73.83125,36.70888],[73.84148,36.70859],[73.85564,36.70039],[73.86194,36.69944],[73.87419,36.70087],[73.88252,36.70335],[73.88395,36.70592],[73.883,36.71031],[73.88656,36.71565],[73.88894,36.72509],[73.88906,36.72823],[73.88062,36.73062],[73.87622,36.73596],[73.87836,36.74053],[73.88335,36.74511],[73.88419,36.75121],[73.88882,36.75235],[73.88966,36.75426],[73.8868,36.75702],[73.88181,36.76922],[73.87669,36.77036],[73.86836,36.77779],[73.86289,36.77665],[73.85599,36.77903],[73.84981,36.78446],[73.84826,36.7918],[73.83304,36.79189],[73.82507,36.7959],[73.81519,36.79913],[73.81032,36.7979],[73.80603,36.79437],[73.8002,36.79494],[73.79699,36.80256],[73.79806,36.80942],[73.79556,36.81961],[73.78962,36.82018],[73.77273,36.81466],[73.76416,36.81466],[73.75191,36.8219],[73.74786,36.82723],[73.73752,36.82818],[73.73359,36.82999],[73.72669,36.83151],[73.72372,36.83532],[73.70504,36.83513],[73.70207,36.83789],[73.6935,36.85474],[73.68315,36.86749],[73.65411,36.90879],[73.65882,36.91097],[73.67173,36.91159],[73.67581,36.91339],[73.68269,36.91371],[73.69158,36.9158],[73.69423,36.91452],[73.69985,36.91375],[73.70302,36.91076],[73.70929,36.90866],[73.71582,36.90496],[73.73487,36.90302],[73.74086,36.90664],[73.74473,36.90776],[73.75286,36.91216],[73.75749,36.90818],[73.75798,36.90526],[73.76565,36.90485],[73.76883,36.90574],[73.77129,36.90542],[73.77301,36.90114],[73.77276,36.89867],[73.78119,36.89748],[73.79005,36.9009],[73.79534,36.89963],[73.79924,36.89673],[73.79976,36.89377],[73.79855,36.89243],[73.79992,36.8906],[73.81035,36.89173],[73.81506,36.89082],[73.81659,36.89168],[73.81655,36.89281],[73.81934,36.89534],[73.82731,36.89929],[73.82827,36.90109],[73.8251,36.90365],[73.82488,36.90799],[73.82683,36.91114],[73.82578,36.91296],[73.83108,36.91915],[73.83242,36.92335],[73.83592,36.92528],[73.84362,36.92598],[73.84796,36.92397],[73.84785,36.92064],[73.85289,36.91763],[73.85826,36.91733],[73.86112,36.91596],[73.86646,36.91499],[73.88661,36.91277],[73.89062,36.91297],[73.8927,36.90937],[73.89582,36.90777],[73.89846,36.90513],[73.90677,36.9008],[73.90761,36.89885],[73.90439,36.89381],[73.90527,36.89038],[73.90489,36.88713],[73.90284,36.88583],[73.89971,36.88524],[73.89652,36.88202],[73.89205,36.8798],[73.89267,36.87816],[73.90341,36.87617],[73.90931,36.87407],[73.91292,36.86913],[73.92576,36.87401],[73.93223,36.87474],[73.94083,36.86792],[73.94627,36.86685],[73.94845,36.86429],[73.94762,36.86162],[73.94819,36.86051],[73.95643,36.85937],[73.95604,36.85762],[73.95777,36.85624],[73.95408,36.85247],[73.9548,36.85028],[73.95712,36.84755],[73.9563,36.84411],[73.95743,36.84252],[73.96692,36.84237],[73.9667,36.83912],[73.97104,36.8376],[73.97185,36.83665],[73.97796,36.83643],[73.98088,36.83563],[73.98735,36.83145],[73.99034,36.83284],[73.99506,36.83019],[74.00019,36.83292],[74.00338,36.83683],[74.00652,36.83717],[74.01034,36.83417],[74.01319,36.83382],[74.01661,36.83194],[74.02335,36.83076],[74.027,36.82741],[74.03252,36.8289],[74.03951,36.82637],[74.04297,36.82683],[74.04712,36.82625],[74.05479,36.8307],[74.06295,36.83989],[74.0653,36.84109],[74.06919,36.84091],[74.07055,36.83982],[74.08029,36.83784],[74.08391,36.83859],[74.09188,36.83852],[74.09203,36.83931],[74.09661,36.84229],[74.10466,36.84115],[74.1066,36.83869],[74.10945,36.83794],[74.11998,36.83799],[74.12268,36.84034],[74.12521,36.84554],[74.12417,36.84892],[74.12689,36.85008],[74.13161,36.84922],[74.13354,36.85042],[74.1336,36.85197],[74.13493,36.8536],[74.13106,36.85625],[74.12896,36.86067],[74.13011,36.86432],[74.13412,36.86796],[74.13677,36.87326],[74.13938,36.87435],[74.14294,36.87948],[74.14861,36.88233],[74.15121,36.88468],[74.15534,36.88273],[74.15865,36.88394],[74.15996,36.88592],[74.15966,36.88733],[74.15773,36.88802],[74.15773,36.8897],[74.15262,36.89299],[74.15336,36.89817],[74.159,36.89888],[74.16353,36.90094],[74.17203,36.90332],[74.17353,36.90597],[74.17214,36.91171],[74.17593,36.91652],[74.18075,36.9165],[74.18428,36.91254],[74.18876,36.91131],[74.19093,36.90969],[74.19624,36.91109],[74.20007,36.91118],[74.20287,36.90821],[74.20389,36.90431],[74.20738,36.90435],[74.21422,36.90735],[74.21676,36.90634],[74.22173,36.90171],[74.22356,36.89683],[74.22784,36.89614],[74.22893,36.89676],[74.23972,36.89478],[74.2431,36.89571],[74.2454,36.899],[74.25709,36.89997],[74.25943,36.90173],[74.26563,36.90425],[74.27108,36.91245],[74.28015,36.91107],[74.28745,36.91368],[74.29488,36.91242],[74.30089,36.91713],[74.30713,36.91921],[74.30929,36.91891],[74.30986,36.91942],[74.31189,36.92477],[74.31389,36.92668],[74.31457,36.92846],[74.31408,36.93037],[74.3155,36.93388],[74.31729,36.93576],[74.31591,36.93831],[74.32077,36.94044],[74.32538,36.94116],[74.33293,36.94517],[74.33365,36.94838],[74.33318,36.95037],[74.33993,36.95521],[74.34337,36.95658],[74.34711,36.96109],[74.34934,36.96219],[74.35484,36.9618],[74.3581,36.96304],[74.36219,36.96199],[74.36371,36.96285],[74.36771,36.96337],[74.36928,36.96498],[74.38008,36.96323],[74.38738,36.96385],[74.39426,36.96841],[74.39531,36.97344],[74.40064,36.97423],[74.40572,36.97331],[74.40815,36.97451],[74.41558,36.97502],[74.41578,36.97722],[74.41872,36.98029],[74.41766,36.98326],[74.42093,36.98854],[74.41843,36.99091],[74.4137,36.99325],[74.41812,36.99936],[74.41681,37.003],[74.4179,37.00599],[74.42656,37.01115],[74.43031,37.00688],[74.43444,37.00558],[74.43829,37.00601],[74.44221,37.0033],[74.44597,37.00198],[74.4505,37.00211],[74.45618,37.00421],[74.45773,37.00118],[74.46099,36.99899],[74.46479,36.99873],[74.46766,36.99429],[74.47139,36.99064],[74.47359,36.98968],[74.48525,36.98667],[74.49148,36.988],[74.49419,36.98643],[74.49665,36.98281],[74.49981,36.98103],[74.49936,36.97617],[74.50139,36.97329],[74.50592,36.97063],[74.50627,36.96602],[74.5127,36.96348],[74.51584,36.96376],[74.51732,36.96211],[74.52209,36.95944],[74.52868,36.95937],[74.53405,36.95722],[74.53894,36.96028],[74.54114,36.96462],[74.54278,36.96549],[74.54393,36.97276],[74.53979,36.97515],[74.53553,36.97977],[74.53908,36.98682],[74.53717,36.99088],[74.53099,36.99386],[74.52724,36.99689],[74.52545,37.00431],[74.52149,37.00656],[74.51727,37.01066],[74.51893,37.01737],[74.52977,37.02026],[74.53345,37.02242],[74.53556,37.02552],[74.54334,37.02456],[74.54812,37.02504],[74.5517,37.02693],[74.55545,37.0305],[74.56024,37.02969],[74.56463,37.03085],[74.56537,37.03008],[74.57176,37.02958],[74.57434,37.03094],[74.58012,37.03057],[74.58565,37.03364],[74.5918,37.03487],[74.59414,37.03622],[74.59721,37.0361],[74.5993,37.03721],[74.60225,37.03733],[74.60544,37.04003],[74.60727,37.03964],[74.61085,37.04212],[74.61515,37.04175],[74.6186,37.04446],[74.62437,37.04729],[74.62344,37.05728],[74.62241,37.05982],[74.63003,37.0624],[74.63567,37.06632],[74.64601,37.06953],[74.65027,37.06928],[74.65494,37.06712],[74.65746,37.06813],[74.66585,37.06884],[74.67327,37.07057],[74.67202,37.07424],[74.67263,37.07623],[74.6747,37.08064],[74.6789,37.08239],[74.67983,37.08683],[74.68702,37.08893],[74.69237,37.08891],[74.69484,37.09168],[74.70001,37.0871],[74.70319,37.08627],[74.70463,37.08281],[74.70449,37.07999],[74.70781,37.07476],[74.70821,37.0715],[74.70612,37.06586],[74.71173,37.0613],[74.71906,37.05846],[74.72148,37.05841],[74.72347,37.05601],[74.71812,37.05008],[74.71893,37.04721],[74.71723,37.04005],[74.7186,37.038],[74.72158,37.03615],[74.72438,37.03587],[74.72473,37.03278],[74.72392,37.03156],[74.7279,37.02649],[74.74021,37.0192],[74.74383,37.02211],[74.74701,37.02339],[74.75375,37.02253],[74.76451,37.02676],[74.77046,37.02303],[74.7749,37.02258],[74.77675,37.0255],[74.78131,37.02752],[74.78889,37.02798],[74.7949,37.03121],[74.78993,37.04299],[74.79539,37.04761],[74.79791,37.04833],[74.79899,37.0508],[74.80157,37.05199],[74.80563,37.05319],[74.8149,37.05354],[74.82249,37.0506],[74.8286,37.04937],[74.83144,37.04999],[74.8398,37.05781],[74.84364,37.05575],[74.83964,37.04855],[74.83918,37.04523],[74.84195,37.04139],[74.84368,37.03506],[74.84638,37.03046],[74.84641,37.02618],[74.84543,37.02349],[74.83947,37.02037],[74.83901,37.01583],[74.84444,37.01165],[74.84687,37.00769],[74.85418,37.00617],[74.85525,37.0047],[74.85506,37.00266],[74.85293,37.00075],[74.85858,36.99226],[74.86167,36.98589],[74.86307,36.98476],[74.86531,36.97752],[74.8701,36.97395],[74.87363,36.97013],[74.87647,36.96253],[74.88127,36.96028],[74.88067,36.95181],[74.88571,36.9474],[74.88662,36.94413],[74.88311,36.93605],[74.88547,36.93468],[74.89087,36.93351],[74.89868,36.93462],[74.90163,36.93344],[74.90606,36.92974],[74.91012,36.92974],[74.91344,36.9333],[74.92045,36.93375],[74.92137,36.93582],[74.921,36.93819],[74.91638,36.94441],[74.91619,36.94604],[74.91841,36.94634],[74.92671,36.94501],[74.93188,36.94546],[74.93243,36.94635],[74.93022,36.95005],[74.93003,36.95494],[74.92467,36.95893],[74.92326,36.96207],[74.92104,36.97289],[74.91697,36.97748],[74.91697,36.97851],[74.92879,36.97941],[74.93893,36.98549],[74.94706,36.98816],[74.95149,36.9889],[74.95814,36.98787],[74.96257,36.98876],[74.96645,36.99024],[74.96977,36.99305],[74.97124,36.99542],[74.97365,36.99691],[74.97605,36.9972],[74.97752,36.99646],[74.98159,36.99024],[74.98454,36.9895],[74.9923,36.99098],[74.99525,36.99261],[74.99895,36.99735],[75.00487,37.00124],[75.00986,37.00015],[75.01473,37.00315],[75.01668,37.00713],[75.02129,37.01157],[75.02925,37.01624],[75.03995,37.01468],[75.04328,37.01349],[75.04364,37.00757],[75.04807,37.00475],[75.06045,37.00208],[75.07134,37.00222],[75.07596,37.00414],[75.08048,37.00767],[75.08921,37.00839],[75.09805,37.01066],[75.10565,37.01101],[75.11032,37.00797],[75.11457,37.00678],[75.11494,37.01004],[75.11697,37.01137],[75.12547,37.01254],[75.12769,37.01491],[75.12899,37.0195],[75.13048,37.02113],[75.13769,37.02645],[75.14198,37.02783],[75.14846,37.02505],[75.15142,37.01906],[75.15199,37.01601],[75.15893,37.01505],[75.16253,37.01544],[75.16783,37.01086],[75.16606,37.00453],[75.16463,37.00366],[75.16073,37.00308],[75.15813,36.99984],[75.15767,36.9922],[75.15981,36.98942],[75.16451,36.98691],[75.16896,36.98568],[75.17446,36.98601],[75.17418,36.98396],[75.17556,36.98169],[75.17881,36.97888],[75.19486,36.97316],[75.1992,36.97644],[75.21366,36.97295],[75.21738,36.97296],[75.21572,36.967],[75.21717,36.96558],[75.22689,36.96265],[75.23569,36.95827],[75.24013,36.96112],[75.24461,36.96085],[75.24941,36.96212],[75.25175,36.96423],[75.2551,36.96453],[75.26015,36.96365],[75.26469,36.96706],[75.2674,36.96704],[75.26968,36.97235],[75.27787,36.97198],[75.28217,36.97373],[75.29367,36.97593],[75.30481,36.96886],[75.30791,36.96504],[75.31107,36.96639],[75.31535,36.96968],[75.3201,36.96641],[75.32197,36.96249],[75.3218,36.96048],[75.32626,36.95796],[75.32916,36.95766],[75.33457,36.95849],[75.33743,36.95718],[75.3435,36.95822],[75.35318,36.95721],[75.35616,36.95806],[75.36044,36.95696],[75.3615,36.95519],[75.36403,36.95331],[75.36625,36.95289],[75.36868,36.95005],[75.37565,36.94651],[75.37944,36.94622],[75.38665,36.9475],[75.39463,36.95021],[75.39305,36.95209],[75.39424,36.95448],[75.39814,36.95533],[75.4021,36.95483],[75.40188,36.95331],[75.40535,36.94931],[75.41077,36.94583],[75.40624,36.93697],[75.39878,36.93424],[75.39347,36.9333],[75.38814,36.93001],[75.38805,36.92674],[75.39038,36.92386],[75.38989,36.92032],[75.39117,36.91829],[75.39155,36.91531],[75.38708,36.90727],[75.38687,36.90442],[75.38987,36.90278],[75.39386,36.9023],[75.39709,36.90003],[75.40429,36.89681],[75.40881,36.8922],[75.41117,36.8914],[75.41845,36.89082],[75.42334,36.88724],[75.41959,36.88008],[75.42367,36.87308],[75.42309,36.86824],[75.42506,36.86114],[75.42489,36.85566],[75.42763,36.85032],[75.42942,36.84994],[75.42928,36.84794],[75.42694,36.84535],[75.42756,36.838],[75.42848,36.83601],[75.43161,36.8351],[75.43215,36.83199],[75.42915,36.82573],[75.42503,36.82085],[75.4247,36.80726],[75.42238,36.80168],[75.41985,36.79966],[75.42639,36.79433],[75.42663,36.78963],[75.42334,36.78125],[75.42077,36.77739],[75.41951,36.77271],[75.42027,36.77153],[75.42791,36.7672],[75.4277,36.7644],[75.42927,36.76173],[75.4314,36.76005],[75.43654,36.75958],[75.4353,36.75677],[75.43542,36.75071],[75.43783,36.74761],[75.44336,36.74707],[75.4449,36.74517],[75.44522,36.74119],[75.45112,36.7309],[75.45176,36.72783],[75.45118,36.72489],[75.45347,36.72285],[75.46021,36.72056],[75.46365,36.71818],[75.46844,36.71617],[75.4703,36.71596],[75.47192,36.71744],[75.4718,36.71914],[75.47492,36.72374],[75.47969,36.72486],[75.4827,36.72727],[75.48881,36.72913],[75.49148,36.73468],[75.49662,36.73633],[75.49942,36.73886],[75.50574,36.73422],[75.50924,36.72789],[75.51144,36.72641],[75.51896,36.72295],[75.52618,36.72197],[75.53071,36.7203],[75.53404,36.72115],[75.53794,36.72876],[75.53728,36.7312],[75.53863,36.734],[75.53674,36.73963],[75.53855,36.74302],[75.535,36.74435],[75.5328,36.75138],[75.52978,36.75309],[75.52751,36.75575],[75.52896,36.75757],[75.5327,36.75981],[75.53475,36.7624],[75.53332,36.76598],[75.53384,36.77039],[75.53485,36.77197],[75.54611,36.77004],[75.5528,36.77197],[75.55499,36.77136],[75.55924,36.77179],[75.56882,36.77441],[75.56992,36.77269],[75.56997,36.76831],[75.57237,36.76702],[75.57692,36.76616],[75.58044,36.76775],[75.58542,36.76759],[75.58765,36.76936],[75.59735,36.76771],[75.60185,36.76918],[75.60626,36.76816],[75.6086,36.76863],[75.61154,36.76809],[75.61645,36.76927],[75.6229,36.76875],[75.62723,36.76738],[75.63339,36.7672],[75.63655,36.76829],[75.63836,36.77062],[75.63969,36.76975],[75.64398,36.76898],[75.64695,36.76702],[75.65328,36.76828],[75.65508,36.76673],[75.659,36.76683],[75.66066,36.76533],[75.6648,36.76384],[75.67445,36.76579],[75.6762,36.76221],[75.67938,36.76157],[75.68152,36.76231],[75.69161,36.75784],[75.69172,36.75638],[75.69453,36.75395],[75.6953,36.75146],[75.69873,36.74713],[75.70279,36.7467],[75.70397,36.74748],[75.71185,36.74673],[75.7168,36.74852],[75.71989,36.75231],[75.72796,36.74925],[75.73141,36.74892],[75.73393,36.74599],[75.73562,36.74579],[75.73611,36.74484],[75.74439,36.7408],[75.74706,36.74028],[75.75131,36.73755],[75.75464,36.73144],[75.75693,36.72992],[75.75931,36.72971],[75.76159,36.72638],[75.76409,36.72457],[75.76579,36.72394],[75.77037,36.72399],[75.77331,36.72297],[75.77634,36.72092],[75.77975,36.72025],[75.79127,36.7147],[75.79282,36.71247],[75.799,36.71162],[75.80301,36.7098],[75.80802,36.70161],[75.8087,36.69878],[75.81771,36.6975],[75.82001,36.69546],[75.82628,36.6939],[75.82965,36.68991],[75.83057,36.68619],[75.83198,36.68423],[75.83946,36.68049],[75.84578,36.67515],[75.85117,36.67377],[75.85489,36.67388],[75.86004,36.67227],[75.86834,36.6676],[75.87293,36.65778],[75.87861,36.65047],[75.88273,36.6475],[75.88343,36.64464],[75.88748,36.63924],[75.89376,36.63555],[75.89935,36.63412],[75.90575,36.63368],[75.91383,36.62528],[75.91582,36.62213],[75.92565,36.6139],[75.93311,36.60382],[75.93608,36.60111],[75.94033,36.60082],[75.94493,36.60276],[75.94268,36.59998],[75.93942,36.59783],[75.94096,36.59217],[75.93682,36.58241],[75.93029,36.5761],[75.92626,36.5744],[75.92525,36.57326],[75.92362,36.56955],[75.92328,36.56543],[75.92669,36.56034],[75.93531,36.55973],[75.94242,36.55363],[75.94548,36.54486],[75.95164,36.53763],[75.9638,36.53336],[75.96226,36.52177],[75.96838,36.51245],[75.97503,36.50858],[75.97672,36.50818],[75.98391,36.50988],[75.98549,36.50959],[75.98721,36.50793],[75.98809,36.50394],[75.99033,36.50134],[75.99021,36.49321],[75.99417,36.48601],[75.99818,36.48427],[75.99926,36.48589],[76.00203,36.4866],[76.02587,36.48605],[76.03059,36.48452],[76.04004,36.48344],[76.04257,36.48191],[76.05367,36.4804],[76.05422,36.4795],[76.05614,36.47907],[76.06059,36.47909],[76.06449,36.47775],[76.06923,36.47755],[76.07283,36.47534],[76.07729,36.47427],[76.08456,36.46958],[76.08873,36.46557],[76.08987,36.46558],[76.09525,36.46157],[76.10686,36.451],[76.1251,36.43746],[76.15457,36.4056],[76.17313,36.3903],[76.18053,36.38736],[76.19463,36.38868],[76.19864,36.38745],[76.20737,36.38147],[76.21212,36.37676],[76.21491,36.37565],[76.21938,36.37029],[76.22547,36.36618],[76.23166,36.36049],[76.23417,36.3596],[76.23863,36.35558],[76.24086,36.35493],[76.24366,36.35269],[76.24696,36.35181],[76.24835,36.35046],[76.25113,36.35069],[76.25476,36.34779],[76.26889,36.3472],[76.29214,36.3491],[76.30264,36.35229],[76.32414,36.36179],[76.32824,36.36251],[76.3438,36.36275],[76.35241,36.35987],[76.36079,36.35342],[76.36547,36.35141],[76.36913,36.34762],[76.37605,36.34472],[76.37998,36.33959],[76.39311,36.32863],[76.39726,36.32642],[76.40115,36.32151],[76.40229,36.32151],[76.40424,36.31949],[76.40813,36.31816],[76.41231,36.31504],[76.42173,36.31283],[76.42535,36.31061],[76.42813,36.31017],[76.43034,36.30838],[76.432,36.30816],[76.43407,36.30171],[76.43656,36.28844],[76.44021,36.28305],[76.44553,36.27814],[76.45004,36.26941],[76.44837,36.26628],[76.44508,36.26379],[76.44232,36.2631],[76.4382,36.25882],[76.43572,36.25769],[76.43243,36.25207],[76.43325,36.25116],[76.43713,36.24894],[76.43911,36.24895],[76.44962,36.24495],[76.45408,36.24184],[76.45602,36.2414],[76.45604,36.24048],[76.45713,36.24049],[76.46467,36.23267],[76.48171,36.21141],[76.49332,36.20987],[76.49859,36.20809],[76.50467,36.20723],[76.51175,36.20261],[76.5133,36.20233],[76.51523,36.20028],[76.51911,36.19852],[76.5356,36.19601],[76.54486,36.19276],[76.55376,36.18537],[76.55825,36.17688],[76.56297,36.17307],[76.58098,36.16819],[76.58704,36.16798],[76.59563,36.16573],[76.60116,36.16555],[76.60256,36.166],[76.60393,36.16779],[76.61605,36.17343],[76.61907,36.17612],[76.63307,36.18166],[76.63728,36.18492],[76.64445,36.18403],[76.6481,36.17462],[76.6648,36.15806],[76.68147,36.14553],[76.68479,36.14417],[76.69172,36.13858],[76.69338,36.13835],[76.69618,36.13589],[76.69727,36.1359],[76.70374,36.12886],[76.70645,36.12515],[76.70709,36.12257],[76.70679,36.11391],[76.70873,36.10742],[76.71292,36.09935],[76.71294,36.09686],[76.71686,36.08724],[76.71963,36.08321],[76.72242,36.08096],[76.72408,36.08074],[76.726,36.07848],[76.73957,36.0745],[76.74512,36.07021],[76.772,36.06031],[76.7797,36.05659],[76.78193,36.05458],[76.78415,36.05412],[76.78553,36.05255],[76.80073,36.04899],[76.80185,36.04786],[76.8024,36.04606],[76.79911,36.04181],[76.79884,36.03843],[76.80108,36.03282],[76.8086,36.02047],[76.80776,36.01866],[76.80499,36.01688],[76.78319,36.01571],[76.7777,36.01379],[76.7697,36.00944],[76.75434,35.99008],[76.75298,35.98648],[76.75434,35.98267],[76.742,35.97097],[76.73401,35.96645],[76.73016,35.96287],[76.72909,35.96287],[76.72357,35.95589],[76.72277,35.95343],[76.72692,35.94871],[76.73496,35.94288],[76.7405,35.93481],[76.74669,35.92907],[76.75272,35.92112],[76.75604,35.91843],[76.7577,35.91821],[76.76572,35.90968],[76.77903,35.89868],[76.78568,35.88994],[76.79407,35.86277],[76.79881,35.85581],[76.80156,35.85356],[76.80268,35.85357],[76.80378,35.85041],[76.80681,35.84953],[76.80764,35.84775],[76.81179,35.8448],[76.8151,35.84394],[76.81715,35.84242],[76.82461,35.83974],[76.82672,35.83809],[76.8314,35.8363],[76.83667,35.83541],[76.83859,35.8343],[76.85346,35.83276],[76.85789,35.83116],[76.8637,35.8269],[76.86536,35.82647],[76.87587,35.81525],[76.88473,35.80738],[76.89494,35.79974],[76.90047,35.79751],[76.90958,35.79144],[76.92886,35.78742],[76.93522,35.78406],[76.95891,35.78407],[76.96197,35.78317],[76.96773,35.78316],[76.97353,35.78139],[76.97767,35.78139],[76.98345,35.77933],[76.98925,35.77888],[76.99558,35.77664],[77.00166,35.77621],[77.00443,35.77509],[77.02066,35.77464],[77.0248,35.77598],[77.03332,35.77642],[77.03995,35.77868],[77.04272,35.77868],[77.04409,35.7798],[77.04711,35.78003],[77.04901,35.78138],[77.05262,35.78204],[77.05452,35.78364],[77.05866,35.7843],[77.06087,35.78519],[77.06383,35.7878],[77.06585,35.78834],[77.06719,35.79014],[77.06887,35.79037],[77.07023,35.79218],[77.07408,35.79327],[77.08014,35.79757],[77.09336,35.79598],[77.09997,35.79598],[77.10579,35.79868],[77.11334,35.79847],[77.11567,35.79778],[77.11679,35.79687],[77.11954,35.79641],[77.12257,35.78677],[77.127,35.7827],[77.1361,35.78181],[77.14163,35.77146],[77.14354,35.76968],[77.15376,35.76629],[77.15541,35.76629],[77.15843,35.76807],[77.16423,35.76674],[77.16532,35.76425],[77.16588,35.75864],[77.16316,35.74443],[77.16314,35.74052],[77.16728,35.73458],[77.17532,35.73173],[77.18024,35.73096],[77.18604,35.73141],[77.18822,35.73279],[77.19373,35.73299],[77.20283,35.72757],[77.20723,35.72647],[77.21053,35.72646],[77.21713,35.7287],[77.22102,35.72824],[77.22211,35.72712],[77.22458,35.71498],[77.22598,35.71338],[77.22819,35.71249],[77.23921,35.71271],[77.25571,35.71],[77.26784,35.70909],[77.27086,35.70997],[77.27223,35.71132],[77.27415,35.71785],[77.27755,35.7204],[77.28272,35.71626],[77.28546,35.71107],[77.29319,35.70882],[77.29867,35.70813],[77.3072,35.70206],[77.30969,35.7014],[77.31081,35.70002],[77.3152,35.69913],[77.31657,35.70002],[77.32153,35.7072],[77.325,35.71658],[77.3276,35.71909],[77.33832,35.71953],[77.35844,35.71772],[77.36917,35.70442],[77.37025,35.69903],[77.36972,35.69677],[77.37081,35.69519],[77.37629,35.6934],[77.38209,35.69359],[77.3865,35.68977],[77.38814,35.68572],[77.39328,35.67886],[77.39695,35.66974],[77.40161,35.66253],[77.4041,35.66118],[77.42211,35.66162],[77.42642,35.65978],[77.43104,35.65458],[77.43658,35.64583],[77.43791,35.64109],[77.43351,35.63031],[77.4368,35.62222],[77.43486,35.61905],[77.43156,35.61794],[77.4277,35.61278],[77.42714,35.61054],[77.43897,35.60218],[77.44504,35.60061],[77.45685,35.59361],[77.46454,35.58006],[77.4656,35.57332],[77.46066,35.56322],[77.45981,35.5558],[77.46117,35.54971],[77.46061,35.54771],[77.46338,35.5452],[77.46667,35.54428],[77.46887,35.54204],[77.48369,35.53638],[77.48615,35.53368],[77.4866,35.53201],[77.48369,35.52783],[77.48122,35.52717],[77.47846,35.52492],[77.47541,35.5238],[77.47241,35.52111],[77.46772,35.52204],[77.46194,35.52519],[77.45178,35.52658],[77.44656,35.52499],[77.44023,35.51806],[77.43529,35.51739],[77.43116,35.51872],[77.4287,35.52167],[77.42758,35.52168],[77.42541,35.52394],[77.41935,35.52643],[77.41661,35.5271],[77.41331,35.52667],[77.4089,35.52823],[77.4067,35.52982],[77.39696,35.54164],[77.39188,35.54582],[77.38389,35.54922],[77.38144,35.54922],[77.37839,35.55035],[77.35947,35.54965],[77.34869,35.54772],[77.34539,35.54682],[77.34266,35.54478],[77.33192,35.5412],[77.32669,35.53762],[77.32219,35.53596],[77.32781,35.53454],[77.32955,35.53085],[77.33315,35.52772],[77.33664,35.52598],[77.33858,35.52589],[77.33753,35.52109],[77.33938,35.51983],[77.33971,35.51796],[77.33556,35.51362],[77.33882,35.50886],[77.34179,35.50137],[77.34652,35.49914],[77.35135,35.49544],[77.35644,35.49331],[77.35912,35.4941],[77.36327,35.49977],[77.3705,35.4989],[77.3727,35.49679],[77.37077,35.49353],[77.37052,35.48965],[77.37207,35.48745],[77.37167,35.48664],[77.37356,35.48658],[77.3751,35.48551],[77.37466,35.48369],[77.37766,35.48141],[77.37934,35.47473],[77.38329,35.47316],[77.3865,35.47308],[77.39394,35.47026],[77.39766,35.47179],[77.40766,35.47348],[77.40955,35.47212],[77.4122,35.47234],[77.41774,35.47061],[77.42129,35.47031],[77.4236,35.47103],[77.42835,35.46615],[77.43036,35.46577],[77.43277,35.46663],[77.4363,35.46325],[77.43944,35.46307],[77.44506,35.46142],[77.44798,35.46462],[77.45197,35.46708],[77.45412,35.46717],[77.46155,35.4697],[77.46755,35.47502],[77.48231,35.4804],[77.48607,35.47952],[77.50478,35.48605],[77.5094,35.48471],[77.51259,35.48572],[77.51651,35.48432],[77.51782,35.48571],[77.52056,35.48643],[77.5251,35.48402],[77.53002,35.48529],[77.53117,35.4868],[77.53577,35.48845],[77.53972,35.48721],[77.54262,35.48333],[77.54651,35.48302],[77.551,35.48382],[77.55844,35.48784],[77.56181,35.48631],[77.57239,35.48354],[77.57568,35.47978],[77.57818,35.48073],[77.58247,35.47984],[77.58286,35.47898],[77.58141,35.47631],[77.58194,35.47327],[77.57917,35.47027],[77.58184,35.46868],[77.5909,35.46605],[77.59431,35.46313],[77.59343,35.46573],[77.59443,35.46836],[77.59619,35.46928],[77.60086,35.46944],[77.60481,35.47301],[77.61572,35.46995],[77.62042,35.46668],[77.62952,35.46221],[77.63255,35.46292],[77.63915,35.46614],[77.64217,35.46639],[77.64195,35.46877],[77.63873,35.47155],[77.63863,35.48022],[77.63622,35.48332],[77.639,35.48456],[77.64123,35.48344],[77.64796,35.48389],[77.65239,35.48692],[77.65533,35.48508],[77.66172,35.47689],[77.66498,35.47456],[77.66793,35.46944],[77.67075,35.46882],[77.67095,35.46685],[77.67387,35.46637],[77.67919,35.46347],[77.68187,35.46282],[77.68249,35.45898],[77.68722,35.45402],[77.68655,35.45301],[77.69033,35.4516],[77.69468,35.46139],[77.69711,35.46363],[77.70639,35.4637],[77.70845,35.4614],[77.71461,35.46098],[77.7159,35.46261],[77.71861,35.46129],[77.72324,35.46428],[77.73424,35.46843],[77.73416,35.46979],[77.7286,35.47355],[77.72835,35.47476],[77.73133,35.47806],[77.73178,35.48059],[77.73455,35.48255],[77.73674,35.48681],[77.7394,35.4896],[77.7429,35.49669],[77.74749,35.49576],[77.75017,35.49725],[77.75449,35.49747],[77.75663,35.50222],[77.75922,35.50275],[77.7653,35.50163],[77.76869,35.49951],[77.77991,35.49819],[77.7837,35.50486],[77.79038,35.50581],[77.79252,35.5089],[77.79806,35.50963],[77.80444,35.52026],[77.81456,35.52209],[77.81796,35.5179],[77.82262,35.51418],[77.82315,35.51133],[77.82658,35.50769],[77.82629,35.50576],[77.82794,35.50398],[77.82966,35.50353],[77.83346,35.50543],[77.83744,35.50407],[77.84006,35.50407],[77.84178,35.50081],[77.84314,35.50027],[77.84428,35.49689],[77.85364,35.49067],[77.8601,35.50015],[77.86256,35.50029],[77.86692,35.49821],[77.87658,35.49081],[77.87598,35.48693],[77.87852,35.48294],[77.88219,35.47967],[77.88894,35.47968],[77.89061,35.47659],[77.89349,35.47422],[77.89676,35.47422],[77.90127,35.46615],[77.90304,35.46533],[77.90606,35.46521],[77.90879,35.46282],[77.91099,35.4621],[77.91272,35.46371],[77.91207,35.46528],[77.9136,35.46895],[77.91797,35.47392],[77.91897,35.477],[77.91829,35.478],[77.9215,35.48245],[77.92052,35.48542],[77.91734,35.48834],[77.91822,35.49055],[77.9241,35.49721],[77.92724,35.50219],[77.93123,35.51107],[77.93027,35.51206],[77.93282,35.52059],[77.93666,35.52485],[77.93393,35.52782],[77.93085,35.52815],[77.93111,35.53292],[77.93306,35.53796],[77.92835,35.54126],[77.93075,35.54828],[77.93785,35.55932],[77.9423,35.558],[77.94842,35.55229],[77.95064,35.55206],[77.95315,35.55418],[77.95531,35.55372],[77.95751,35.55582],[77.96286,35.56346],[77.96623,35.56608],[77.96726,35.5682],[77.97429,35.56902],[77.97762,35.57219],[77.98054,35.56782],[77.98835,35.56334],[77.98991,35.56065],[77.99603,35.55923],[77.99789,35.56034],[78.00467,35.56938],[78.00782,35.5689],[78.01226,35.57116],[78.01553,35.56997],[78.01967,35.56697],[78.02096,35.5645],[78.02243,35.56423],[78.03234,35.57233],[78.03202,35.57608],[78.03023,35.57954],[78.02747,35.58192],[78.02795,35.58271],[78.04037,35.58685],[78.04457,35.58532],[78.04559,35.58302],[78.04744,35.58175],[78.04827,35.57825],[78.05362,35.57646],[78.05821,35.57245],[78.06502,35.57258],[78.06814,35.57028],[78.07056,35.56576],[78.07298,35.56436],[78.07661,35.55996],[78.0763,35.55691],[78.07751,35.55449],[78.07528,35.55137],[78.07254,35.54449],[78.08007,35.54042],[78.08519,35.53956],[78.08924,35.53406],[78.09052,35.5334],[78.09502,35.53852],[78.09184,35.54195],[78.09527,35.5472],[78.10307,35.55609],[78.1074,35.55432],[78.10988,35.55123],[78.11288,35.54973],[78.11871,35.55176],[78.12463,35.5477],[78.12972,35.54554],[78.13478,35.54667],[78.13883,35.54966],[78.14272,35.54818],[78.14879,35.5511],[78.15719,35.55095],[78.15906,35.55274],[78.16209,35.56336],[78.16271,35.57438],[78.15802,35.5818],[78.16165,35.58772],[78.16173,35.59293],[78.16421,35.59558],[78.16801,35.5977],[78.17242,35.59814],[78.17552,35.59744],[78.18126,35.60079],[78.18038,35.60662],[78.17626,35.60855],[78.17293,35.61671],[78.17671,35.62095],[78.17989,35.62715],[78.17838,35.62987],[78.18004,35.6344],[78.18745,35.63848],[78.19122,35.63818],[78.19742,35.63984],[78.19243,35.64574],[78.19606,35.64967],[78.19576,35.65239],[78.1944,35.6533],[78.1944,35.65814],[78.1817,35.66736],[78.18593,35.67522],[78.19334,35.67295],[78.19531,35.67129],[78.20453,35.66932],[78.20831,35.66766],[78.20936,35.67401],[78.21435,35.67794],[78.21934,35.6796],[78.21949,35.68474],[78.22373,35.68912],[78.22767,35.6952],[78.22859,35.69804],[78.23239,35.69983],[78.2401,35.70621],[78.24047,35.71006],[78.24313,35.71561],[78.24363,35.72529],[78.25109,35.72828],[78.26076,35.72601],[78.27316,35.72616],[78.28247,35.72391],[78.28669,35.72711],[78.28859,35.72694],[78.2947,35.72408],[78.30189,35.72699],[78.30682,35.7261],[78.30961,35.72343],[78.31798,35.72076],[78.31953,35.72106],[78.32123,35.72389],[78.32501,35.72389],[78.34029,35.71982],[78.34232,35.7199],[78.34681,35.72283],[78.34995,35.72348],[78.35501,35.72286],[78.36537,35.72465],[78.3687,35.72843],[78.37081,35.72888],[78.37459,35.72797],[78.37867,35.72934],[78.38155,35.72934],[78.3887,35.72773],[78.39445,35.73204],[78.40762,35.73089],[78.41465,35.73841],[78.41677,35.74173],[78.41828,35.74657],[78.41904,35.75579],[78.41685,35.76087],[78.41719,35.7624],[78.42113,35.7674],[78.4266,35.77053],[78.43169,35.77218],[78.43838,35.77952],[78.4405,35.78073],[78.44352,35.78028],[78.44549,35.77877],[78.45169,35.77862],[78.4603,35.77499],[78.46182,35.77196],[78.46136,35.76909],[78.46272,35.76441],[78.46817,35.76395],[78.47421,35.76788],[78.47814,35.76879],[78.48253,35.76683],[78.50535,35.77121],[78.51518,35.76955],[78.5182,35.76546],[78.52259,35.76274],[78.52621,35.76244],[78.53559,35.7635],[78.53793,35.76458],[78.53889,35.76774],[78.54541,35.77117],[78.54939,35.77223],[78.55664,35.77264],[78.56049,35.77883],[78.56634,35.78394],[78.57434,35.78674],[78.57543,35.78841],[78.5767,35.79501],[78.5791,35.79832],[78.58133,35.79993],[78.58852,35.80255],[78.59268,35.80507],[78.60161,35.80676],[78.6132,35.8108],[78.61966,35.80839],[78.62793,35.80711],[78.63002,35.81325],[78.63947,35.81568],[78.65149,35.8206],[78.65483,35.82127],[78.65986,35.82941],[78.65866,35.83275],[78.66016,35.83417],[78.66581,35.83661],[78.66545,35.84047],[78.66798,35.84635],[78.67013,35.84928],[78.67605,35.85315],[78.67844,35.85332],[78.68538,35.85104],[78.68991,35.85186],[78.69642,35.85134],[78.70243,35.85459],[78.71605,35.85631],[78.71714,35.8594],[78.72157,35.86351],[78.72282,35.86384],[78.73284,35.86161],[78.74957,35.86028],[78.75827,35.86344],[78.76716,35.86211],[78.77841,35.86666],[78.79472,35.86846],[78.80085,35.87018],[78.80055,35.87465],[78.80189,35.87736],[78.8117,35.88118],[78.81651,35.89049],[78.82772,35.90851],[78.82882,35.91225],[78.82728,35.91951],[78.8286,35.92412],[78.833,35.92896],[78.83607,35.94193],[78.84509,35.94808],[78.84838,35.956],[78.85102,35.96633],[78.85586,35.97424],[78.86267,35.97248],[78.86575,35.97051],[78.87059,35.96919],[78.87564,35.96919],[78.88158,35.96545],[78.88685,35.95864],[78.89653,35.95402],[78.9073,35.9516],[78.91411,35.9527],[78.92005,35.95006],[78.92642,35.94523],[78.94071,35.9494],[78.94467,35.94611],[78.94797,35.94479],[78.95478,35.94852],[78.96357,35.93709],[78.96599,35.93533],[78.97238,35.93408],[78.97646,35.93977],[78.98101,35.93322],[78.98842,35.92918],[78.99149,35.92918],[78.99435,35.93314],[78.99699,35.93357],[79.00358,35.9283],[79.00512,35.92808],[79.00688,35.93006],[79.0104,35.93138],[79.0115,35.93116],[79.01458,35.92676],[79.01765,35.925],[79.02579,35.91511],[79.02842,35.91423],[79.03612,35.91775],[79.04008,35.91841],[79.04183,35.9217],[79.04249,35.92786],[79.05722,35.94149],[79.06184,35.94171],[79.07019,35.94457],[79.07305,35.94654],[79.07767,35.94698],[79.08382,35.94457],[79.08668,35.94501],[79.0913,35.94742],[79.09877,35.94523],[79.10712,35.94545],[79.11262,35.94676],[79.11855,35.94413],[79.12339,35.94479],[79.13064,35.94237],[79.13614,35.94457],[79.14515,35.94479],[79.15593,35.94347],[79.1645,35.94479],[79.17065,35.93973],[79.18165,35.93643],[79.18626,35.93314],[79.19132,35.93226],[79.19681,35.93336],[79.20187,35.93226],[79.21506,35.93138],[79.22539,35.9283],[79.2399,35.9305],[79.26958,35.92742],[79.28255,35.93401],[79.29442,35.93863],[79.29749,35.94083],[79.30453,35.9516],[79.30805,35.95446],[79.3131,35.95688],[79.32058,35.9571],[79.32541,35.95842],[79.33311,35.96281],[79.33838,35.96347],[79.33926,35.96853],[79.33728,35.97139],[79.33618,35.97666],[79.3386,35.9793],[79.34036,35.9837],[79.34344,35.98787],[79.35047,35.98611],[79.36674,35.98567],[79.37465,35.98304],[79.38059,35.97996],[79.39202,35.97622],[79.40697,35.97336],[79.41466,35.97512],[79.43692,35.97223],[79.44173,35.96832],[79.44458,35.96531],[79.43962,35.95449],[79.43962,35.95179],[79.44128,35.94863],[79.43962,35.94307],[79.43962,35.9342],[79.44473,35.93164],[79.44973,35.92751],[79.45633,35.92409],[79.4606,35.91561],[79.46383,35.91412],[79.46433,35.90519],[79.46837,35.90034],[79.46458,35.89466],[79.46443,35.88865],[79.45932,35.8879],[79.45225,35.88279],[79.45556,35.87587],[79.45646,35.87196],[79.47171,35.85864],[79.47807,35.85542],[79.4829,35.85562],[79.48483,35.85212],[79.4889,35.84922],[79.49385,35.84882],[79.50133,35.84652],[79.50954,35.8495],[79.51734,35.85032],[79.5205,35.85257],[79.52275,35.86159],[79.52531,35.8658],[79.53027,35.86745],[79.53809,35.8679],[79.54064,35.87437],[79.54365,35.87617],[79.54621,35.88107],[79.55004,35.88133],[79.55784,35.88036],[79.56109,35.88581],[79.56089,35.8927],[79.56317,35.89679],[79.56641,35.89822],[79.57213,35.89653],[79.57336,35.89211],[79.58421,35.88321],[79.58843,35.87698],[79.58739,35.87263],[79.58161,35.86529],[79.58291,35.85769],[79.57147,35.84929],[79.57281,35.84558],[79.56785,35.83897],[79.56427,35.82979],[79.57,35.82362],[79.57152,35.81978],[79.57191,35.81266],[79.57341,35.8101],[79.57582,35.80995],[79.57762,35.81025],[79.58408,35.81491],[79.58679,35.81567],[79.58841,35.81496],[79.58821,35.81159],[79.58449,35.79968],[79.58532,35.79741],[79.59254,35.78888],[79.60238,35.78792],[79.60569,35.78585],[79.60982,35.78716],[79.61787,35.78461],[79.62248,35.78124],[79.62957,35.77821],[79.63493,35.77745],[79.63858,35.77773],[79.63672,35.77133],[79.62938,35.76708],[79.634,35.75862],[79.63938,35.75492],[79.64264,35.75104],[79.63411,35.74158],[79.64512,35.72389],[79.64776,35.72327],[79.6535,35.72436],[79.6549,35.72033],[79.65971,35.71994],[79.66459,35.71854],[79.66506,35.71405],[79.67033,35.70342],[79.67429,35.70109],[79.67863,35.70024],[79.67894,35.69559],[79.67754,35.69109],[79.67793,35.68651],[79.67677,35.67783],[79.67941,35.67069],[79.68088,35.66829],[79.68654,35.66355],[79.69312,35.66664],[79.69601,35.66603],[79.69824,35.66345],[79.7019,35.65526],[79.70252,35.64665],[79.70428,35.63905],[79.70954,35.63754],[79.71255,35.63814],[79.71811,35.63619],[79.72111,35.63604],[79.72277,35.63679],[79.72442,35.6395],[79.72607,35.64055],[79.73401,35.64277],[79.74279,35.63774],[79.745,35.63731],[79.75243,35.63246],[79.7574,35.63289],[79.7611,35.63213],[79.76321,35.62867],[79.77147,35.62567],[79.78756,35.62371],[79.78906,35.62416],[79.79162,35.62792],[79.79477,35.62942],[79.79628,35.62942],[79.80094,35.62386],[79.80424,35.62356],[79.8089,35.62476],[79.81236,35.62657],[79.81684,35.62697],[79.82237,35.62251],[79.82507,35.61903],[79.82793,35.61224],[79.83416,35.60733],[79.83581,35.60357],[79.83927,35.60161],[79.83882,35.5929],[79.83671,35.58628],[79.83867,35.58237],[79.84333,35.57997],[79.84573,35.57456],[79.8555,35.57501],[79.86077,35.57666],[79.86257,35.58012],[79.86528,35.58192],[79.86693,35.58433],[79.86573,35.59229],[79.86618,35.59515],[79.86903,35.59831],[79.87129,35.59876],[79.87655,35.59771],[79.88001,35.59861],[79.88512,35.60161],[79.88948,35.60146],[79.89444,35.60357],[79.90714,35.60044],[79.90912,35.6006],[79.92096,35.60471],[79.92443,35.61615],[79.92459,35.62065],[79.93296,35.62278],[79.93501,35.62263],[79.93801,35.62097],[79.94503,35.62673],[79.94993,35.63249],[79.95419,35.63391],[79.95758,35.63281],[79.95845,35.62949],[79.95806,35.62428],[79.95482,35.61828],[79.95459,35.61623],[79.95972,35.61402],[79.96382,35.61442],[79.97187,35.60842],[79.97393,35.6055],[79.97898,35.60597],[79.98166,35.60747],[79.99113,35.60305],[79.99721,35.60305],[79.99895,35.60242],[80.00029,35.59894],[80.00108,35.59247],[79.99532,35.5841],[79.99295,35.58229],[79.99066,35.58213],[79.98482,35.57937],[79.97819,35.57897],[79.97369,35.58055],[79.97101,35.58039],[79.96785,35.57834],[79.96532,35.57471],[79.96437,35.56405],[79.96632,35.55357],[79.96818,35.55182],[79.97322,35.55011],[79.97535,35.54829],[79.9783,35.5488],[79.98113,35.54286],[79.98234,35.53311],[79.98377,35.53097],[79.99305,35.52549],[79.99471,35.52311],[79.99543,35.51669],[79.99424,35.51383],[79.994,35.50979],[79.99995,35.50289],[80.00185,35.49884],[80.00352,35.49741],[80.00685,35.49623],[80.01351,35.47981],[80.01684,35.46577],[80.02589,35.45792],[80.03398,35.44697],[80.03398,35.44126],[80.03493,35.43864],[80.04326,35.43412],[80.04992,35.42722],[80.05492,35.42341],[80.05872,35.42246],[80.06277,35.42532],[80.06467,35.42532],[80.07229,35.42318],[80.07728,35.43031],[80.07966,35.43174],[80.08799,35.43246],[80.08847,35.43817],[80.081,35.45041],[80.08534,35.45513],[80.09285,35.45668],[80.09577,35.45836],[80.10124,35.46773],[80.10786,35.47671],[80.11,35.47838],[80.12023,35.47743],[80.12713,35.47838],[80.13661,35.485],[80.1387,35.48755],[80.14195,35.49799],[80.16074,35.50224],[80.16801,35.5026],[80.16814,35.50698],[80.1774,35.5088],[80.18259,35.50885],[80.17749,35.51886],[80.17153,35.52712],[80.17153,35.53721],[80.16863,35.54081],[80.16597,35.54661],[80.1662,35.55276],[80.16782,35.55543],[80.1713,35.55717],[80.17768,35.55821],[80.18163,35.5603],[80.18801,35.56204],[80.19056,35.56482],[80.19265,35.56946],[80.19938,35.57144],[80.20541,35.57515],[80.20713,35.5755],[80.20987,35.57264],[80.21335,35.57114],[80.2134,35.56794],[80.21424,35.56666],[80.21828,35.56399],[80.21872,35.56186],[80.22489,35.55482],[80.22674,35.55524],[80.23299,35.55966],[80.2356,35.55913],[80.24191,35.55476],[80.25,35.55686],[80.25599,35.56374],[80.26045,35.56619],[80.26339,35.56907],[80.26886,35.56622],[80.27394,35.55758],[80.27389,35.55555],[80.27819,35.55271],[80.28097,35.55281],[80.28902,35.55696],[80.29861,35.55565],[80.30449,35.54563],[80.30396,35.54206],[80.29967,35.53669],[80.30147,35.53496],[80.30224,35.53278],[80.31156,35.53066],[80.31718,35.52775],[80.31937,35.52785],[80.32175,35.52909],[80.32395,35.53337],[80.32764,35.53488],[80.3323,35.53278],[80.33806,35.5318],[80.34122,35.52889],[80.34423,35.51608],[80.35352,35.50632],[80.3601,35.50509],[80.36728,35.50517],[80.37341,35.50089],[80.38274,35.50159],[80.38732,35.49736],[80.3926,35.49894],[80.39698,35.49888],[80.39963,35.49991],[80.40302,35.4992],[80.40359,35.49583],[80.41215,35.48422],[80.41677,35.48284],[80.41511,35.48005],[80.41235,35.47859],[80.411,35.47682],[80.41117,35.47254],[80.41402,35.47155],[80.41455,35.46935],[80.41355,35.46615],[80.41857,35.46473],[80.41848,35.4607],[80.4213,35.45824],[80.42068,35.45629],[80.4232,35.45192],[80.42916,35.44978],[80.41776,35.43715],[80.4149,35.43528],[80.41259,35.43076],[80.41193,35.42603],[80.40862,35.42405],[80.40543,35.42328],[80.39497,35.41469],[80.38683,35.40555],[80.37692,35.39234],[80.36899,35.38794],[80.36073,35.38673],[80.35149,35.38893],[80.34675,35.39102],[80.33453,35.38266],[80.32771,35.37891],[80.31978,35.37737],[80.31461,35.37231],[80.31087,35.37],[80.3014,35.36956],[80.29876,35.36845],[80.29259,35.36042],[80.28786,35.35778],[80.28168,35.34308],[80.28001,35.33499],[80.27644,35.32833],[80.27716,35.3162],[80.27478,35.31144],[80.27502,35.30501],[80.27359,35.30049],[80.26907,35.29859],[80.26621,35.29645],[80.27097,35.2924],[80.2724,35.28931],[80.27716,35.28645],[80.28691,35.27456],[80.2912,35.27313],[80.29429,35.26789],[80.29239,35.26361],[80.29191,35.25766],[80.28549,35.23292],[80.2774,35.22697],[80.27454,35.21673],[80.28525,35.21126],[80.28388,35.20397],[80.28001,35.20317],[80.26431,35.20484],[80.25633,35.20418],[80.25418,35.19941],[80.25384,35.19436],[80.2468,35.18566],[80.23127,35.18153],[80.22234,35.17802],[80.22543,35.17023],[80.2238,35.1656],[80.22433,35.16296],[80.23444,35.15795],[80.23745,35.15437],[80.23496,35.14883],[80.22981,35.14855],[80.22474,35.143],[80.22148,35.14226],[80.21624,35.13916],[80.21125,35.12822],[80.20791,35.12394],[80.19673,35.12203],[80.19367,35.11843],[80.19649,35.11347],[80.21737,35.00259],[80.21608,34.9927],[80.21956,34.99151],[80.22927,34.99105],[80.23358,34.98959],[80.23193,34.98455],[80.22964,34.98245],[80.22625,34.98171],[80.22488,34.98041],[80.22559,34.97422],[80.22664,34.97247],[80.22489,34.97041],[80.2227,34.96967],[80.21776,34.96495],[80.21278,34.96294],[80.21159,34.96132],[80.20451,34.95992],[80.19752,34.96062],[80.19682,34.95909],[80.19336,34.9587],[80.19249,34.95752],[80.19219,34.95242],[80.18626,34.94649],[80.18696,34.94409],[80.18866,34.94211],[80.1912,34.94112],[80.19389,34.93448],[80.19572,34.93349],[80.19601,34.93052],[80.19728,34.92826],[80.19996,34.92685],[80.2035,34.92063],[80.20604,34.91144],[80.2035,34.90579],[80.20223,34.89858],[80.20505,34.89124],[80.197,34.88714],[80.16746,34.88007],[80.16817,34.87287],[80.1654,34.87132],[80.16041,34.87084],[80.15708,34.86846],[80.1478,34.86727],[80.13685,34.86894],[80.13614,34.85514],[80.13328,34.85062],[80.12592,34.84454],[80.12412,34.84144],[80.12046,34.83771],[80.123,34.83577],[80.12012,34.83109],[80.11848,34.8298],[80.11444,34.82924],[80.11182,34.8263],[80.11301,34.82416],[80.11349,34.82011],[80.11042,34.80443],[80.1068,34.79767],[80.10299,34.78653],[80.10061,34.78482],[80.09947,34.78187],[80.10032,34.77758],[80.09899,34.77454],[80.09109,34.76854],[80.08376,34.76882],[80.07805,34.77082],[80.07224,34.76863],[80.06691,34.76226],[80.06863,34.75978],[80.06843,34.75721],[80.07135,34.75208],[80.07272,34.74664],[80.07683,34.74239],[80.0772,34.73636],[80.07921,34.73344],[80.07748,34.72437],[80.0791,34.72151],[80.07938,34.71723],[80.07605,34.70828],[80.07415,34.70581],[80.06796,34.70533],[80.06153,34.70386],[80.05831,34.7025],[80.04561,34.69978],[80.04153,34.69755],[80.0279,34.69655],[80.01873,34.69504],[80.01528,34.69368],[80.00324,34.69447],[79.99478,34.69203],[79.98933,34.69232],[79.98165,34.69719],[79.97219,34.6997],[79.96968,34.69877],[79.96803,34.69691],[79.96645,34.69404],[79.96588,34.69017],[79.96423,34.68759],[79.95878,34.68364],[79.95154,34.67375],[79.94379,34.67611],[79.94143,34.67848],[79.93777,34.68608],[79.93239,34.69189],[79.92881,34.69275],[79.92522,34.69268],[79.91784,34.68823],[79.90601,34.69562],[79.89848,34.69619],[79.88234,34.68794],[79.87446,34.68543],[79.86442,34.68049],[79.8561,34.67504],[79.84864,34.67224],[79.84527,34.66901],[79.84269,34.66048],[79.83825,34.65912],[79.83523,34.65596],[79.82971,34.64607],[79.82591,34.6455],[79.82312,34.64277],[79.81587,34.64169],[79.80713,34.63603],[79.80046,34.62907],[79.78655,34.62735],[79.78569,34.6252],[79.7882,34.61595],[79.78784,34.61208],[79.78583,34.60864],[79.78702,34.60597],[79.80181,34.58926],[79.80062,34.58366],[79.79155,34.57745],[79.78881,34.57435],[79.78748,34.57006],[79.78825,34.56402],[79.79523,34.55637],[79.80205,34.55179],[79.80663,34.54527],[79.80884,34.54455],[79.81074,34.54026],[79.81145,34.53408],[79.80907,34.52242],[79.80884,34.51718],[79.80551,34.51314],[79.80265,34.50362],[79.79861,34.49601],[79.7967,34.49006],[79.79671,34.48222],[79.77862,34.47911],[79.77624,34.47816],[79.76553,34.47055],[79.75958,34.47031],[79.75554,34.47221],[79.75268,34.47768],[79.74578,34.47673],[79.74031,34.47768],[79.73745,34.47507],[79.72163,34.47174],[79.71639,34.4753],[79.71449,34.4784],[79.70997,34.48173],[79.70331,34.48625],[79.70188,34.48601],[79.69403,34.47816],[79.68499,34.47673],[79.68546,34.4715],[79.68237,34.46674],[79.68094,34.46174],[79.67356,34.4546],[79.67095,34.45555],[79.66643,34.45365],[79.66095,34.45341],[79.65619,34.45151],[79.6531,34.45389],[79.64882,34.45413],[79.64549,34.45627],[79.63882,34.45389],[79.6305,34.4527],[79.62883,34.45008],[79.62336,34.44984],[79.61265,34.45532],[79.6048,34.46531],[79.60052,34.46626],[79.5929,34.4665],[79.58909,34.46293],[79.58505,34.46079],[79.57732,34.46012],[79.57577,34.45864],[79.56313,34.45794],[79.56112,34.45841],[79.55809,34.46081],[79.55608,34.46516],[79.55166,34.46733],[79.54793,34.47493],[79.54429,34.47795],[79.53816,34.47888],[79.53382,34.46958],[79.52552,34.46074],[79.51777,34.45864],[79.5125,34.45632],[79.50885,34.45368],[79.50916,34.4512],[79.51529,34.44941],[79.52273,34.44467],[79.52963,34.44372],[79.53059,34.44264],[79.53082,34.42917],[79.52878,34.42623],[79.52923,34.42317],[79.53625,34.41593],[79.53761,34.41208],[79.5341,34.40879],[79.53478,34.40075],[79.53874,34.39781],[79.54169,34.39374],[79.54259,34.3883],[79.54644,34.38241],[79.55142,34.37777],[79.5572,34.37415],[79.55902,34.37162],[79.55878,34.36448],[79.56235,34.35806],[79.56306,34.34688],[79.56758,34.33307],[79.57306,34.33093],[79.57401,34.32498],[79.57329,34.32142],[79.57472,34.31904],[79.579,34.31618],[79.584,34.3157],[79.58591,34.31142],[79.59292,34.31101],[79.59864,34.30965],[79.60135,34.30849],[79.60281,34.30655],[79.60339,34.3017],[79.60513,34.29822],[79.60765,34.28755],[79.61008,34.28416],[79.60746,34.27195],[79.60891,34.25954],[79.61105,34.25421],[79.60795,34.24549],[79.60736,34.23822],[79.60533,34.23735],[79.60329,34.23745],[79.59066,34.24161],[79.57603,34.23028],[79.55866,34.20934],[79.55462,34.20887],[79.54843,34.20673],[79.54724,34.20411],[79.54486,34.20292],[79.53677,34.20363],[79.53177,34.2003],[79.52511,34.19816],[79.52059,34.19792],[79.51535,34.19983],[79.50525,34.19772],[79.50037,34.19421],[79.49461,34.19373],[79.49059,34.1909],[79.49751,34.17413],[79.49798,34.16842],[79.49465,34.15462],[79.49584,34.14962],[79.49037,34.1451],[79.49132,34.13415],[79.48966,34.13058],[79.48561,34.12559],[79.47585,34.12035],[79.47014,34.11607],[79.46396,34.11512],[79.43826,34.11654],[79.42755,34.11345],[79.42493,34.11202],[79.42327,34.10607],[79.4216,34.10346],[79.41851,34.10227],[79.41613,34.10013],[79.4178,34.09513],[79.41684,34.08918],[79.41994,34.08442],[79.41946,34.0799],[79.42731,34.07586],[79.42612,34.06824],[79.42708,34.06634],[79.43041,34.06396],[79.43041,34.06134],[79.42946,34.05967],[79.4247,34.05801],[79.41851,34.05444],[79.41803,34.05254],[79.42113,34.04802],[79.42208,34.04468],[79.41661,34.03921],[79.41018,34.03636],[79.40899,34.03302],[79.40447,34.02731],[79.40828,34.02256],[79.40852,34.01328],[79.41018,34.01018],[79.40328,34.00233],[79.39709,33.99924],[79.39067,33.9971],[79.38282,33.99828],[79.37711,34.00066],[79.37103,33.99825],[79.36651,33.99434],[79.36354,33.99567],[79.35879,33.99614],[79.35593,33.99971],[79.35379,34.00043],[79.34641,34.00043],[79.34213,34.00233],[79.3388,34.00519],[79.33666,34.00542],[79.3338,34.00423],[79.33166,34.00447],[79.32119,34.00994],[79.31833,34.01375],[79.31619,34.01494],[79.3112,34.01304],[79.3062,34.00994],[79.30049,34.00852],[79.29692,34.00947],[79.29359,34.01351],[79.29097,34.01494],[79.28931,34.01542],[79.2824,34.01232],[79.27884,34.01232],[79.2736,34.0147],[79.26813,34.01899],[79.2598,34.01922],[79.25457,34.02041],[79.24885,34.02398],[79.24219,34.01756],[79.2341,34.01209],[79.22958,34.01066],[79.2253,34.01066],[79.21673,34.01399],[79.21269,34.01732],[79.2084,34.01637],[79.20507,34.01756],[79.2015,34.02089],[79.1977,34.02184],[79.19389,34.02493],[79.18961,34.02517],[79.17723,34.02375],[79.17105,34.02184],[79.16748,34.01613],[79.16153,34.01232],[79.15082,34.00923],[79.14773,34.00614],[79.14725,33.999],[79.1444,33.99686],[79.13892,33.99448],[79.12845,33.99567],[79.12013,33.99257],[79.1087,33.99019],[79.09942,33.98996],[79.09157,33.99115],[79.05207,34.00257],[79.04898,34.00637],[79.04089,34.00661],[79.02947,34.01042],[79.019,34.01613],[79.00686,34.02731],[79.00306,34.02803],[78.99949,34.03017],[78.9952,34.03683],[78.99235,34.03517],[78.98259,34.03302],[78.97807,34.03017],[78.9707,34.02803],[78.94666,34.02184],[78.93548,34.02041],[78.92953,34.01827],[78.92144,34.0128],[78.91692,34.01066],[78.91168,34.00971],[78.9055,34.00519],[78.90264,34.00162],[78.89693,33.98496],[78.88718,33.97259],[78.88765,33.96997],[78.89194,33.96235],[78.90907,33.94736],[78.92311,33.92547],[78.93096,33.91738],[78.93714,33.91262],[78.94,33.90501],[78.94214,33.89311],[78.94833,33.88431],[78.94952,33.87717],[78.9488,33.86813],[78.94999,33.86337],[78.95618,33.85242],[78.95999,33.83672],[78.96522,33.82125],[78.97141,33.81316],[78.97593,33.80888],[78.98854,33.80008],[78.9933,33.7946],[78.99544,33.78842],[78.99687,33.78009],[79.00044,33.77343],[79.0052,33.77247],[79.01115,33.76914],[79.01305,33.76415],[79.02828,33.75368],[79.02722,33.74596],[79.00965,33.70973],[79.00798,33.69246],[79.01186,33.68521],[79.02185,33.67807],[79.02209,33.67427],[79.03446,33.66985],[79.05574,33.6654],[79.06397,33.66641],[79.0696,33.65748],[79.08253,33.64928],[79.09038,33.63719],[79.09088,33.62927],[79.08514,33.61954],[79.07848,33.61859],[79.07539,33.62073],[79.06254,33.62168],[79.05445,33.62073],[79.04541,33.6212],[79.03446,33.61954],[79.02518,33.61906],[79.01876,33.61311],[79.01186,33.61311],[79.00353,33.6074],[78.98901,33.61026],[78.97735,33.61002],[78.96468,33.61541],[78.94999,33.61763],[78.93809,33.6143],[78.92881,33.62001],[78.91763,33.62168],[78.90771,33.62113],[78.90553,33.60456],[78.89771,33.59871],[78.89596,33.59342],[78.89132,33.59074],[78.89169,33.58675],[78.89038,33.58263],[78.88825,33.5786],[78.88511,33.57622],[78.88836,33.57266],[78.89693,33.56933],[78.90141,33.56668],[78.90975,33.56543],[78.91352,33.55464],[78.91525,33.54792],[78.9143,33.54102],[78.93143,33.48676],[78.93095,33.48058],[78.92905,33.47463],[78.92738,33.45512],[78.92905,33.44489],[78.92738,33.4406],[78.93214,33.42847],[78.93119,33.42514],[78.93405,33.41705],[78.93048,33.41229],[78.93246,33.40574],[78.93807,33.40353],[78.93802,33.39917],[78.94013,33.39588],[78.93988,33.39031],[78.93645,33.38718],[78.93977,33.38329],[78.94011,33.38002],[78.94521,33.37965],[78.94771,33.37829],[78.95406,33.37146],[78.95087,33.36684],[78.95045,33.36432],[78.95576,33.35919],[78.95635,33.35773],[78.95361,33.35563],[78.95794,33.348],[78.95969,33.34755],[78.96073,33.34272],[78.96254,33.33948],[78.97138,33.33528],[78.97664,33.33445],[78.97792,33.32996],[78.98182,33.3267],[78.98631,33.32577],[78.99285,33.32566],[78.99564,33.3247],[79.00151,33.32704],[79.00449,33.32725],[79.01108,33.32345],[79.01681,33.32332],[79.02032,33.32478],[79.02673,33.32035],[79.02678,33.31801],[79.02505,33.31386],[79.02906,33.30783],[79.03358,33.30709],[79.03645,33.30767],[79.03778,33.30541],[79.0322,33.29444],[79.034,33.29213],[79.0385,33.29115],[79.03929,33.28631],[79.03361,33.27842],[79.03515,33.27592],[79.0352,33.27268],[79.03913,33.26907],[79.04514,33.26078],[79.05242,33.26182],[79.05909,33.25589],[79.0708,33.25191],[79.07489,33.24811],[79.07994,33.24492],[79.07458,33.24032],[79.06748,33.23793],[79.06692,33.23671],[79.06684,33.23201],[79.07165,33.22425],[79.07835,33.22119],[79.08464,33.21986],[79.08651,33.21718],[79.09238,33.21407],[79.09437,33.21099],[79.09766,33.21046],[79.09944,33.20764],[79.10319,33.20698],[79.10553,33.20158],[79.10739,33.19975],[79.12437,33.20262],[79.12503,33.20148],[79.13064,33.1997],[79.13385,33.19462],[79.13683,33.19274],[79.13927,33.19274],[79.14283,33.1904],[79.14405,33.18915],[79.14445,33.18641],[79.15197,33.18187],[79.15629,33.17682],[79.16391,33.17348],[79.16518,33.1715],[79.16472,33.16969],[79.16265,33.16733],[79.15555,33.16308],[79.15309,33.16072],[79.15608,33.145],[79.15952,33.13621],[79.15757,33.12866],[79.15056,33.12187],[79.14899,33.11568],[79.14318,33.10567],[79.16064,33.0151],[79.1611,33.0135],[79.16426,33.01298],[79.16858,33.00956],[79.16923,33.00735],[79.16822,33.0035],[79.16937,32.99885],[79.17571,32.99466],[79.17641,32.99335],[79.17639,32.99136],[79.17484,32.98856],[79.17496,32.98575],[79.17939,32.98288],[79.18126,32.98309],[79.18611,32.98704],[79.18905,32.98711],[79.19303,32.98307],[79.20053,32.98059],[79.20226,32.97916],[79.20284,32.97635],[79.2028,32.9729],[79.20163,32.96956],[79.20254,32.96719],[79.21023,32.96603],[79.21533,32.96134],[79.21997,32.96225],[79.22185,32.96363],[79.22402,32.96659],[79.22373,32.96949],[79.22497,32.97095],[79.22835,32.97172],[79.23302,32.9748],[79.2354,32.97508],[79.23901,32.97376],[79.24015,32.97071],[79.24364,32.96664],[79.24361,32.96204],[79.24536,32.96201],[79.24862,32.96446],[79.25378,32.96481],[79.25803,32.96675],[79.26137,32.96653],[79.26363,32.96594],[79.2654,32.96313],[79.26927,32.9628],[79.2738,32.95748],[79.27617,32.95583],[79.28226,32.95406],[79.28384,32.95265],[79.28554,32.94634],[79.28464,32.9402],[79.28556,32.93608],[79.28748,32.93462],[79.29083,32.93368],[79.29459,32.93079],[79.3024,32.92805],[79.30628,32.92793],[79.30752,32.92691],[79.30784,32.92531],[79.30667,32.92325],[79.30218,32.92084],[79.30116,32.91771],[79.30245,32.91369],[79.30218,32.91162],[79.30468,32.90929],[79.31036,32.90633],[79.31381,32.90024],[79.3122,32.89801],[79.30927,32.89617],[79.30667,32.8961],[79.30505,32.8936],[79.30284,32.89224],[79.3024,32.88695],[79.30556,32.88486],[79.31002,32.88494],[79.31453,32.8861],[79.31691,32.88569],[79.32094,32.88287],[79.32179,32.8813],[79.32159,32.87438],[79.32264,32.86989],[79.32902,32.86312],[79.33453,32.85917],[79.34188,32.85216],[79.3468,32.85235],[79.34911,32.85162],[79.35064,32.85002],[79.3518,32.84563],[79.3541,32.84318],[79.36102,32.84058],[79.36136,32.8383],[79.36774,32.83148],[79.36956,32.82811],[79.36915,32.82683],[79.37191,32.81887],[79.37507,32.81547],[79.37655,32.81108],[79.37985,32.80916],[79.38118,32.80652],[79.3873,32.80055],[79.38885,32.79405],[79.39356,32.79038],[79.39787,32.78961],[79.40549,32.78667],[79.407,32.78546],[79.41135,32.77522],[79.4105,32.77015],[79.4148,32.76291],[79.41562,32.75642],[79.42124,32.74973],[79.42385,32.74339],[79.42237,32.74237],[79.41917,32.74426],[79.41624,32.74248],[79.41539,32.74137],[79.41521,32.73569],[79.41738,32.73436],[79.42316,32.73495],[79.42433,32.73366],[79.43102,32.73233],[79.43978,32.72782],[79.44126,32.72364],[79.44278,32.72209],[79.44742,32.71917],[79.45171,32.71788],[79.45387,32.71469],[79.46073,32.70982],[79.45932,32.70352],[79.45623,32.69884],[79.44697,32.69055],[79.43886,32.68684],[79.43647,32.6847],[79.43624,32.68331],[79.43327,32.67953],[79.42956,32.66728],[79.42788,32.66472],[79.42466,32.66216],[79.42445,32.6588],[79.42253,32.65364],[79.41806,32.64875],[79.41384,32.63974],[79.41497,32.63602],[79.41645,32.63448],[79.41618,32.63257],[79.41491,32.63017],[79.40744,32.62221],[79.40349,32.61905],[79.40383,32.61542],[79.40035,32.6103],[79.4006,32.60543],[79.39886,32.60387],[79.40053,32.59734],[79.39975,32.59217],[79.40029,32.58649],[79.39978,32.58542],[79.39828,32.58497],[79.39755,32.58069],[79.40044,32.57415],[79.40047,32.57155],[79.39912,32.57124],[79.39891,32.56741],[79.4004,32.56436],[79.40966,32.55624],[79.40949,32.55377],[79.4119,32.55083],[79.41146,32.54781],[79.41481,32.54227],[79.41366,32.54053],[79.4136,32.53808],[79.41781,32.5335],[79.41797,32.52702],[79.41321,32.52344],[79.41346,32.52023],[79.40901,32.51898],[79.40468,32.52],[79.40314,32.52318],[79.39958,32.52584],[79.39742,32.5259],[79.39385,32.52432],[79.38626,32.52573],[79.3823,32.52754],[79.37832,32.52797],[79.37521,32.52961],[79.37048,32.53049],[79.36727,32.53245],[79.36144,32.53198],[79.35603,32.52655],[79.35217,32.52793],[79.35013,32.52906],[79.348,32.53166],[79.33677,32.53895],[79.33436,32.54177],[79.33374,32.54454],[79.33453,32.54968],[79.33952,32.55236],[79.34001,32.55414],[79.33386,32.5583],[79.33281,32.56285],[79.33118,32.56545],[79.32637,32.56364],[79.32482,32.56067],[79.32161,32.559],[79.31683,32.55839],[79.31115,32.56011],[79.30785,32.55667],[79.30818,32.55116],[79.30423,32.55002],[79.30339,32.54828],[79.29913,32.54544],[79.29791,32.54239],[79.29345,32.53956],[79.29246,32.53941],[79.29057,32.5424],[79.28293,32.54624],[79.28243,32.54723],[79.28348,32.55005],[79.27604,32.556],[79.27276,32.54875],[79.26921,32.54513],[79.26745,32.53859],[79.26221,32.53607],[79.25948,32.5364],[79.25786,32.53753],[79.25619,32.5362],[79.2543,32.53334],[79.25364,32.52846],[79.25111,32.52677],[79.25101,32.52451],[79.25257,32.52142],[79.24958,32.51903],[79.24815,32.5167],[79.24174,32.51723],[79.23181,32.51939],[79.22337,32.52471],[79.22072,32.52245],[79.22171,32.51009],[79.22091,32.50959],[79.21773,32.50963],[79.21112,32.51142],[79.20713,32.50992],[79.2045,32.51032],[79.20239,32.51169],[79.20048,32.51437],[79.19668,32.5138],[79.18829,32.51588],[79.18752,32.51442],[79.18378,32.51252],[79.18271,32.5108],[79.18327,32.50557],[79.18124,32.50334],[79.18397,32.49783],[79.1643,32.49424],[79.15955,32.4968],[79.15556,32.49454],[79.15463,32.49165],[79.15081,32.48816],[79.15058,32.47946],[79.14915,32.47686],[79.14613,32.4773],[79.13882,32.48009],[79.13155,32.48095],[79.12925,32.4766],[79.13214,32.47099],[79.13204,32.46946],[79.12819,32.46627],[79.12773,32.46135],[79.11955,32.45886],[79.11955,32.4557],[79.11753,32.45448],[79.11945,32.44936],[79.12112,32.44767],[79.11793,32.44212],[79.11726,32.43793],[79.12221,32.43481],[79.12284,32.42929],[79.12643,32.42165],[79.12513,32.4191],[79.11803,32.41783],[79.11434,32.4183],[79.11211,32.41441],[79.11301,32.41169],[79.10786,32.40943],[79.10544,32.40747],[79.10593,32.40508],[79.10387,32.40106],[79.10394,32.39953],[79.10032,32.39707],[79.10012,32.39495],[79.10451,32.39083],[79.10444,32.38943],[79.10158,32.38661],[79.10304,32.37807],[79.10457,32.37681],[79.10467,32.37501],[79.10015,32.37063],[79.09766,32.37006],[79.09281,32.37113],[79.09075,32.37239],[79.08683,32.37239],[79.0857,32.37478],[79.08324,32.37661],[79.08135,32.3795],[79.0758,32.38119],[79.07212,32.38375],[79.06039,32.38714],[79.05786,32.38704],[79.04288,32.38239],[79.03652,32.38314],[79.02968,32.38006],[79.0228,32.38331],[79.0136,32.38122],[78.99018,32.37082],[78.98752,32.36723],[78.97583,32.34282],[78.97231,32.33773],[78.96829,32.33574],[78.96294,32.3385],[78.96041,32.34129],[78.95752,32.34245],[78.95593,32.34544],[78.95281,32.3483],[78.94736,32.35002],[78.9458,32.35208],[78.93962,32.35481],[78.93932,32.3576],[78.93736,32.35913],[78.93231,32.35959],[78.92962,32.36335],[78.92567,32.36381],[78.92125,32.36587],[78.91391,32.3679],[78.91098,32.37112],[78.90753,32.37251],[78.90584,32.37856],[78.90198,32.38099],[78.90215,32.38637],[78.9055,32.38932],[78.90218,32.39461],[78.8955,32.3949],[78.89497,32.39776],[78.89235,32.40052],[78.88557,32.39836],[78.88198,32.39819],[78.87667,32.40188],[78.87178,32.41002],[78.86863,32.41351],[78.86086,32.41311],[78.85637,32.41464],[78.85454,32.41444],[78.85169,32.41271],[78.84936,32.41331],[78.84753,32.41291],[78.84358,32.41055],[78.8386,32.41271],[78.83338,32.41756],[78.83372,32.42374],[78.83219,32.42789],[78.82408,32.42872],[78.81903,32.43171],[78.81687,32.43175],[78.81312,32.43397],[78.8087,32.43826],[78.80764,32.44105],[78.80671,32.44151],[78.80584,32.44978],[78.80229,32.4555],[78.80222,32.45872],[78.79784,32.4644],[78.79837,32.46878],[78.79634,32.47158],[78.79571,32.47493],[78.79236,32.47636],[78.77937,32.47902],[78.78129,32.48167],[78.78179,32.48573],[78.78016,32.48769],[78.7788,32.49579],[78.77761,32.49735],[78.78006,32.50327],[78.77794,32.51127],[78.78083,32.51566],[78.77013,32.52483],[78.77047,32.52798],[78.76841,32.53057],[78.76834,32.53459],[78.76734,32.53675],[78.77103,32.53888],[78.76721,32.54516],[78.76399,32.54768],[78.75997,32.55685],[78.7615,32.55811],[78.76126,32.55977],[78.75837,32.56396],[78.75748,32.56718],[78.7601,32.57187],[78.76193,32.57944],[78.76459,32.57911],[78.7703,32.58127],[78.77438,32.58542],[78.77429,32.58907],[78.77502,32.59133],[78.77714,32.59259],[78.77837,32.59937],[78.77781,32.60837],[78.7796,32.60924],[78.78136,32.61631],[78.77392,32.6191],[78.77047,32.63043],[78.76847,32.63123],[78.76608,32.63399],[78.76266,32.63488],[78.75171,32.64089],[78.75178,32.64615],[78.74747,32.6496],[78.74333,32.65493],[78.74214,32.65529],[78.7405,32.66285],[78.74382,32.66696],[78.74359,32.67149],[78.74596,32.68069],[78.74987,32.68658],[78.74813,32.69075],[78.74274,32.69282],[78.7395,32.69574],[78.73682,32.69397],[78.73452,32.68766],[78.73153,32.68516],[78.72305,32.67425],[78.71598,32.67205],[78.71048,32.66812],[78.70362,32.66788],[78.69526,32.66428],[78.68987,32.66326],[78.68513,32.66017],[78.6669,32.65669],[78.65191,32.65153],[78.64897,32.65146],[78.64481,32.64814],[78.64239,32.64497],[78.63841,32.64456],[78.63411,32.64537],[78.63142,32.6396],[78.63104,32.63564],[78.63543,32.63063],[78.63666,32.62374],[78.64059,32.6152],[78.64102,32.60972],[78.63243,32.60511],[78.62901,32.60379],[78.62236,32.60311],[78.61605,32.60363],[78.60582,32.60061],[78.59821,32.60029],[78.59585,32.60186],[78.59579,32.60578],[78.59409,32.6081],[78.5819,32.61701],[78.57923,32.6223],[78.57644,32.62401],[78.57311,32.62447],[78.57055,32.62387],[78.56928,32.61575],[78.56343,32.61585],[78.56126,32.62168],[78.55838,32.62264],[78.55616,32.61707],[78.54638,32.6178],[78.54597,32.61355],[78.54305,32.61416],[78.54141,32.61209],[78.53165,32.61323],[78.52847,32.6126],[78.5285,32.61187],[78.52745,32.61168],[78.52633,32.61518],[78.5268,32.61905],[78.52513,32.62021],[78.52304,32.61392],[78.51986,32.61492],[78.51817,32.61413],[78.51609,32.61458],[78.51508,32.61092],[78.51747,32.60889],[78.5181,32.60603],[78.5172,32.60221],[78.51648,32.60093],[78.51361,32.6008],[78.51285,32.59994],[78.5068,32.59269],[78.50527,32.58896],[78.50095,32.5836],[78.49785,32.58312],[78.49235,32.58523],[78.48869,32.58179],[78.48515,32.58043],[78.48286,32.57747],[78.47913,32.57629],[78.47469,32.5765],[78.46659,32.58129],[78.46387,32.57966],[78.45377,32.58134],[78.45176,32.57631],[78.44867,32.57397],[78.43418,32.5724],[78.42997,32.56997],[78.42001,32.56934],[78.41465,32.56609],[78.41294,32.55991],[78.40728,32.55386],[78.40618,32.54648],[78.40226,32.54505],[78.39294,32.53956],[78.39232,32.53803],[78.39606,32.52937],[78.39991,32.52709],[78.40773,32.5255],[78.41087,32.52272],[78.41026,32.51816],[78.417,32.51645],[78.42266,32.50945],[78.42892,32.50366],[78.42628,32.50087],[78.42739,32.49718],[78.43108,32.49157],[78.43904,32.48557],[78.44042,32.47983],[78.44574,32.47578],[78.4513,32.47469],[78.45497,32.47132],[78.45514,32.46851],[78.4502,32.461],[78.45507,32.45694],[78.46105,32.45583],[78.46227,32.45494],[78.4617,32.44988],[78.46261,32.44755],[78.46547,32.44482],[78.47243,32.44343],[78.47146,32.43952],[78.47211,32.43535],[78.47146,32.42607],[78.4698,32.42223],[78.46986,32.41865],[78.47282,32.41194],[78.47107,32.40993],[78.47107,32.40381],[78.4701,32.40272],[78.47093,32.3971],[78.46838,32.39388],[78.46575,32.39385],[78.45748,32.39169],[78.45615,32.38936],[78.45446,32.38821],[78.45435,32.38646],[78.45736,32.38032],[78.46516,32.37426],[78.46942,32.36492],[78.47409,32.36465],[78.48098,32.36648],[78.48523,32.35895],[78.48567,32.35611],[78.48413,32.35551],[78.47962,32.34981],[78.48201,32.34746],[78.48092,32.3431],[78.47804,32.3404],[78.47809,32.33783],[78.47594,32.33233],[78.4777,32.33039],[78.47702,32.32793],[78.47881,32.32509],[78.48665,32.32393],[78.48944,32.32475],[78.49351,32.3234],[78.49736,32.32456],[78.49912,32.32174],[78.50236,32.31924],[78.5038,32.30978],[78.51038,32.30306],[78.50411,32.29696],[78.49916,32.29502],[78.49935,32.29218],[78.49683,32.28606],[78.49303,32.2832],[78.49178,32.28007],[78.48856,32.27659],[78.48836,32.27564],[78.49131,32.27392]],[[88.93024,26.3028],[88.93024,26.30618],[88.92827,26.30957],[88.92542,26.31303],[88.92278,26.31493],[88.9261,26.31605],[88.92488,26.31889],[88.92344,26.31808],[88.91836,26.3256],[88.92216,26.32601],[88.92378,26.32703],[88.92236,26.3294],[88.92134,26.32926],[88.921,26.33509],[88.92704,26.33523],[88.92735,26.33165],[88.93835,26.33501],[88.94172,26.33078],[88.9423,26.32588],[88.94214,26.32309],[88.93822,26.32289],[88.93545,26.32056],[88.93753,26.31302],[88.94895,26.31841],[88.94987,26.3167],[88.95169,26.31661],[88.95369,26.30938],[88.95639,26.30913],[88.95631,26.30839],[88.95324,26.30792],[88.95335,26.30365],[88.95629,26.30496],[88.95962,26.30398],[88.95967,26.30504],[88.96238,26.30543],[88.96258,26.30398],[88.96386,26.30413],[88.96417,26.30344],[88.96415,26.30018],[88.96107,26.29991],[88.96079,26.29504],[88.9654,26.29536],[88.96581,26.29602],[88.96772,26.29625],[88.96759,26.29736],[88.9686,26.29725],[88.96966,26.29485],[88.97351,26.29514],[88.97357,26.29575],[88.97573,26.29538],[88.97604,26.29794],[88.97727,26.29847],[88.97743,26.29968],[88.97946,26.29919],[88.97954,26.30122],[88.98292,26.30119],[88.985,26.2956],[88.98273,26.29417],[88.98274,26.29313],[88.98381,26.29291],[88.98147,26.28303],[88.97516,26.28417],[88.97334,26.28195],[88.97396,26.28152],[88.97246,26.27831],[88.96236,26.27755],[88.95355,26.27484],[88.95259,26.27511],[88.94554,26.28114],[88.9433,26.28663],[88.94208,26.28649],[88.93327,26.29259],[88.92846,26.29198],[88.92439,26.29483],[88.92338,26.29632],[88.92488,26.30076],[88.9261,26.30198],[88.93024,26.3028]]]}}]}